action,why,wn_obs,lambda_A,low_id,upp_id,obs_intens,calc_intens,grade,new,revised_level,was_accepted_last_round,reason
ADD,"accepted now, absent from LOPT input, not proposed last round",12493.1929,8004.359,059003.000337,059003.000481,362.32,2.38,2E,1,,no,Step1 Accepted New: Ic stat significant & compatible with Iobs (asym: Ic too weak)
ADD,"accepted now, absent from LOPT input, not proposed last round",13044.1198,7666.29,059003.000338,059003.000400,330.57,165.83,2B,1,,no,Step1 Accepted New: Ic stat significant & compatible with Iobs (asym: Ic too weak)
ADD,"accepted now, absent from LOPT input, not proposed last round",20733.358,4823.145,059003.000400,059003.000610,107.14,257.26,2B,1,,no,Step1 Accepted New: Ic stat significant & compatible with Iobs (asym: Ic too strong)
ADD,"accepted now, absent from LOPT input, not proposed last round",22950.2839,4357.245,059003.000189,059003.000269,42.99,87.29,2B,1,,no,Step1 Accepted New: Ic stat significant & compatible with Iobs (asym: Ic too strong)
ADD,"accepted now, absent from LOPT input, not proposed last round",23081.7787,4332.422,059003.000366,059003.000600,175.75,58.17,2B,1,yes,no,Step1 Accepted New: Ic stat significant & compatible with Iobs (asym: Ic too weak)
ADD,"accepted now, absent from LOPT input, not proposed last round",23085.1621,4331.787,059003.000366,059003.000603,1319.02,171.48,4G,1,,no,"Step2 Accepted (pair, mixed/new): joint CoG sigma=0.78; eff. spread sigma=0.11; sum I z=0.32"
ADD,"accepted now, absent from LOPT input, not proposed last round",24107.7175,4148.049,059003.000374,059003.000616,646.11,91.13,4G,1,,no,"Step2 Accepted (pair, mixed/new): joint CoG sigma=0.30; eff. spread sigma=0.23; sum I z=0.19"
ADD,"accepted now, absent from LOPT input, not proposed last round",31240.2591,3200.998,059003.000454,059003.000565,7312.22,1591.61,2G,1,yes,no,Step1 Accepted New: Ic stat significant & compatible with Iobs (asym: Ic too weak)
ADD,"accepted now, absent from LOPT input, not proposed last round",38859.7206,2573.359,059003.000247,059003.000557,30527.72,33677.73,2A,1,,no,Step1 Accepted New: Ic stat significant & compatible with Iobs (asym: Ic too strong)
ADD,"accepted now, absent from LOPT input, not proposed last round",40354.7414,2478.024,059003.000234,059003.000557,3630.14,1377.3,2B,1,,no,Step1 Accepted New: Ic stat significant & compatible with Iobs (asym: Ic too weak)
ADD,"accepted now, absent from LOPT input, not proposed last round",51096.7134,1957.073,059003.000108,059003.000439,4795.32,888.28,2G,1,,no,"Step2 Accepted (pair, mixed/new): joint CoG sigma=1.50; eff. spread sigma=0.03; sum I z=0.52"
ADD?,"accepted now, absent from LOPT input, but you rejected it by hand last round",44022.4591,2271.568,059003.000105,059003.000245,75819.15,103227.38,5A,0,,yes,Step1 Accepted Legacy: Significant intensity (>=4% of I_cum)
ADD?,"accepted now, absent from LOPT input, but you rejected it by hand last round",52349.389,1910.242,059003.000447,059003.000602,1733.34,0.68,3E,1,,yes,"Step2 Accepted (pair, mixed/new): joint CoG sigma=0.76; eff. spread sigma=0.11; sum I z=0.74"
ADD?,"accepted now, absent from LOPT input, but you rejected it by hand last round",60205.3864,1660.981,059003.000172,059003.000457,4001.9,6173.76,3B,1,,yes,Step1 Accepted New: Ic stat significant & compatible with Iobs (asym: Ic too strong)
REMOVE,"in LOPT input and accepted last round, but not accepted now",12326.2201,8112.787,059003.000339,059003.000479,881.16,722.15,3A,1,,yes,Step3 Rejected: decisions oscillate between weeding iterations or cycles
REMOVE,"in LOPT input and accepted last round, but not accepted now",13013.0467,7684.595,059003.000339,059003.000400,110.51,,,1,,yes,nan
REMOVE,"in LOPT input and accepted last round, but not accepted now",16106.0229,6208.857,059003.000469,059003.000420,432.64,187.4,4B,1,,yes,"Step3 Rejected: new, no solid evidence for acceptance"
REMOVE,"in LOPT input and accepted last round, but not accepted now",16106.0229,6208.857,059003.000481,059003.000427,432.64,424.71,2A,1,,yes,Step3 Rejected: decisions oscillate between weeding iterations or cycles
REMOVE,"in LOPT input and accepted last round, but not accepted now",23115.6787,4326.068,059003.000383,059003.000608,176.94,524.14,2B,1,,yes,Step3 Rejected: decisions oscillate between weeding iterations or cycles
REMOVE,"in LOPT input and accepted last round, but not accepted now",38410.3097,2603.468,059003.000115,059003.000218,14984.99,14988.55,4A,1,,yes,Step1 Rejected New: Strong Ritz mismatch
REMOVE,"in LOPT input and accepted last round, but not accepted now",42664.1202,2343.89,059003.000203,059003.000337,50661.92,42050.84,4B,1,,yes,Step3 Rejected: decisions oscillate between weeding iterations or cycles
REMOVE,"in LOPT input and accepted last round, but not accepted now",45945.6006,2176.487,059003.000080,059003.000235,29999.2,5105.22,3D,1,,yes,"Step3 Rejected: new, no solid evidence for acceptance"
REMOVE,"in LOPT input and accepted last round, but not accepted now",54966.4344,1819.292,059003.000139,059003.000454,15215.41,2030.38,4G,1,,yes,Step1 Rejected New: Strong Ritz mismatch
REMOVE,"in LOPT input and accepted last round, but not accepted now",68025.1235,1470.045,059003.000072,059003.000454,195.52,1889.56,3G,1,,yes,"Step3 Rejected: new, no solid evidence for acceptance"
REMOVE,"in LOPT input and accepted last round, but not accepted now",68654.2434,1456.574,059003.000240,059003.000602,140.33,89.21,3D,1,,yes,Step3 Rejected: decisions oscillate between weeding iterations or cycles
REMOVE,"in LOPT input and accepted last round, but not accepted now",70613.2326,1416.165,059003.000057,059003.000454,455.81,689.91,3D,1,,yes,"Step3 Rejected: new, no solid evidence for acceptance"
REMOVE,"in LOPT input and accepted last round, but not accepted now",87610.2293,1141.419,059003.000058,059003.000338,734.95,2498.33,3G,1,,yes,Step3 Rejected: decisions oscillate between weeding iterations or cycles
REMOVE,"in LOPT input and accepted last round, but not accepted now",88418.2801,1130.988,059003.000123,059003.000386,11536.69,12348.15,3A,1,,yes,Step3 Rejected: decisions oscillate between weeding iterations or cycles
KEEP,"in LOPT input, never accepted by classify - your own hand-made identification",12407.099,8059.902,059003.000315,059003.000463,616.55,31.39,2G,1,,no,"Step1 Rejected New: Ic statistically incompatible with Iobs (asym: Ic too weak, z>1.25)"
KEEP,"in LOPT input, never accepted by classify - your own hand-made identification",18142.6871,5511.863,059003.000430,059003.000186,1535.85,1986.63,5A,1,,no,Step1 Rejected New: Strong Ritz mismatch
KEEP,"in LOPT input, never accepted by classify - your own hand-made identification",32844.439,3044.655,059003.000341,059003.000534,3291.61,238.13,5G,1,,no,"Step1 Rejected New: Ic statistically incompatible with Iobs (asym: Ic too weak, z>1.25)"
KEEP,"in LOPT input, never accepted by classify - your own hand-made identification",49280.699,2029.192,059003.000189,059003.000457,211640.34,124873.45,5B,1,,no,Step1 Rejected New: Strong Ritz mismatch
KEEP,"in LOPT input, never accepted by classify - your own hand-made identification",52989.1149,1887.18,059003.000141,059003.000452,9019.5,980.82,2G,1,,no,"Step1 Rejected New: Ic statistically incompatible with Iobs (asym: Ic too weak, z>1.25)"
KEEP,"in LOPT input, never accepted by classify - your own hand-made identification",55750.835,1793.695,059003.000125,059003.000446,106029.19,64686.75,5A,1,,no,Step1 Rejected New: Strong Ritz mismatch
KEEP,"in LOPT input, never accepted by classify - your own hand-made identification",57209.9065,1747.949,059003.000139,059003.000455,114762.03,84319.63,5A,1,,no,Step1 Rejected New: Strong Ritz mismatch
KEEP,"in LOPT input, never accepted by classify - your own hand-made identification",68213.5741,1465.984,059003.000064,059003.000452,66.59,570.71,4G,1,,no,"Step3 Rejected: new, no solid evidence for acceptance"
KEEP,"in LOPT input, never accepted by classify - your own hand-made identification",68213.5741,1465.984,059003.000084,059003.000455,66.59,7.62,2G,1,,no,"Step1 Rejected New: Ic statistically incompatible with Iobs (asym: Ic too weak, z>1.25)"
KEEP,"in LOPT input, never accepted by classify - your own hand-made identification",68730.562,1454.957,059003.000079,059003.000455,28329.4,3271.59,2G,1,,no,"Step1 Rejected New: Ic statistically incompatible with Iobs (asym: Ic too weak, z>1.25)"
KEEP,"in LOPT input, never accepted by classify - your own hand-made identification",70780.1796,1412.825,059003.000197,059003.000420,37349.3,3319.71,2G,1,,no,"Step1 Rejected New: Ic statistically incompatible with Iobs (asym: Ic too weak, z>1.25)"
KEEP,"in LOPT input, never accepted by classify - your own hand-made identification",83118.1971,1203.106,059003.000167,059003.000496,5113.86,460.87,2G,1,,no,"Step1 Rejected New: Ic statistically incompatible with Iobs (asym: Ic too weak, z>1.25)"
KEEP,"in LOPT input, never accepted by classify - your own hand-made identification",94058.9743,1063.163,059003.000095,059003.000483,62507.91,40259.99,4A,1,,no,Step1 Rejected New: Strong Ritz mismatch
KEEP,"in LOPT input, never accepted by classify - your own hand-made identification",96174.3869,1039.778,059003.000081,059003.000483,43888.42,3896.28,2C,1,,no,"Step3 Rejected: new, no solid evidence for acceptance"
KEEP,"in LOPT input, never accepted by classify - your own hand-made identification",120168.6067,832.164,059003.000064,059003.000534,83.51,9906.64,2G,1,,no,"Step1 Rejected new: Ic statistically incompatible with Iobs (asym: Ic too strong, z>2.0)"
