wn_key,low_id,upp_id,low_iden2,upp_iden2,accepted_in,grade_iter,OC_iter,grade_hfs,OC_hfs,hfs_D,kappa,hfs_shift,u_hfs_shift,unc_wn_obs,obs_intens,calc_intens,manual,iter_also_accepts,iter_hfs_also_accepts,notes_iter,notes_hfs,decision,reason
22524.4601,059003.000182,059003.000433,1098,1031,iter only,2B,-0.043,4B,-0.066,-0.772,0.944,0.000,0.000,0.0217,266.4493349430018,506.3,,,,Step1 Accepted New: Ic stat significant & compatible with Iobs (asym: Ic too strong),"Step3 Rejected: new, no solid evidence for acceptance",,
22800.4271,059003.000386,059003.000613,749,282,iter only,2B,-0.037,5B,-0.141,0.000,0.944,0.000,0.000,0.0219,134.3694666714008,210.6,,,,Step1 Accepted New: Ic stat significant & compatible with Iobs (asym: Ic too strong),"Step3 Rejected: new, no solid evidence for acceptance",,
25657.6628,059003.000312,059003.000684,904,658,iter only,2G,0.239,2G,0.267,0.000,0.200,0.000,0.000,0.1833,395.9693910237653,71.93,,,,"Step2 Accepted (pair, mixed/new): joint CoG sigma=1.64; eff. spread sigma=0.33; sum I z=0.90","Step3 Rejected: new, no solid evidence for acceptance",,
27260.1627,059003.000307,059003.000655,916,711,iter only,2B,0.078,5B,0.216,0.000,0.944,0.000,0.000,0.0499,1768.554976125341,623.1,,,,Step1 Accepted New: Ic stat significant & compatible with Iobs (asym: Ic too weak),Step1 Rejected New: Strong Ritz mismatch,,
33445.1883,059003.000304,059003.000670,925,627,iter only,5G,-0.177,,,,,,,0.0370,63841.75941950024,1815,,000144-000240,000144-000240,"Step2 Accepted (pair, mixed/new): joint CoG sigma=0.38; eff. spread sigma=0.17; sum I z=0.90",no candidate row,,
35730.2509,059003.000148,059003.000258,1131,1006,iter only,2G,0.019,5G,-0.785,-1.067,0.200,0.000,0.350,0.1833,526.9922668297518,7216,,000224-000322,000224-000322,"Step1 Accepted New: Ritz Ok, Fair Ic match (3.3 sigma)",Step1 Rejected New: Strong Ritz mismatch,,
36887.6208,059003.000105,059003.000199,1179,1079,iter only,3B,1.463,4B,1.724,0.353,0.200,0.506,0.098,0.1833,5215.806366118368,2451,,000165-000275,000165-000275,"Step2 Accepted (pair, mixed/new): joint CoG sigma=0.75; eff. spread sigma=0.88; sum I z=0.77",Step1 Rejected New: Strong Ritz mismatch,,
48671.3482,059003.000073,059003.000247,1207,1025,iter only,4G,-0.297,4G,-0.302,0.000,0.633,0.000,0.161,0.0984,32879.70587768924,2680,,000075-000250,000075-000250,"Step2 Accepted (pair, mixed/new): joint CoG sigma=0.59; eff. spread sigma=0.14; sum I z=0.23",Step1 Rejected New: Strong Ritz mismatch,,
51932.4296,059003.000182,059003.000644,1098,900,iter only,2A,-0.641,3A,-0.958,-0.934,0.633,0.000,0.000,0.3672,2681.806968196702,3814,,,,Step1 Accepted New: Ic stat significant & compatible with Iobs (asym: Ic too strong),"Step3 Rejected: new, no solid evidence for acceptance",,
53197.5415,059003.000127,059003.000445,1154,954,iter only,2B,-0.082,4B,-0.418,-1.091,0.633,0.175,0.037,0.1073,3987.459418990786,1572,,000132-000297,000132-000297,"Step1 Accepted New: Ritz Ok, Fair Ic match (0.9 sigma)",Step1 Rejected New: Strong Ritz mismatch,,
57669.1661,059003.000042,059003.000258,1241,1006,iter only,2G,0.150,2G,0.132,0.000,0.633,0.000,0.000,0.1177,2820.433865209407,21.38,,,000126-000451,"Step3 Accepted: old, no solid evidence for rejection",Step1 Rejected Legacy: calc contribution too weak vs I_cum (<2% of I_cum),,
68521.0798,059003.000067,059003.000303,1216,927,iter only,2G,-0.252,2G,-0.257,0.000,0.633,0.000,0.000,0.1492,240.3237963797026,45.49,,000206-000420,,"Step2 Accepted (pair, mixed/new): joint CoG sigma=2.38; eff. spread sigma=0.13; sum I z=0.34","Step3 Rejected: new, no solid evidence for acceptance",,
68521.0798,059003.000206,059003.000420,1072,505,iter only,3B,-0.414,4B,-0.553,-0.479,0.633,0.000,0.000,0.1492,240.3237963797026,80.4,,000067-000303,,"Step2 Accepted (pair, mixed/new): joint CoG sigma=2.38; eff. spread sigma=0.13; sum I z=0.34",Step1 Rejected New: Strong Ritz mismatch,,
89999.5139,059003.000127,059003.000488,1154,682,iter only,3B,-0.581,4B,-0.923,-1.091,0.633,0.000,0.000,0.2358,706.627260354431,301.8,,,,Step1 Accepted New: Ic stat significant & compatible with Iobs (asym: Ic too weak),Step1 Rejected New: Strong Ritz mismatch,,
93609.2963,059003.000105,059003.000401,1179,708,iter only,3E,-0.586,3E,-0.673,0.000,0.633,0.000,0.000,0.2533,1561.758330345275,52.63,,,,Step1 Accepted New: Ic stat significant & compatible with Iobs (asym: Ic too weak),"Step3 Rejected: new, no solid evidence for acceptance",,
22513.2563,059003.000388,059003.000613,745,282,iter_hfs only,5G,0.147,5G,0.092,0.000,0.944,0.000,0.000,0.0217,310.9525867464278,48.51,,000388-000614,000388-000614,Step1 Rejected New: Strong Ritz mismatch,"Step2 Accepted (pair, mixed/new): joint CoG sigma=0.85; eff. spread sigma=0.11; sum I z=0.08",,
31398.8710,059003.000192,059003.000295,1087,950,iter_hfs only,5B,-0.801,3B,-0.498,0.398,0.200,0.425,0.269,0.1833,21748.85721743995,7874,,000192-000641; 000141-000219,000192-000641; 000141-000219,Step1 Rejected New: Strong Ritz mismatch,"Step2 Accepted (pair, mixed/new): joint CoG sigma=1.34; eff. spread sigma=0.54; sum I z=0.05",,
33491.8879,059003.000191,059003.000449,1088,939,iter_hfs only,3B,0.540,2B,-0.078,-0.817,0.200,-0.654,0.180,0.1833,15750.8855424222,6983,,,,F / Step2 Rejected New: Conflicting/suspicious (notes1: F),F / Step1 Accepted New: Ic stat significant & compatible with Iobs (asym: Ic too weak),,
37622.2493,059003.000139,059003.000257,1141,1009,iter_hfs only,5G,0.853,2G,-0.019,-1.138,0.200,-0.910,0.142,0.1833,2793.758666541996,1.763e+04,,,,Step1 Rejected New: Strong Ritz mismatch,"Step1 Accepted New: Ritz Ok, Fair Ic match (2.1 sigma)",,
51365.5563,059003.000146,059003.000451,1134,931,iter_hfs only,5B,-0.498,2B,-0.163,0.000,0.633,0.000,0.000,0.1035,2549.549315085598,7821,,,,Step1 Rejected New: Strong Ritz mismatch,Step1 Accepted New: Ic stat significant & compatible with Iobs (asym: Ic too strong),,
53004.7299,059003.000145,059003.000660,1135,924,iter_hfs only,5A,0.494,2A,0.185,-0.870,0.633,-0.251,0.025,0.1069,9807.736712563075,6476,,000067-000265,000067-000265,Step1 Rejected New: Strong Ritz mismatch,Step1 Accepted New: Ic stat significant & compatible with Iobs (asym: Ic too weak),,
53134.0885,059003.000215,059003.000667,1062,718,iter_hfs only,4G,0.400,4G,0.323,-0.320,0.633,-0.015,0.026,0.1071,19831.06696236891,1902,,000269-000570,000269-000570,Step1 Rejected New: Strong Ritz mismatch,"Step2 Accepted (pair, mixed/new): joint CoG sigma=0.88; eff. spread sigma=0.13; sum I z=0.19",,
57669.1661,059003.000126,059003.000451,1155,931,iter_hfs only,5B,-0.570,3B,-0.238,0.000,0.633,0.000,0.000,0.1177,2820.433865209407,2055,,000042-000258,,Step1 Rejected New: Strong Ritz mismatch,Step1 Accepted New: Ic stat significant & compatible with Iobs (asym: Ic too weak),,
58102.3080,059003.000054,059003.000436,1229,988,iter_hfs only,3G,-1.171,3G,-1.179,0.000,0.633,0.126,0.017,0.4081,7271.377399271341,5.647,,,000165-000313,"Step3 Rejected: new, no solid evidence for acceptance","Step2 Accepted (pair, mixed/new): joint CoG sigma=2.64; eff. spread sigma=0.00; sum I z=0.57; accepted: Ritz Ok for broadened line",,
58102.3080,059003.000165,059003.000313,1116,902,iter_hfs only,4B,-1.303,3B,-1.078,0.342,0.633,0.126,0.017,0.4081,7271.377399271341,2.011e+04,,,000054-000436,Step1 Rejected New: Strong Ritz mismatch,"Step2 Accepted (pair, mixed/new): joint CoG sigma=2.64; eff. spread sigma=0.00; sum I z=0.57; accepted: Ritz Ok for broadened line",,
58745.2228,059003.000041,059003.000262,1242,1003,iter_hfs only,4A,-0.417,3A,-0.353,0.286,0.633,0.073,0.024,0.1204,1520.949755636528,2208,,000081-000288,000081-000288,Step1 Rejected New: Strong Ritz mismatch,"Step2 Accepted (pair, mixed/new): joint CoG sigma=0.35; eff. spread sigma=0.46; sum I z=0.86",,
60109.1950,059003.000080,059003.000292,1201,956,iter_hfs only,3B,-0.369,3B,-0.297,0.241,0.633,0.089,0.027,0.1240,1667.395022510801,4583,,,,"Step3 Rejected: new, no solid evidence for acceptance",Step1 Accepted New: Ic stat significant & compatible with Iobs (asym: Ic too strong),,
68337.1935,059003.000073,059003.000304,1207,925,iter_hfs only,4D,-0.518,2D,-0.098,0.000,0.633,0.000,0.000,0.1486,15417.91772183942,731.1,,,,Step1 Rejected New: Strong Ritz mismatch,Step1 Accepted New: Ic stat significant & compatible with Iobs (asym: Ic too weak),,
68508.4392,059003.000072,059003.000304,1212,925,iter_hfs only,5E,-0.848,3E,-0.430,0.000,0.633,0.000,0.000,0.1491,3195.9212276648,24.5,,000106-000310,000106-000310,Step1 Rejected New: Strong Ritz mismatch,"Step2 Accepted (pair, mixed/new): joint CoG sigma=0.29; eff. spread sigma=0.21; sum I z=0.74",,
70582.6308,059003.000060,059003.000304,1225,925,iter_hfs only,5B,-0.647,2B,-0.231,0.000,0.633,0.000,0.000,0.1561,2382.973038458817,1151,,,,Step1 Rejected New: Strong Ritz mismatch,Step1 Accepted New: Ic stat significant & compatible with Iobs (asym: Ic too weak),,
83315.6988,059003.000139,059003.000630,1141,747,iter_hfs only,4D,0.765,2D,0.384,-1.138,0.633,-0.417,0.043,0.2056,2550.902320973061,107,,,,Step1 Rejected New: Strong Ritz mismatch,Step1 Accepted New: Ic stat significant & compatible with Iobs (asym: Ic too weak),,
86615.6209,059003.000127,059003.000381,1154,760,iter_hfs only,3B,0.653,2B,0.310,-1.091,0.633,-0.400,0.041,0.2201,615.0844825089019,291.5,,,,"Step3 Rejected: new, no solid evidence for acceptance",Step1 Accepted New: Ic stat significant & compatible with Iobs (asym: Ic too weak),,
89196.9095,059003.000127,059003.000401,1154,708,iter_hfs only,4B,0.811,2B,0.389,-1.091,0.633,-0.400,0.041,0.2320,3433.490874022083,1786,,,,Step1 Rejected New: Strong Ritz mismatch,Step1 Accepted New: Ic stat significant & compatible with Iobs (asym: Ic too weak),,
89387.6196,059003.000127,059003.000403,1154,699,iter_hfs only,4A,0.873,3A,0.534,-1.091,0.633,-0.312,0.032,0.2329,2766.161257490615,1514,,000082-000353,000082-000353,Step1 Rejected New: Strong Ritz mismatch,Step1 Accepted New: Ic stat significant & compatible with Iobs (asym: Ic too weak),,
