verdict,wn_key,char,era,low_id,upp_id,iden_low,iden_upp,obs_intens,D,kappa_class,kappa_now,held,kappa_held,kappa_line,u_kappa_line,leverage,u_rest,u_model,u_hfs_shift,r_loo,z_now,z_held,z_class,z_head,z_cg,dchi2,registry_unc,registry_advice,registry_reason,nearest_dwn,nearest_intens,rung1_dwn,line_at_rung1,partial_best,kappa_partial,z_partial,missing_side,missing_share,missing_dwn,line_at_missing,blend_at_missing
audit-ok,30074.38935255032,,1974,059003.000165,059003.000248,1116,1021,4958,+0.5888,0.802,0.000,cg,0.000,-0.32,0.10,0.006,0.0146,0.0279,0.0482,-0.1888,-3.3,-3.3,-11.5,-13.5,-3.3,120.9,0.19,,"center of gravity of 1116-1021, not its head",-6.810,2472,-0.404,,partial:1-,-0.36,+0.4,head,27%,+0.764,,
audit-ok,37509.34003353855,w,1974,059003.000125,059003.000222,1156,1052,2631,+0.4250,0.802,0.000,cg,0.000,-0.69,0.13,0.007,0.0237,0.0379,0.0302,-0.2926,-5.4,-5.4,-11.7,-13.3,-5.4,108.4,0.29,,"center of gravity of 1156-1052, not its head",+3.121,13180,-0.312,,partial:2-,-0.69,+0.0,head,50%,+0.583,,
audit-ok,40790.20006991552,,1974,059003.000145,059003.000275,1135,979,15242,-0.4914,0.802,0.000,cg,0.000,-0.72,0.17,0.003,0.0192,0.0415,0.0701,+0.3532,+4.2,+4.2,+8.9,+10.1,+4.2,61.9,0.35,,measured near c.g.,+9.021,21265,+0.305,,partial:2-,-0.65,+0.4,head,47%,-0.716,,
audit-ok,24866.92217507475,,1974,059003.000165,059003.000210,1116,1067,641,+0.6948,0.802,1.000,head,1.000,1.11,0.04,0.042,0.0146,0.0239,0.0000,+0.0790,+2.8,+2.8,+7.7,+2.8,+27.6,51.9,0.07,needs 0.08 (now 0.07),head of 1116-1067 pattern,+11.801,9690,-0.456,,partial:0-1,0.67,+10.9,tail,50%,-1.238,,
audit-ok,40253.77989639465,w,1974,059003.000127,059003.000251,1154,1017,18122,-0.6106,0.802,0.000,cg,0.000,-0.11,0.13,0.041,0.0157,0.0422,0.0627,+0.0642,+0.8,+0.8,+7.2,+8.7,+0.8,50.8,,,,+2.981,36215,+0.380,,,,,,,,,
audit-ok,44494.08091666266,w,1974,059003.000127,059003.000267,1154,992,10001,-0.5828,0.802,0.000,cg,0.000,-0.42,0.16,0.009,0.0229,0.0497,0.0776,+0.2468,+2.6,+2.6,+7.5,+8.7,+2.6,49.8,0.23,,near (0.22 cm-1 past) the cg of the pattern,+1.190,20009,+0.344,,partial:1-,-0.33,+0.6,head,25%,-0.830,,
audit-ok,44570.62997258958,w,1974,059003.000145,059003.000286,1135,961,10229,-0.5442,0.802,0.000,cg,0.000,-0.08,0.13,0.074,0.0201,0.0498,0.0501,+0.0439,+0.6,+0.6,+6.5,+8.0,+0.6,42.4,,,,+4.850,10245,+0.373,,,,,,,,,
audit-ok,25555.97020972882,,1974,059003.000150,059003.000199,1129,1079,727,+0.5583,0.802,1.000,head,1.000,1.17,0.05,0.024,0.0140,0.0243,0.0000,+0.0937,+3.3,+3.3,+7.3,+3.3,+23.3,41.9,0.09,,head of 1129-1079 pattern,-7.301,1444,-0.361,,partial:0-1,0.71,+9.1,tail,53%,-1.000,,
audit-ok,25787.28788218348,,1974,059003.000161,059003.000215,1118,1062,665,-0.7695,0.802,1.000,head,1.000,1.04,0.04,0.258,0.0147,0.0245,0.0000,-0.0332,-1.2,-1.2,-6.5,-1.2,-28.1,40.9,,,,+0.492,665,+0.479,25787.7794 (I 665),,,,,,,,
audit-ok,21872.0022918161,,1974,059003.000182,059003.000238,1098,1035,347,-0.7847,0.802,1.000,head,1.000,1.01,0.03,0.276,0.0136,0.0222,0.0000,-0.0108,-0.4,-0.4,-6.4,-0.4,-30.5,40.5,,,,+0.732,297,+0.644,21872.7340 (I 297),,,,,,,,
audit-ok,36647.54177423523,w,1974,059003.000183,059003.000293,1097,953,1423,+0.4256,0.802,0.000,cg,0.000,-0.01,0.13,0.174,0.0229,0.0367,0.0331,-0.0047,-0.1,-0.1,-6.4,-7.9,-0.1,40.4,,,,-5.921,1415,-0.454,,,,,,,,,
audit-ok,21273.14716380893,,1974,059003.000187,059003.000260,1092,1000,132,-0.7425,0.802,1.000,head,1.000,1.07,0.04,0.520,0.0229,0.0220,0.0000,-0.0495,-1.6,-1.6,-6.2,-1.6,-25.0,35.9,,,,+0.786,66,+0.792,21273.9335 (I 66),,,,,,,,
audit-ok,36579.64103415803,w,1974,059003.000125,059003.000220,1156,1056,1339,+0.3528,0.802,0.000,cg,0.000,-0.35,0.23,0.023,0.0213,0.0366,0.0688,-0.1218,-1.5,-1.5,-5.0,-5.9,-1.5,22.8,0.12,delete,"center of gravity of 1156-1056, not its head",+3.841,9403,-0.242,,,,,,,,,
audit-ok,26314.72704654229,,1974,059003.000148,059003.000200,1131,1077,228,-0.7294,0.802,1.000,head,1.000,0.99,0.04,0.282,0.0157,0.0248,0.0000,+0.0055,+0.2,+0.2,-4.7,+0.2,-24.7,22.4,,,,-3.195,227,+0.433,,,,,,,,,
audit-ok,34139.96012500873,,1974,059003.000148,059003.000253,1131,1015,10010,-0.9090,0.802,1.000,head,1.000,0.99,0.04,0.213,0.0172,0.0323,0.0000,+0.0071,+0.2,+0.2,-4.7,+0.2,-24.7,22.3,,,,+0.431,7506,+0.557,,,,,,,,,
audit-ok,22685.23322198707,,1974,059003.000182,059003.000245,1098,1030,133,-0.7265,0.802,1.000,head,1.000,0.97,0.04,0.253,0.0134,0.0226,0.0000,+0.0187,+0.7,+0.7,-4.8,+0.7,-26.9,22.2,,,,-0.520,311,+0.605,,,,,,,,,
audit-ok,56820.89431687893,,1969,059003.000142,059003.000629,1139,918,1326,-0.6725,0.616,1.000,head,1.000,1.54,0.16,0.018,0.0491,0.0987,0.0000,-0.3658,-3.3,-3.3,-5.7,-3.3,-9.4,21.0,0.36,,head of 1139-918 pattern,+19.312,39835,+0.553,,partial:0-1,0.65,-5.4,tail,44%,+1.585,,
audit-ok,25340.66222787011,,1974,059003.000145,059003.000196,1135,1082,457,-0.5291,0.802,1.000,head,1.000,1.05,0.05,0.292,0.0154,0.0242,0.0000,-0.0261,-0.9,-0.9,-4.6,-0.9,-19.4,20.0,,,,-21.793,1197,+0.378,,,,,,,,,
audit-ok,42750.90102492946,,1974,059003.000142,059003.000440,1139,974,9962,-0.7394,0.802,1.000,head,1.000,1.12,0.07,0.239,0.0252,0.0447,0.0000,-0.0915,-1.8,-1.8,-4.6,-1.8,-16.2,18.3,,,,-3.471,29895,+0.591,,,,,,,,,
audit-ok,20971.74761402589,,1974,059003.000040,059003.000141,1243,1138,247,-0.5637,0.802,1.000,head,1.000,1.01,0.05,0.374,0.0170,0.0219,0.0000,-0.0043,-0.2,-0.2,-4.2,-0.2,-20.5,17.5,,,,+0.352,164,+0.328,20972.0992 (I 164),,,,,,,,
audit-ok,28596.22182855031,c,1974,059003.000141,059003.000202,1138,1076,1121,+0.6821,0.097,1.000,head,1.000,0.91,0.21,0.014,0.0164,0.1400,0.0000,-0.0637,-0.5,-0.5,+3.9,-0.5,+4.4,15.1,,,,+3.275,4495,-0.413,,,,,,,,,
audit-ok,24719.22958921008,,1974,059003.000150,059003.000198,1129,1081,676,+0.1829,0.802,1.000,head,1.000,1.76,0.15,0.012,0.0153,0.0238,0.0000,+0.1383,+4.9,+4.9,+6.2,+4.9,+11.4,14.2,0.14,,head of 1129-1081 pattern,-32.790,756,-0.125,,partial:0-1,0.69,+6.8,tail,50%,-0.448,,"1104-1058 at +0.090, Icalc 4"
audit-ok,36875.86887685575,w,1974,059003.000134,059003.000239,1145,1033,6890,+0.5072,0.802,0.262,partial:0-3,0.262,0.27,0.13,0.077,0.0179,0.0370,0.0496,+0.0033,+0.1,+0.1,-4.2,-5.8,+2.1,13.2,,,,-0.110,5167,-0.316,,,,,,,,,
audit-ok,43594.56936616224,,1974,059003.000150,059003.000286,1129,961,9212,+0.4445,0.802,1.000,head,1.000,1.32,0.11,0.019,0.0196,0.0462,0.0000,+0.1436,+2.9,+2.9,+4.6,+2.9,+11.7,13.1,0.14,,head of 1129-961 pattern,-3.559,9214,-0.305,,partial:0-1,0.66,+5.8,tail,50%,-0.883,,
audit-ok,36302.2109427586,d,1974,059003.000148,059003.000262,1131,1003,3068,-0.7753,0.802,0.000,cg,0.000,0.02,0.22,0.009,0.0165,0.1595,0.0628,-0.0118,-0.1,-0.1,+3.5,+4.4,-0.1,12.6,,,,+14.161,5188,+0.482,,,,,,,,,
audit-ok,37682.91075943312,w,1974,059003.000161,059003.000439,1118,980,2880,-0.7996,0.802,0.000,cg,0.000,0.04,0.22,0.028,0.0289,0.0382,0.1658,-0.0305,-0.2,-0.2,+3.5,+4.5,-0.2,12.5,,,,-7.651,2869,+0.507,,,,,,,,,
audit-ok,32572.76016575352,d,1974,059003.000150,059003.000244,1129,1027,33799,+0.5876,0.802,0.000,cg,0.000,-0.08,0.26,0.009,0.0144,0.1284,0.0771,-0.0462,-0.3,-0.3,-3.4,-4.2,-0.3,11.7,,,,+1.169,33796,-0.379,,,,,,,,,
audit-ok,28084.999372429,,1974,059003.000187,059003.000280,1092,972,1593,-0.7114,0.802,1.000,head,1.000,0.97,0.05,0.458,0.0239,0.0262,0.0000,+0.0182,+0.5,+0.5,-3.5,+0.5,-19.5,11.7,,,,+0.750,1594,+0.711,28085.7491 (I 1594),,,,,,,,
audit-ok,32426.79237542288,,1974,059003.000140,059003.000432,1140,1053,30390,+0.4909,0.802,1.000,head,1.000,1.07,0.08,0.392,0.0249,0.0303,0.0000,+0.0349,+0.9,+0.9,+3.4,+0.9,+13.4,10.5,,,,-0.702,26593,-0.524,,,,,,,,,
audit-ok,27351.47988959783,,1974,059003.000192,059003.000444,1087,964,3779,+0.4840,0.802,1.000,head,1.000,1.03,0.07,0.431,0.0226,0.0256,0.0000,+0.0131,+0.4,+0.4,+3.2,+0.4,+14.5,10.0,,,,-0.642,1416,-0.657,27350.8376 (I 1416),,,,,,,,
audit-ok,24087.28887187763,,1974,059003.000161,059003.000204,1118,1074,399,-0.6716,0.802,1.000,head,1.000,0.94,0.04,0.325,0.0166,0.0234,0.0000,+0.0375,+1.3,+1.3,-3.3,+1.3,-22.1,9.4,,,,+0.412,200,+0.418,24087.7004 (I 200),,,,,,,,
audit-ok,39960.64908779657,w,1974,059003.000150,059003.000277,1129,978,3872,+0.3967,0.802,0.000,cg,0.000,0.03,0.27,0.040,0.0213,0.0417,0.0963,+0.0115,+0.1,+0.1,-2.9,-3.6,+0.1,8.2,,,,+3.930,3869,-0.261,,,,,,,,,
audit-ok,23133.91870835383,,1974,059003.000183,059003.000249,1097,1024,141,+0.5186,0.802,1.000,head,1.000,0.96,0.05,0.343,0.0166,0.0229,0.0000,-0.0193,-0.7,-0.7,+3.0,-0.7,+17.7,8.2,,,,-0.471,94,-0.514,23133.4479 (I 94),,,,,,,,
audit-ok,26569.0192606915,,1974,059003.000165,059003.000221,1116,1055,1621,+0.6647,0.802,0.417,partial:0-2,0.417,0.38,0.07,0.119,0.0155,0.0250,0.0334,-0.0240,-0.5,-0.5,-6.3,-9.3,+5.7,7.3,,,,-4.709,269,-0.456,,,,,,,,,
audit-ok,21793.44144086149,,1974,059003.000165,059003.000198,1116,1081,102,+0.3421,0.802,0.000,cg,0.000,0.17,0.25,0.036,0.0161,0.0222,0.0798,+0.0569,+0.7,+0.7,-2.6,-3.4,+0.7,6.2,,,,-1.002,204,-0.235,,,,,,,,,
audit-ok,33934.58170978675,w,1974,059003.000190,059003.000449,1089,939,5435,+0.2206,0.802,0.000,cg,0.000,0.19,0.23,0.244,0.0256,0.0331,0.0304,+0.0423,+0.8,+0.8,-2.6,-3.4,+0.8,6.1,,,,-1.043,21747,,,,,,,,,,
audit-ok,22487.02956651701,,1974,059003.000183,059003.000433,1097,1031,889,+0.5282,0.802,1.000,head,1.000,0.94,0.05,0.356,0.0171,0.0225,0.0000,-0.0304,-1.1,-1.1,+2.6,-1.1,+17.6,5.7,,,,-0.840,267,-0.522,,,,,,,,,
audit-ok,52033.79331636647,,1969,059003.000161,059003.000629,1118,918,1804,-0.9005,0.616,0.000,cg,0.000,0.04,0.26,0.044,0.0489,0.0875,0.2106,-0.0330,-0.1,-0.1,+2.2,+3.7,-0.1,5.0,,,,+1.763,45105,+0.552,,,,,,,,,
audit-ok,23533.74829320127,,1974,059003.000192,059003.000274,1087,984,421,+0.5169,0.802,1.000,head,1.000,0.94,0.06,0.479,0.0220,0.0231,0.0000,-0.0304,-1.0,-1.0,+2.3,-1.0,+15.2,4.2,,,,-0.915,526,-0.515,,,,,,,,,
audit-ok,23792.4971161829,,1974,059003.000161,059003.000203,1118,1075,58,-0.6929,0.802,1.000,head,1.000,0.91,0.04,0.292,0.0148,0.0232,0.0000,+0.0617,+2.2,+2.2,-2.7,+2.2,-22.9,2.5,,,,+0.424,58,+0.445,23792.9207 (I 58),partial:0-1,0.72,-4.7,tail,53%,+1.070,,
audit-ok,35193.65835688727,,1974,059003.000125,059003.000210,1156,1067,2871,+0.5583,0.802,0.465,partial:0-2,0.465,0.47,0.10,0.169,0.0221,0.0336,0.0348,+0.0048,+0.1,+0.1,-3.4,-5.5,+5.0,-12.8,,,,-4.847,11520,-0.363,,,,,,,,,
audit-ok,31478.92162790565,,1974,059003.000140,059003.000217,1140,1058,7334,+0.5455,0.802,0.523,partial:0-1,0.523,0.51,0.07,0.297,0.0208,0.0293,0.0120,-0.0059,-0.2,-0.2,-4.2,-7.0,+7.4,-31.9,,,,-10.163,18310,-0.526,,,,,,,,,
audit-ok,22372.69080603888,,1974,059003.000150,059003.000195,1129,1083,179,+0.7242,0.802,0.710,partial:0-1,0.710,0.61,0.05,0.053,0.0154,0.0225,0.0257,-0.0690,-1.8,-1.8,-3.6,-7.4,+11.9,-42.3,0.06,delete,blend of head and rung 1 components; questionable because no char was given,+0.497,269,-0.464,,,,,,,,,
audit-ok,34395.48159394453,w,1974,059003.000148,059003.000255,1131,1012,4464,-0.8606,0.802,0.717,partial:0-1,0.717,0.68,0.04,0.169,0.0158,0.0337,0.0068,+0.0318,+0.8,+0.8,+2.8,+7.3,-15.5,-45.3,,,,+1.079,15617,+0.535,,,,,,,,,
fits-class,51071.13798270537,,1969,059003.000140,059003.000447,1140,943,1655,+0.3916,0.616,0.616,,,0.01,0.23,0.010,0.0240,0.0854,0.0190,-0.2359,-2.6,,-2.6,-4.3,+0.1,6.8,0.24,,hfs of f26s,+1.359,828,-0.418,,partial:0-2,0.19,-0.8,tail,12%,-0.532,,
fits-class,39659.09981716256,,1974,059003.000127,059003.000247,1154,1025,16209,-0.6176,0.802,0.802,,,0.98,0.08,0.127,0.0168,0.0398,0.0186,-0.1104,-2.3,,-2.3,+0.3,-12.9,5.5,,,,-0.880,24316,+0.384,,partial:0-1,0.72,-3.4,tail,53%,+0.996,39660.1814 (I 8103; 1062-873),
fits-class,34346.97839506565,*v,1974,059003.000127,059003.000208,1154,1069,159838,-0.5635,0.900,0.900,,,1.11,0.12,0.061,0.0165,0.0628,0.0155,-0.1207,-1.8,,-1.8,-1.0,-9.4,2.3,,,,+3.080,11401,+0.331,,,,,,,,,
fits-class,28870.92954139602,*r,1974,059003.000192,059003.000290,1087,957,1332,+0.3784,0.900,0.900,,,1.25,0.18,0.087,0.0203,0.0649,0.0111,+0.1317,+1.9,,+1.9,+1.4,+6.9,1.8,,,,+2.233,1333,-0.404,,,,,,,,,
fits-class,37050.99958063909,c,1974,059003.000127,059003.000224,1154,1049,1967,-0.6974,0.097,0.097,,,-0.29,0.21,0.014,0.0170,0.1400,0.0385,+0.2708,+1.9,,+1.9,+6.2,+1.4,1.5,,,,-13.080,3896,+0.423,,,,,,,,,
fits-class,34161.51930267458,*v,1974,059003.000145,059003.000250,1135,1019,17359,-0.4384,0.900,0.900,,,1.12,0.15,0.057,0.0157,0.0628,0.0139,-0.0980,-1.5,,-1.5,-0.8,-7.4,1.5,,,,-3.797,4968,+0.301,,,,,,,,,
fits-class,33862.59877868718,*r,1974,059003.000134,059003.000218,1145,1057,16747,+0.5961,0.900,0.900,,,1.02,0.12,0.058,0.0166,0.0649,0.0180,+0.0730,+1.1,,+1.1,+0.2,+8.8,1.1,,,,-4.829,25164,-0.371,,,,,,,,,
fits-class,29144.23227837584,*r,1974,059003.000165,059003.000239,1116,1033,9386,+0.6525,0.900,0.900,,,1.01,0.11,0.053,0.0160,0.0649,0.0188,+0.0743,+1.1,,+1.1,+0.1,+9.5,1.1,,,,+6.895,3141,-0.430,,,,,,,,,
fits-class,31636.66094469635,c,1974,059003.000142,059003.000221,1139,1055,37375,-0.5206,0.097,0.097,,,-0.38,0.29,0.004,0.0165,0.1400,0.0570,+0.2507,+1.6,,+1.6,+4.7,+1.3,1.0,0.25,delete,"outlier in IDEN2/LOPT, OK with inflated unc",-1.411,74738,+0.449,,,,,,,,,
fits-class,23623.83735339237,,1974,059003.000182,059003.000253,1098,1015,54,-0.7889,0.802,0.802,,,0.91,0.05,0.182,0.0155,0.0231,0.0232,-0.0823,-2.3,,-2.3,+2.0,-19.7,1.0,,,,+2.049,9779,+0.647,,partial:0-1,0.65,-5.6,tail,44%,+1.355,,
fits-class,32546.24004036334,d,1974,059003.000151,059003.000244,1128,1027,26352,+1.1392,0.802,0.802,,,0.93,0.12,0.010,0.0135,0.1282,0.0374,+0.1495,+1.1,,+1.1,-0.6,+7.9,0.9,,,,+10.450,33849,-0.709,,,,,,,,,
fits-class,31597.6779486994,*r,1974,059003.000150,059003.000234,1129,1040,11165,+0.5385,0.900,0.900,,,1.01,0.13,0.056,0.0163,0.0649,0.0167,+0.0573,+0.8,,+0.8,+0.1,+7.9,0.7,,,,+6.861,14898,-0.349,,,,,,,,,
fits-class,36887.62080911006,c,1974,059003.000165,059003.000275,1116,979,5216,+0.6566,0.097,0.097,,,-0.14,0.24,0.016,0.0196,0.1400,0.0693,-0.1547,-1.0,,-1.0,-4.7,-0.6,0.6,,,,-2.271,69420,-0.482,,,,,,,,,
fits-class,34333.31879559582,*v,1974,059003.000189,059003.000301,1090,935,114894,-0.6720,0.900,0.900,,,0.98,0.11,0.263,0.0394,0.0628,0.0211,-0.0567,-0.7,,-0.7,+0.1,-8.6,0.5,,,,+4.632,13758,+0.382,,,,,,,,,
fits-class,27848.05106330368,*r,1974,059003.000149,059003.000208,1132,1069,5399,+0.5125,0.900,0.900,,,1.00,0.13,0.074,0.0187,0.0649,0.0141,+0.0501,+0.7,,+0.7,-0.0,+7.4,0.5,,,,-11.268,20085,-0.374,,,,,,,,,
fits-class,36219.30179263129,c,1974,059003.000141,059003.000255,1138,1012,7499,+0.4830,0.097,0.097,,,-0.11,0.30,0.001,0.0160,0.1400,0.0310,-0.1015,-0.7,,-0.7,-3.7,-0.4,0.4,0.5,delete,"outlier in IDEN2/LOPT, OK with inflated unc",-6.213,8381,-0.289,,,,,,,,,
fits-class,30126.30918766864,c,1974,059003.000141,059003.000210,1138,1067,2533,+0.6106,0.097,0.097,,,-0.06,0.25,0.010,0.0151,0.1400,0.0640,-0.0938,-0.6,,-0.6,-4.2,-0.2,0.3,,,,+7.700,20324,-0.368,,,,,,,,,
fits-class,34908.13133929051,*r,1974,059003.000141,059003.000244,1138,1027,6822,+0.6626,0.900,0.900,,,0.96,0.11,0.051,0.0158,0.0649,0.0195,+0.0399,+0.6,,+0.6,-0.4,+9.1,0.2,,,,+3.368,11916,-0.400,,,,,,,,,
fits-class,38355.85970378726,c,1974,059003.000127,059003.000235,1154,1037,22220,-0.6326,0.097,0.097,,,0.02,0.24,0.013,0.0171,0.1400,0.0554,+0.0513,+0.3,,+0.3,+4.1,-0.1,0.1,,,,-1.911,18508,+0.378,,,,,,,,,
fits-class,35980.63078786134,c,1974,059003.000127,059003.000219,1154,1060,2152,-0.5991,0.097,0.097,,,0.02,0.25,0.012,0.0161,0.1400,0.0413,+0.0457,+0.3,,+0.3,+4.0,-0.1,0.1,,,,+5.028,1443,+0.384,,,,,,,,,
fits-class,33650.98143251349,c,1974,059003.000127,059003.000204,1154,1074,21009,-0.5096,0.097,0.097,,,0.02,0.29,0.014,0.0171,0.1400,0.0370,+0.0405,+0.3,,+0.3,+3.4,-0.1,0.1,,,,-5.842,24055,+0.317,,,,,,,,,
fits-class,33594.18232040756,*r,1974,059003.000149,059003.000249,1132,1024,61108,+0.3489,0.900,0.900,,,0.45,0.20,0.074,0.0187,0.0649,0.0102,-0.1580,-2.3,,-2.3,-2.8,+2.3,0.1,,,,-5.753,122434,-0.279,,partial:0-2,0.34,+0.5,tail,25%,-0.515,,
fits-class,27431.01314691866,*r,1974,059003.000150,059003.000208,1129,1069,4503,+0.5285,0.900,0.900,,,0.96,0.13,0.046,0.0147,0.0649,0.0145,+0.0329,+0.5,,+0.5,-0.3,+7.5,0.1,,,,-7.282,498,-0.362,,,,,,,,,
fits-class,25876.02269971361,*v,1974,059003.000189,059003.000441,1090,975,1438,-0.6597,0.900,0.900,,,0.96,0.11,0.219,0.0344,0.0628,0.0184,-0.0378,-0.5,,-0.5,+0.4,-8.5,0.1,,,,+11.306,14530,+0.365,,,,,,,,,
fits-class,29016.83258794754,*r,1974,059003.000149,059003.000216,1132,1063,72656,+0.2760,0.900,0.900,,,0.96,0.25,0.070,0.0182,0.0649,0.0094,+0.0166,+0.2,,+0.2,-0.2,+3.9,0.0,,,,-34.521,7119,-0.221,,,,,,,,,
fits-class,37968.41909412712,c,1974,059003.000127,059003.000231,1154,1041,9792,-0.7236,0.097,0.097,,,0.07,0.20,0.012,0.0159,0.1400,0.0456,+0.0201,+0.1,,+0.1,+4.5,-0.3,-0.1,,,,+24.140,3295,+0.441,,,,,,,,,
fits-class,38164.60913955443,c,1974,059003.000127,059003.000237,1154,1039,3501,-0.5911,0.097,0.097,,,0.12,0.26,0.010,0.0154,0.1400,0.0677,-0.0113,-0.1,,-0.1,+3.3,-0.4,-0.2,,,,-3.778,10490,+0.368,,,,,,,,,
fits-class,30251.59943193845,c,1974,059003.000165,059003.000249,1116,1024,2661,+0.5241,0.097,0.097,,,0.14,0.28,0.011,0.0154,0.1400,0.0428,+0.0223,+0.2,,+0.2,-3.1,+0.5,-0.2,,,,+8.451,2669,-0.376,,,,,,,,,
fits-class,30108.26147266006,*r,1974,059003.000150,059003.000222,1129,1052,7542,+0.4022,0.900,0.900,,,0.92,0.17,0.072,0.0184,0.0649,0.0112,+0.0062,+0.1,,+0.1,-0.5,+5.4,-0.2,,,,+0.509,10058,-0.297,,,,,,,,,
fits-class,36002.97015267071,c,1974,059003.000133,059003.000230,1148,1045,736,-0.7411,0.097,0.097,,,0.15,0.22,0.014,0.0192,0.1400,0.0837,-0.0408,-0.2,,-0.2,+3.8,-0.7,-0.4,,,,-1.801,5144,+0.441,,,,,,,,,
fits-class,33206.16079016102,*r,1974,059003.000125,059003.000200,1156,1077,508673,+0.5619,0.900,0.900,,,0.92,0.13,0.094,0.0215,0.0649,0.0162,+0.0122,+0.2,,+0.2,-0.6,+7.4,-0.4,,,,+1.490,33900,-0.385,,,,,,,,,
fits-class,30260.05020948432,c,1974,059003.000165,059003.000250,1116,1019,2669,+0.7096,0.097,0.097,,,0.20,0.22,0.010,0.0159,0.1400,0.0725,+0.0718,+0.5,,+0.5,-3.6,+0.9,-0.6,,,,+5.159,13372,-0.487,,,,,,,,,
fits-class,36411.22075693982,c,1974,059003.000127,059003.000221,1154,1055,4565,-0.5866,0.097,0.097,,,0.30,0.26,0.011,0.0160,0.1400,0.0594,-0.1215,-0.8,,-0.8,+2.7,-1.2,-0.7,,,,+6.688,5743,+0.347,,,,,,,,,
fits-class,24364.92190568146,*r,1974,059003.000150,059003.000196,1129,1082,387,+0.4597,0.900,0.900,,,0.87,0.15,0.041,0.0138,0.0649,0.0147,-0.0128,-0.2,,-0.2,-0.9,+5.9,-0.7,,,,+0.495,619,-0.300,,,,,,,,,
fits-class,33528.64919575421,*r,1974,059003.000140,059003.000232,1140,1043,311657,+0.4538,0.900,0.900,,,0.86,0.15,0.089,0.0207,0.0649,0.0125,-0.0203,-0.3,,-0.3,-0.9,+5.6,-0.8,,,,+1.429,28037,-0.484,,,,,,,,,
fits-class,29410.18769041856,*v,1974,059003.000145,059003.000215,1135,1062,5432,-0.5042,0.900,0.900,,,0.88,0.13,0.048,0.0144,0.0628,0.0139,+0.0110,+0.2,,+0.2,+0.9,-6.7,-0.8,,,,-5.028,12640,+0.363,,,,,,,,,
fits-class,33533.741196655,*r,1974,059003.000183,059003.000444,1097,964,18671,+0.4769,0.900,0.900,,,0.86,0.14,0.075,0.0188,0.0649,0.0136,-0.0203,-0.3,,-0.3,-1.0,+5.9,-0.9,,,,-3.663,28037,-0.649,,,,,,,,,
fits-class,30134.00936799842,*r,1974,059003.000150,059003.000224,1129,1049,20324,+0.3946,0.900,0.900,,,0.82,0.17,0.052,0.0155,0.0649,0.0109,-0.0328,-0.5,,-0.5,-1.1,+4.8,-0.9,,,,-7.700,2533,-0.271,,,,,,,,,
fits-class,29564.88284142405,*r,1974,059003.000183,059003.000273,1097,985,9806,+0.4067,0.900,0.900,,,0.82,0.17,0.060,0.0167,0.0649,0.0119,-0.0319,-0.5,,-0.5,-1.1,+4.9,-0.9,,,,+1.409,294385,-0.434,,,,,,,,,
fits-class,49358.1726465861,cl,1969,059003.000151,059003.000656,1128,936,21117,+0.9611,0.616,0.616,,,0.78,0.14,0.039,0.0262,0.1226,0.0438,+0.1597,+1.2,,+1.2,-1.6,+5.7,-1.0,,,,-16.735,7027,-0.610,,,,,,,,,
fits-class,29171.52187845195,*r,1974,059003.000134,059003.000196,1145,1082,794389,+0.4735,0.900,0.900,,,0.82,0.14,0.057,0.0165,0.0649,0.0150,-0.0395,-0.6,,-0.6,-1.3,+5.6,-1.3,,,,+6.396,79727,-0.295,,,,,,,,,
fits-class,34404.23039300962,*r,1974,059003.000141,059003.000239,1138,1033,11114,+0.5683,0.900,0.900,,,0.85,0.12,0.058,0.0167,0.0649,0.0167,-0.0311,-0.5,,-0.5,-1.3,+7.0,-1.4,,,,+2.261,4441,-0.342,,,,,,,,,
fits-class,33491.88791316673,c,1974,059003.000191,059003.000449,1088,939,15751,-0.8519,0.097,0.097,,,0.28,0.18,0.026,0.0242,0.1400,0.0518,-0.1562,-1.0,,-1.0,+4.1,-1.6,-1.4,,,,+0.460,15749,+0.675,,,,,,,,,
fits-class,22120.78913350222,,1974,059003.000183,059003.000240,1097,1034,93,+0.4775,0.802,0.802,,,0.89,0.07,0.289,0.0172,0.0224,0.0152,+0.0398,+1.2,,+1.2,-1.7,+13.2,-1.4,,,,-28.246,234,-0.509,,,,,,,,,
fits-class,30470.51174160855,*v,1974,059003.000145,059003.000221,1135,1055,259153,-0.4833,0.900,0.900,,,0.81,0.14,0.050,0.0147,0.0628,0.0143,+0.0425,+0.6,,+0.6,+1.4,-5.9,-1.5,,,,-15.544,5728,+0.331,,,,,,,,,
fits-class,31766.66004981365,*r,1974,059003.000125,059003.000196,1156,1082,75631,+0.4824,0.900,0.900,,,0.77,0.15,0.091,0.0213,0.0649,0.0153,-0.0624,-0.9,,-0.9,-1.6,+5.3,-1.7,,,,-8.428,34012,-0.315,,,,,,,,,
fits-class,34940.53870109903,*r,1974,059003.000134,059003.000224,1145,1049,11717,+0.4085,0.900,0.900,,,0.70,0.17,0.069,0.0179,0.0649,0.0113,-0.0818,-1.2,,-1.2,-1.8,+4.2,-1.8,,,,-8.658,15141,-0.265,,,,,,,,,
fits-class,40801.18922943246,,1974,059003.000127,059003.000255,1154,1012,3036,-0.6840,0.802,0.802,,,0.87,0.07,0.117,0.0171,0.0415,0.0198,-0.0495,-1.0,,-1.0,+1.7,-12.2,-2.0,,,,-1.969,21265,+0.426,,,,,,,,,
fits-class,33582.64048909667,*r,1974,059003.000141,059003.000237,1138,1039,459945,+0.5759,0.900,0.900,,,0.80,0.12,0.048,0.0151,0.0649,0.0170,-0.0587,-0.9,,-0.9,-1.7,+6.7,-2.1,,,,-2.279,460267,-0.346,,,,,,,,,
fits-class,33763.11836033122,*r,1974,059003.000188,059003.000299,1091,942,86740,+0.5288,0.900,0.900,,,0.68,0.13,0.088,0.0208,0.0649,0.0163,-0.1156,-1.6,,-1.6,-2.4,+5.1,-3.1,,,,+3.713,8663,-0.321,,,,,,,,,
fits-class,27440.78864239821,*v,1974,059003.000133,059003.000195,1148,1083,504,-0.5840,0.900,0.900,,,0.74,0.12,0.081,0.0193,0.0628,0.0181,+0.0936,+1.4,,+1.4,+2.2,-6.3,-3.1,,,,+2.544,4544,+0.319,,,,,,,,,
fits-class,31635.2501798898,*v,1974,059003.000127,059003.000198,1154,1081,74738,-0.9091,0.900,0.900,,,0.85,0.08,0.060,0.0172,0.0628,0.0258,+0.0414,+0.6,,+0.6,+1.9,-11.1,-3.2,,,,+1.411,37375,+0.568,,,,,,,,,
fits-class,33857.76963662686,w**,1974,059003.000151,059003.000255,1128,1012,25164,+0.9596,0.802,0.802,,,0.82,0.09,0.096,0.0143,0.0802,0.0299,+0.0163,+0.2,,+0.2,-2.0,+9.1,-4.0,,,,+4.829,16747,-0.597,,,,,,,,,
fits-class,26252.94113335583,,1974,059003.000165,059003.000220,1116,1056,219,+0.4893,0.802,0.802,,,0.84,0.07,0.214,0.0162,0.0248,0.0191,+0.0201,+0.6,,+0.6,-2.2,+11.7,-4.4,,,,-5.541,2178,-0.336,,,,,,,,,
fits-class,44645.28116358566,,1974,059003.000134,059003.000276,1145,982,10488,+0.5123,0.802,0.802,,,0.75,0.11,0.141,0.0223,0.0480,0.0250,-0.0262,-0.4,,-0.4,-2.2,+6.6,-4.6,,,,-2.271,20958,-0.307,,,,,,,,,
fits-class,26409.08953689273,d,1974,059003.000161,059003.000218,1118,1057,1212,-0.6718,0.802,0.802,,,0.67,0.13,0.024,0.0137,0.0844,0.0247,+0.0864,+1.0,,+1.0,+2.5,-5.1,-5.1,,,,+6.243,974,+0.418,,,,,,,,,
fits-class,48601.39770958263,,1969,059003.000151,059003.000300,1128,941,65298,+0.9297,0.616,0.616,,,0.73,0.10,0.081,0.0273,0.0804,0.0446,+0.1048,+1.1,,+1.1,-2.6,+7.1,-5.7,,,,+12.097,6538,-0.589,,,,,,,,,
fits-class,42635.28076171051,,1974,059003.000151,059003.000281,1128,969,30159,+0.9812,0.802,0.802,,,0.85,0.06,0.149,0.0234,0.0445,0.0323,+0.0438,+0.7,,+0.7,-2.5,+13.9,-5.8,,,,-4.431,40224,-0.624,,,,,,,,,
fits-class,48582.10655345949,,1969,059003.000151,059003.000299,1128,942,6517,+1.1100,0.616,0.616,,,0.74,0.09,0.035,0.0180,0.0804,0.0522,+0.1375,+1.4,,+1.4,-3.0,+8.4,-6.8,,,,+6.631,3261,-0.691,,,,,,,,,
fits-class,32742.90153237493,,1974,059003.000150,059003.000247,1129,1025,29476,+0.4744,0.802,0.802,,,0.78,0.08,0.165,0.0151,0.0307,0.0149,-0.0127,-0.3,,-0.3,-2.9,+9.9,-8.1,,,,-0.683,29479,-0.309,,,,,,,,,
fits-class,39870.89087731417,,1974,059003.000145,059003.000437,1135,989,3934,-0.5166,0.802,0.802,,,0.71,0.09,0.191,0.0214,0.0401,0.0172,+0.0457,+0.9,,+0.9,+3.0,-7.6,-8.4,,,,+0.970,3933,+0.370,,,,,,,,,
fits-class,34149.60186143812,w,1974,059003.000151,059003.000256,1128,1011,4985,+0.9854,0.802,0.802,,,0.84,0.05,0.116,0.0167,0.0333,0.0310,+0.0423,+0.9,,+0.9,-3.2,+17.2,-9.2,,,,+5.099,14922,-0.604,,,,,,,,,
fits-class,39933.78099804732,,1974,059003.000151,059003.000277,1128,978,19455,+0.9484,0.802,0.802,,,0.81,0.06,0.135,0.0214,0.0402,0.0349,+0.0101,+0.2,,+0.2,-3.1,+13.4,-9.6,,,,-1.150,19459,-0.590,,,,,,,,,
fits-class,34046.6807130967,*r,1974,059003.000149,059003.000253,1132,1015,18205,+0.3436,1.000,1.000,,,0.70,0.20,0.086,0.0199,0.0649,0.0000,-0.1038,-1.5,,-1.5,-1.5,+3.5,-10.1,,,,-4.032,7815,-0.259,,,,,,,,,
fits-class,22994.53717648577,,1974,059003.000182,059003.000248,1098,1021,413,-0.7190,0.802,0.802,,,0.84,0.05,0.139,0.0129,0.0228,0.0229,-0.0284,-0.8,,-0.8,+3.3,-17.4,-10.1,,,,-2.244,413,+0.599,,,,,,,,,
fits-class,42866.12116758129,,1974,059003.000151,059003.000282,1128,970,9854,+1.1270,0.802,0.802,,,0.81,0.05,0.114,0.0205,0.0449,0.0345,+0.0121,+0.2,,+0.2,-3.5,+15.2,-12.2,,,,-4.442,49294,-0.687,,,,,,,,,
fits-class,37577.09883952981,,1974,059003.000150,059003.000267,1129,992,5458,+0.5092,0.802,0.802,,,0.62,0.09,0.054,0.0221,0.0367,0.0209,-0.0916,-1.9,,-1.9,-4.0,+6.6,-12.6,0.09,delete,head+rung 1 blend,-6.598,2720,-0.349,,,,,,,,,
fits-class,36150.11854311862,,1974,059003.000151,059003.000264,1128,1001,6088,+0.9921,0.802,0.802,,,0.82,0.05,0.076,0.0138,0.0348,0.0319,+0.0167,+0.3,,+0.3,-3.7,+16.5,-13.2,,,,+0.952,871,-0.631,,,,,,,,,
fits-class,43567.13115592143,w,1974,059003.000151,059003.000286,1128,961,83026,+0.9961,0.802,0.802,,,0.77,0.06,0.102,0.0195,0.0479,0.0320,-0.0272,-0.4,,-0.4,-3.7,+12.7,-13.4,,,,+1.710,73794,-0.634,,,,,,,,,
fits-class,31734.79793786231,*r,1974,059003.000140,059003.000431,1140,1059,33948,+0.3623,1.000,1.000,,,0.74,0.19,0.105,0.0222,0.0649,0.0000,-0.0930,-1.4,,-1.4,-1.4,+3.9,-13.6,,,,+23.434,34012,-0.386,,,,,,,,,
fits-class,32697.16837551107,,1974,059003.000151,059003.000246,1128,1026,25940,+1.0756,0.802,0.802,,,0.82,0.05,0.090,0.0151,0.0306,0.0361,+0.0227,+0.5,,+0.5,-3.8,+17.8,-14.5,,,,-2.020,3707,-0.657,,,,,,,,,
fits-class,32530.3884669815,*r,1974,059003.000150,059003.000433,1129,1031,33928,+0.3745,1.000,1.000,,,0.73,0.18,0.054,0.0155,0.0649,0.0000,-0.0995,-1.5,,-1.5,-1.5,+4.1,-14.8,,,,+15.852,26352,-0.275,,,,,,,,,
fits-class,30525.21900411757,*r,1974,059003.000149,059003.000222,1132,1052,5865,+0.3862,1.000,1.000,,,0.78,0.18,0.100,0.0217,0.0649,0.0000,-0.0847,-1.2,,-1.2,-1.2,+4.4,-17.9,,,,-10.259,2923,-0.309,,,,,,,,,
fits-class,30031.80093208327,*v,1974,059003.000145,059003.000218,1135,1057,17048,-0.4066,1.000,1.000,,,0.74,0.16,0.049,0.0143,0.0628,0.0000,+0.1068,+1.7,,+1.7,+1.7,-4.7,-18.9,,,,+8.937,4889,+0.302,,,,,,,,,
fits-class,33309.79227168651,,1974,059003.000151,059003.000251,1128,1017,13233,+1.0330,0.802,0.802,,,0.80,0.05,0.075,0.0131,0.0313,0.0337,-0.0065,-0.1,,-0.1,-4.4,+17.2,-19.4,,,,+1.378,19843,-0.643,,,,,,,,,
fits-class,29882.83241074527,*r,1974,059003.000140,059003.000207,1140,1071,159757,+0.4043,1.000,1.000,,,0.77,0.17,0.078,0.0189,0.0649,0.0000,-0.0917,-1.4,,-1.4,-1.4,+4.6,-19.5,,,,+0.500,159793,-0.431,,,,,,,,,
fits-class,34626.97931404172,*r,1974,059003.000140,059003.000240,1140,1034,3979,+0.4408,1.000,1.000,,,0.73,0.15,0.084,0.0197,0.0649,0.0000,-0.1182,-1.7,,-1.7,-1.7,+4.8,-19.6,,,,-1.821,11949,-0.470,,,,,,,,,
fits-class,27715.4411347555,*r,1974,059003.000192,059003.000287,1087,962,2456,+0.3686,1.000,1.000,,,0.87,0.19,0.117,0.0237,0.0649,0.0000,-0.0477,-0.7,,-0.7,-0.7,+4.6,-21.1,,,,+28.837,4388,-0.380,,,,,,,,,
fits-class,22878.93971269477,,1974,059003.000165,059003.000200,1116,1077,361,+0.6984,0.802,0.802,,,0.76,0.05,0.195,0.0157,0.0227,0.0223,-0.0276,-0.8,,-0.8,-4.7,+15.0,-21.2,,,,-2.931,90,-0.479,,,,,,,,,
fits-class,26730.24793382232,,1974,059003.000151,059003.000205,1128,1073,2117,+1.0650,0.802,0.802,,,0.80,0.04,0.076,0.0126,0.0251,0.0362,-0.0010,-0.0,,-0.0,-4.6,+18.6,-21.4,,,,+10.031,609,-0.651,,,,,,,,,
fits-class,32973.21790730233,w,1974,059003.000151,059003.000248,1128,1021,32002,+0.9812,0.802,0.802,,,0.77,0.05,0.080,0.0133,0.0319,0.0316,-0.0286,-0.6,,-0.6,-4.8,+16.2,-22.3,,,,+1.433,10664,-0.624,,,,,,,,,
fits-class,19064.47718471377,,1974,059003.000055,059003.000151,1228,1128,181,-1.0103,0.802,0.802,,,0.80,0.04,0.114,0.0140,0.0212,0.0329,+0.0051,+0.1,,+0.1,+4.9,-19.4,-24.3,,,,-3.497,180,+0.629,,,,,,,,,
fits-class,32947.51816207381,*r,1974,059003.000149,059003.000433,1132,1031,321468,+0.3585,1.000,1.000,,,0.95,0.19,0.080,0.0192,0.0649,0.0000,-0.0165,-0.2,,-0.2,-0.2,+5.1,-25.5,,,,-0.370,35721,-0.287,32947.1485 (I 35721),,,,,,,,
fits-class,29758.54279418527,*r,1974,059003.000125,059003.000194,1156,1084,1077684,+0.4902,1.000,1.000,,,0.76,0.14,0.098,0.0215,0.0649,0.0000,-0.1173,-1.7,,-1.7,-1.7,+5.5,-26.8,,,,-4.950,6451,-0.336,,,,,,,,,
fits-class,26285.90112335881,*r,1974,059003.000192,059003.000280,1087,972,893,+0.4148,1.000,1.000,,,0.89,0.16,0.095,0.0210,0.0649,0.0000,-0.0459,-0.7,,-0.7,-0.7,+5.4,-28.8,,,,+4.778,224,-0.490,,,,,,,,,
fits-class,23333.8215957173,,1974,059003.000040,059003.000151,1243,1128,1976,-1.0404,0.802,0.802,,,0.78,0.04,0.095,0.0126,0.0230,0.0320,+0.0279,+0.7,,+0.7,+5.7,-19.5,-31.5,,,,-1.558,99,+0.636,,,,,,,,,
fits-class,29916.44884596406,*v,1974,059003.000142,059003.000209,1139,1068,162172,-0.5015,1.000,1.000,,,0.78,0.13,0.073,0.0177,0.0628,0.0000,+0.1127,+1.7,,+1.7,+1.7,-6.0,-32.5,,,,+2.220,1159511,+0.401,,,,,,,,,
fits-class,34931.8804085109,*v,1974,059003.000127,059003.000212,1154,1066,15141,-0.4850,1.000,1.000,,,0.79,0.13,0.057,0.0155,0.0628,0.0000,+0.1011,+1.6,,+1.6,+1.6,-5.9,-32.8,,,,-4.969,1687,+0.318,,,,,,,,,
fits-class,32468.23221493548,*r,1974,059003.000183,059003.000280,1097,972,34094,+0.4076,1.000,1.000,,,0.95,0.17,0.083,0.0195,0.0649,0.0000,-0.0184,-0.3,,-0.3,-0.3,+5.7,-32.9,,,,+3.737,265100,-0.483,,,,,,,,,
fits-class,29713.35906470405,*r,1974,059003.000188,059003.000289,1091,959,210961,+0.4799,1.000,1.000,,,0.86,0.14,0.109,0.0227,0.0649,0.0000,-0.0681,-1.0,,-1.0,-1.0,+6.0,-34.9,,,,+2.772,12674,-0.279,,,,,,,,,
fits-class,33045.36806616421,*v,1974,059003.000145,059003.000239,1135,1033,245575,-0.4955,1.000,1.000,,,0.81,0.13,0.059,0.0157,0.0628,0.0000,+0.0933,+1.4,,+1.4,+1.4,-6.2,-36.5,,,,-1.138,7018,+0.357,,,,,,,,,
fits-class,33000.49038356786,*r,1974,059003.000150,059003.000248,1129,1021,353815,+0.4295,1.000,1.000,,,0.94,0.15,0.045,0.0140,0.0649,0.0000,-0.0251,-0.4,,-0.4,-0.4,+6.1,-37.0,,,,-6.751,21255,-0.295,,,,,,,,,
fits-class,31468.75852555854,*r,1974,059003.000149,059003.000231,1132,1041,18310,+0.3524,1.000,1.000,,,1.18,0.19,0.074,0.0183,0.0649,0.0000,+0.0622,+0.9,,+0.9,+0.9,+6.1,-37.0,,,,+10.163,7334,-0.265,,,,,,,,,
fits-class,33108.24861536092,*r,1974,059003.000149,059003.000245,1132,1030,69284,+0.4060,1.000,1.000,,,1.02,0.17,0.073,0.0183,0.0649,0.0000,+0.0069,+0.1,,+0.1,+0.1,+6.1,-37.5,,,,+8.939,69155,-0.301,,,,,,,,,
fits-class,30879.97874155331,*r,1974,059003.000150,059003.000229,1129,1044,9768,+0.3968,1.000,1.000,,,1.03,0.17,0.054,0.0155,0.0649,0.0000,+0.0120,+0.2,,+0.2,+0.2,+6.1,-37.5,,,,-76.206,6381,-0.293,,,,,,,,,
fits-class,29686.36919418543,*v,1974,059003.000133,059003.000197,1148,1080,1041196,-0.6014,1.000,1.000,,,0.73,0.11,0.077,0.0182,0.0628,0.0000,+0.1640,+2.5,,+2.5,+2.5,-6.7,-38.4,,,,+2.043,416890,+0.350,,partial:0-1,0.74,+0.1,tail,55%,+0.807,,
fits-class,32777.15920739392,*r,1974,059003.000192,059003.000449,1087,939,29342,+0.4031,1.000,1.000,,,1.06,0.17,0.103,0.0220,0.0649,0.0000,+0.0255,+0.4,,+0.4,+0.4,+6.3,-39.0,,,,-3.061,440308,-0.430,,,,,,,,,
fits-class,33604.63016933139,*r,1974,059003.000140,059003.000233,1140,1042,27410,+0.4480,1.000,1.000,,,0.95,0.15,0.086,0.0200,0.0649,0.0000,-0.0221,-0.3,,-0.3,-0.3,+6.3,-39.2,,,,-2.079,24380,-0.448,,,,,,,,,
fits-class,27945.7827176135,*v,1974,059003.000142,059003.000200,1139,1077,5784,-0.4868,1.000,1.000,,,0.85,0.13,0.066,0.0167,0.0628,0.0000,+0.0735,+1.1,,+1.1,+1.1,-6.4,-39.2,,,,+4.298,6527,+0.426,,,,,,,,,
fits-class,28943.22019151508,*v,1974,059003.000145,059003.000211,1135,1065,97372,-0.4614,1.000,1.000,,,0.89,0.14,0.048,0.0141,0.0628,0.0000,+0.0508,+0.8,,+0.8,+0.8,-6.4,-40.1,,,,+9.421,41966,+0.316,,,,,,,,,
fits-class,28767.9073478415,*v,1974,059003.000145,059003.000210,1135,1067,5000,-0.4532,1.000,1.000,,,0.91,0.14,0.049,0.0142,0.0628,0.0000,+0.0412,+0.6,,+0.6,+0.6,-6.4,-40.5,,,,+6.541,25101,+0.331,,,,,,,,,
fits-class,33337.05103394781,*r,1974,059003.000150,059003.000251,1129,1017,229987,+0.4814,1.000,1.000,,,0.89,0.14,0.044,0.0139,0.0649,0.0000,-0.0509,-0.8,,-0.8,-0.8,+6.5,-41.5,,,,+4.859,29533,-0.313,,,,,,,,,
fits-class,33870.50067794468,*r,1974,059003.000134,059003.000219,1145,1060,25048,+0.5068,1.000,1.000,,,0.86,0.13,0.064,0.0170,0.0649,0.0000,-0.0684,-1.0,,-1.0,-1.0,+6.5,-41.6,,,,+3.500,11118,-0.304,,,,,,,,,
fits-class,21496.54116714597,*v,1974,059003.000043,059003.000149,1240,1132,522,-0.4127,1.000,1.000,,,1.02,0.16,0.069,0.0172,0.0628,0.0000,-0.0089,-0.1,,-0.1,-0.1,-6.5,-41.9,,,,+9.202,404,+0.306,,,,,,,,,
fits-class,28434.46025616245,*r,1974,059003.000150,059003.000215,1129,1062,1009,+0.4845,1.000,1.000,,,0.92,0.14,0.045,0.0141,0.0649,0.0000,-0.0369,-0.6,,-0.6,-0.6,+6.7,-45.1,,,,-13.468,2001,-0.315,,,,,,,,,
fits-class,30330.19827172563,*v,1974,059003.000189,059003.000291,1090,958,246605,-0.5997,1.000,1.000,,,0.81,0.12,0.199,0.0314,0.0628,0.0000,+0.1137,+1.6,,+1.6,+1.6,-6.9,-45.3,,,,+11.264,13757,+0.332,,,,,,,,,
fits-class,27163.47797713254,*r,1974,059003.000134,059003.000194,1145,1084,1237,+0.4814,1.000,1.000,,,0.94,0.14,0.062,0.0168,0.0649,0.0000,-0.0280,-0.4,,-0.4,-0.4,+6.8,-45.6,,,,-2.981,411,-0.315,,,,,,,,,
fits-class,30566.45034702371,*r,1974,059003.000183,059003.000440,1097,974,8917,+0.4404,1.000,1.000,,,1.06,0.16,0.111,0.0230,0.0649,0.0000,+0.0258,+0.4,,+0.4,+0.4,+6.8,-45.7,,,,-13.422,2960,-0.451,,,,,,,,,
fits-class,33241.0084527003,*r,1974,059003.000134,059003.000215,1145,1062,134555,+0.4984,1.000,1.000,,,0.91,0.13,0.061,0.0166,0.0649,0.0000,-0.0429,-0.6,,-0.6,-0.6,+6.8,-45.8,,,,-6.457,505348,-0.310,,,,,,,,,
fits-class,35077.69172169605,*r,1974,059003.000141,059003.000247,1138,1025,7713,+0.5494,1.000,1.000,,,0.84,0.12,0.057,0.0160,0.0649,0.0000,-0.0859,-1.3,,-1.3,-1.3,+6.9,-46.4,,,,-2.720,3090,-0.330,,,,,,,,,
fits-class,28952.6409782112,*r,1974,059003.000165,059003.000238,1116,1035,41966,+0.5230,1.000,1.000,,,0.89,0.13,0.050,0.0149,0.0649,0.0000,-0.0591,-0.9,,-0.9,-0.9,+7.0,-47.8,,,,-9.421,97372,-0.359,,,,,,,,,
fits-class,30108.77025547591,*v,1974,059003.000142,059003.000211,1139,1065,10058,-0.4986,1.000,1.000,,,0.91,0.13,0.063,0.0163,0.0628,0.0000,+0.0467,+0.7,,+0.7,+0.7,-7.0,-48.0,,,,-0.509,7542,+0.434,,,,,,,,,
fits-class,32471.96898796006,*v,1974,059003.000127,059003.000199,1154,1079,265100,-0.5337,1.000,1.000,,,0.86,0.12,0.060,0.0159,0.0628,0.0000,+0.0764,+1.2,,+1.2,+1.2,-7.1,-48.4,,,,-3.737,34094,+0.332,,,,,,,,,
fits-class,30704.43007168728,*r,1974,059003.000165,059003.000253,1116,1015,12406,+0.5189,1.000,1.000,,,0.91,0.13,0.063,0.0169,0.0649,0.0000,-0.0487,-0.7,,-0.7,-0.7,+7.0,-48.6,,,,-14.469,15441,-0.356,,,,,,,,,
fits-class,28047.16226433096,*r,1974,059003.000188,059003.000282,1091,970,23282,+0.5459,1.000,1.000,,,0.89,0.13,0.109,0.0227,0.0649,0.0000,-0.0611,-0.9,,-0.9,-0.9,+7.1,-48.9,,,,+10.910,19550,-0.318,,,,,,,,,
fits-class,37035.65132120386,*r,1974,059003.000165,059003.000277,1116,978,9724,+0.5560,1.000,1.000,,,0.87,0.12,0.104,0.0222,0.0649,0.0000,-0.0700,-1.0,,-1.0,-1.0,+7.1,-49.2,,,,+2.268,3896,-0.370,,,,,,,,,
fits-class,35671.78877383369,*r,1974,059003.000141,059003.000251,1138,1017,9347,+0.5564,1.000,1.000,,,0.85,0.12,0.052,0.0153,0.0649,0.0000,-0.0813,-1.2,,-1.2,-1.2,+7.1,-49.3,,,,+5.992,7239,-0.334,,,,,,,,,
fits-class,34301.28923211725,*r,1974,059003.000134,059003.000221,1145,1055,233181,+0.5193,1.000,1.000,,,0.92,0.13,0.064,0.0170,0.0649,0.0000,-0.0410,-0.6,,-0.6,-0.6,+7.1,-50.4,,,,+4.071,23275,-0.341,,,,,,,,,
fits-class,34832.7116290021,*r,1974,059003.000125,059003.000208,1156,1069,16022,+0.5513,1.000,1.000,,,0.89,0.12,0.102,0.0219,0.0649,0.0000,-0.0591,-0.9,,-0.9,-0.9,+7.2,-50.9,,,,-6.693,1787,-0.378,,,,,,,,,
fits-class,33177.53112358134,*v,1974,059003.000127,059003.000202,1154,1076,68261,-0.4849,1.000,1.000,,,0.96,0.13,0.068,0.0171,0.0628,0.0000,+0.0201,+0.3,,+0.3,+0.3,-7.1,-50.9,,,,-0.529,136539,+0.302,,,,,,,,,
fits-class,22773.89672135922,*r,1974,059003.000149,059003.000194,1132,1084,358,+0.4515,1.000,1.000,,,1.08,0.15,0.073,0.0182,0.0649,0.0000,+0.0342,+0.5,,+0.5,+0.5,+7.2,-51.7,,,,+1.291,223,-0.333,,,,,,,,,
fits-class,32237.58967720913,*r,1974,059003.000134,059003.000208,1145,1069,26809,+0.5424,1.000,1.000,,,0.90,0.12,0.065,0.0172,0.0649,0.0000,-0.0552,-0.8,,-0.8,-0.8,+7.3,-52.0,,,,+5.989,15317,-0.357,,,,,,,,,
fits-class,31248.01061629834,*r,1974,059003.000150,059003.000237,1129,1039,17668,+0.5009,1.000,1.000,,,0.96,0.13,0.043,0.0138,0.0649,0.0000,-0.0193,-0.3,,-0.3,-0.3,+7.3,-52.6,,,,-1.729,14130,-0.325,,,,,,,,,
fits-class,31564.07830969248,*r,1974,059003.000134,059003.000205,1145,1073,22244,+0.5273,1.000,1.000,,,0.92,0.13,0.058,0.0161,0.0649,0.0000,-0.0399,-0.6,,-0.6,-0.6,+7.3,-52.7,,,,-5.999,14819,-0.316,,,,,,,,,
fits-class,32809.80778470567,*r,1974,059003.000165,059003.000261,1116,1004,255561,+0.5572,1.000,1.000,,,0.88,0.12,0.057,0.0160,0.0649,0.0000,-0.0658,-1.0,,-1.0,-1.0,+7.4,-53.1,,,,-3.168,14610,-0.403,,,,,,,,,
fits-class,33185.8487776737,*r,1974,059003.000150,059003.000250,1129,1019,34067,+0.5504,1.000,1.000,,,0.89,0.12,0.053,0.0154,0.0649,0.0000,-0.0593,-0.9,,-0.9,-0.9,+7.4,-53.4,,,,+7.040,13605,-0.377,,,,,,,,,
fits-class,28058.07221845769,*v,1974,059003.000142,059003.000201,1139,1078,19550,-0.5196,1.000,1.000,,,0.92,0.13,0.071,0.0174,0.0628,0.0000,+0.0405,+0.6,,+0.6,+0.6,-7.4,-53.6,,,,-10.910,23282,+0.416,,,,,,,,,
fits-class,33318.50974367787,*r,1974,059003.000125,059003.000201,1156,1078,495152,+0.5292,1.000,1.000,,,0.96,0.13,0.104,0.0222,0.0649,0.0000,-0.0189,-0.3,,-0.3,-0.3,+7.4,-55.3,,,,-4.630,13219,-0.396,,,,,,,,,
fits-class,29936.26185642789,*v,1974,059003.000187,059003.000288,1092,960,16360,-0.6046,1.000,1.000,,,0.84,0.11,0.108,0.0219,0.0628,0.0000,+0.0996,+1.5,,+1.5,+1.5,-7.6,-55.4,,,,-9.963,209417,+0.645,,,,,,,,,
fits-class,34056.93188284726,*r,1974,059003.000140,059003.000236,1140,1036,51800,+0.4818,1.000,1.000,,,1.06,0.14,0.077,0.0187,0.0649,0.0000,+0.0266,+0.4,,+0.4,+0.4,+7.5,-56.5,,,,+1.928,15528,-0.475,,,,,,,,,
fits-class,33718.69189034167,*v,1974,059003.000145,059003.000247,1135,1025,264176,-0.5144,1.000,1.000,,,0.95,0.13,0.053,0.0149,0.0628,0.0000,+0.0266,+0.4,,+0.4,+0.4,-7.6,-56.9,,,,+3.778,20521,+0.369,,,,,,,,,
fits-class,33279.22795361674,*r,1974,059003.000192,059003.000302,1087,934,33333,+0.4896,1.000,1.000,,,1.08,0.14,0.130,0.0251,0.0649,0.0000,+0.0392,+0.6,,+0.6,+0.6,+7.6,-57.4,,,,-3.369,30024,-0.493,,,,,,,,,
fits-class,32069.60953247517,*r,1974,059003.000150,059003.000239,1129,1033,26832,+0.4933,1.000,1.000,,,1.03,0.14,0.053,0.0154,0.0649,0.0000,+0.0128,+0.2,,+0.2,+0.2,+7.6,-57.5,,,,-16.658,30657,-0.321,,,,,,,,,
fits-class,29911.79193823831,*r,1974,059003.000149,059003.000221,1132,1055,69359,+0.4894,1.000,1.000,,,1.05,0.14,0.075,0.0184,0.0649,0.0000,+0.0233,+0.3,,+0.3,+0.3,+7.6,-57.6,,,,+2.220,69427,-0.359,,,,,,,,,
fits-class,29716.13087424561,*r,1974,059003.000183,059003.000274,1097,984,12674,+0.5098,1.000,1.000,,,1.00,0.13,0.066,0.0173,0.0649,0.0000,+0.0020,+0.0,,+0.0,+0.0,+7.6,-58.0,,,,-2.772,210961,-0.507,,,,,,,,,
fits-class,33269.31167947791,*r,1974,059003.000141,059003.000230,1138,1045,66826,+0.6421,1.000,1.000,,,0.82,0.10,0.064,0.0170,0.0649,0.0000,-0.1175,-1.8,,-1.8,-1.8,+7.8,-58.1,,,,+6.547,30024,-0.364,,,,,,,,,
fits-class,25691.7674282756,*r,1974,059003.000183,059003.000261,1097,1004,1631,+0.5517,1.000,1.000,,,0.93,0.12,0.055,0.0157,0.0649,0.0000,-0.0378,-0.6,,-0.6,-0.6,+7.7,-58.9,,,,+22.505,624,-0.540,,,,,,,,,
fits-class,35059.13087117954,*r,1974,059003.000141,059003.000246,1138,1026,9360,+0.5990,1.000,1.000,,,0.87,0.11,0.063,0.0169,0.0649,0.0000,-0.0763,-1.1,,-1.1,-1.1,+7.8,-59.5,,,,+6.949,1554,-0.349,,,,,,,,,
fits-class,32414.85066599095,*v,1974,059003.000145,059003.000235,1135,1037,30413,-0.5294,1.000,1.000,,,0.95,0.12,0.060,0.0159,0.0628,0.0000,+0.0278,+0.4,,+0.4,+0.4,-7.7,-59.8,,,,+7.928,34198,+0.363,,,,,,,,,
fits-class,30091.85033144276,*v,1974,059003.000191,059003.000292,1088,956,14983,-0.6437,1.000,1.000,,,0.83,0.10,0.126,0.0239,0.0628,0.0000,+0.1118,+1.7,,+1.7,+1.7,-7.9,-59.9,,,,-1.711,9982,+0.515,,,,,,,,,
fits-class,27659.72758048411,*v,1974,059003.000139,059003.000197,1141,1080,590,-0.6387,1.000,1.000,,,0.82,0.10,0.095,0.0204,0.0628,0.0000,+0.1127,+1.7,,+1.7,+1.7,-8.0,-60.5,,,,+3.694,592,+0.340,,,,,,,,,
fits-class,30611.10156104082,*r,1974,059003.000134,059003.000200,1145,1077,9044,+0.5531,1.000,1.000,,,0.96,0.12,0.063,0.0169,0.0649,0.0000,-0.0218,-0.3,,-0.3,-0.3,+7.9,-62.6,,,,+12.446,60530,-0.365,,,,,,,,,
fits-class,32959.98807961064,*r,1974,059003.000188,059003.000296,1091,948,32077,+0.5687,1.000,1.000,,,0.97,0.12,0.122,0.0242,0.0649,0.0000,-0.0190,-0.3,,-0.3,-0.3,+7.9,-62.9,,,,-2.286,356552,-0.331,,,,,,,,,
fits-class,29807.77016385438,*v,1974,059003.000182,059003.000275,1098,979,110273,-0.6511,1.000,1.000,,,0.82,0.10,0.078,0.0183,0.0628,0.0000,+0.1182,+1.8,,+1.8,+1.8,-8.1,-63.1,,,,+3.317,11044,+0.521,,,,,,,,,
fits-class,30959.67190736968,*r,1974,059003.000165,059003.000255,1116,1012,66439,+0.5673,1.000,1.000,,,0.94,0.12,0.055,0.0158,0.0649,0.0000,-0.0347,-0.5,,-0.5,-0.5,+8.0,-63.3,,,,+22.886,3340,-0.377,,,,,,,,,
fits-class,28384.56046516824,*r,1974,059003.000149,059003.000211,1132,1065,29295,+0.5114,1.000,1.000,,,1.05,0.13,0.071,0.0180,0.0649,0.0000,+0.0255,+0.4,,+0.4,+0.4,+8.0,-63.4,,,,-4.833,29201,-0.374,,,,,,,,,
fits-class,33874.00077396032,*v,1974,059003.000191,059003.000656,1088,936,11118,-0.6846,1.000,1.000,,,0.83,0.10,0.198,0.0313,0.0628,0.0000,+0.1141,+1.6,,+1.6,+1.6,-8.1,-63.5,,,,-3.500,25048,+0.570,,,,,,,,,
fits-class,33522.10786061705,*r,1974,059003.000183,059003.000285,1097,963,28103,+0.5228,1.000,1.000,,,1.04,0.13,0.097,0.0214,0.0649,0.0000,+0.0220,+0.3,,+0.3,+0.3,+8.0,-63.5,,,,-2.027,468668,-0.517,,,,,,,,,
fits-class,35176.90060597709,*r,1974,059003.000125,059003.000209,1156,1068,29016,+0.5472,1.000,1.000,,,1.00,0.13,0.106,0.0224,0.0649,0.0000,+0.0011,+0.0,,+0.0,+0.0,+8.0,-63.8,,,,+1.449,11596,-0.410,,,,,,,,,
fits-class,34708.24115819159,*v,1974,059003.000127,059003.000210,1154,1067,7624,-0.5564,1.000,1.000,,,0.94,0.12,0.059,0.0158,0.0628,0.0000,+0.0337,+0.5,,+0.5,+0.5,-8.1,-64.9,,,,-4.989,1911,+0.346,,,,,,,,,
fits-class,32598.76023588068,*r,1974,059003.000134,059003.000210,1145,1067,561905,+0.5494,1.000,1.000,,,0.98,0.12,0.061,0.0165,0.0649,0.0000,-0.0091,-0.1,,-0.1,-0.1,+8.1,-65.1,,,,-6.059,14993,-0.342,,,,,,,,,
fits-class,32774.09811420761,*r,1974,059003.000134,059003.000211,1145,1065,440308,+0.5413,1.000,1.000,,,1.00,0.12,0.060,0.0165,0.0649,0.0000,+0.0007,+0.0,,+0.0,+0.0,+8.1,-65.5,,,,+3.061,29342,-0.356,,,,,,,,,
fits-class,34360.81058645465,*v,1974,059003.000187,059003.000654,1092,944,11344,-0.6042,1.000,1.000,,,0.93,0.11,0.157,0.0272,0.0628,0.0000,+0.0444,+0.6,,+0.6,+0.6,-8.2,-66.5,,,,-1.370,13621,+0.683,,,,,,,,,
fits-class,26221.57021814353,*r,1974,059003.000149,059003.000200,1132,1077,857,+0.5232,1.000,1.000,,,1.06,0.13,0.074,0.0184,0.0649,0.0000,+0.0298,+0.4,,+0.4,+0.4,+8.2,-67.0,,,,-10.462,426,-0.382,,,,,,,,,
fits-class,28488.84756434394,*r,1974,059003.000188,059003.000284,1091,967,3138,+0.5962,1.000,1.000,,,0.95,0.11,0.102,0.0219,0.0649,0.0000,-0.0323,-0.5,,-0.5,-0.5,+8.2,-67.6,,,,-11.280,20767,-0.336,,,,,,,,,
fits-class,33355.68116982978,*v,1974,059003.000127,059003.000203,1154,1075,490471,-0.5309,1.000,1.000,,,1.01,0.12,0.059,0.0158,0.0628,0.0000,-0.0071,-0.1,,-0.1,-0.1,-8.3,-69.0,,,,-5.620,22922,+0.344,,,,,,,,,
fits-class,29918.66902117281,*v,1974,059003.000139,059003.000206,1141,1072,1159511,-0.6657,1.000,1.000,,,0.84,0.10,0.098,0.0208,0.0628,0.0000,+0.1053,+1.6,,+1.6,+1.6,-8.5,-69.2,,,,-2.220,162172,+0.369,,,,,,,,,
fits-class,29765.90875709611,*r,1974,059003.000165,059003.000245,1116,1030,10814,+0.5812,1.000,1.000,,,0.95,0.11,0.050,0.0149,0.0649,0.0000,-0.0267,-0.4,,-0.4,-0.4,+8.3,-69.2,,,,+4.431,65021,-0.399,,,,,,,,,
fits-class,27208.70720567267,*r,1974,059003.000165,059003.000224,1116,1049,1704,+0.5539,1.000,1.000,,,1.00,0.12,0.058,0.0161,0.0649,0.0000,+0.0023,+0.0,,+0.0,+0.0,+8.3,-69.2,,,,-5.266,424,-0.380,,,,,,,,,
fits-class,24498.06343137784,*v,1974,059003.000142,059003.000194,1139,1084,335,-0.5585,1.000,1.000,,,0.98,0.12,0.064,0.0165,0.0628,0.0000,+0.0115,+0.2,,+0.2,+0.2,-8.4,-70.9,,,,-1.350,502,+0.475,,,,,,,,,
fits-class,31246.28131400148,*r,1974,059003.000134,059003.000203,1145,1075,14130,+0.5750,1.000,1.000,,,0.99,0.12,0.060,0.0165,0.0649,0.0000,-0.0085,-0.1,,-0.1,-0.1,+8.5,-71.6,,,,+1.729,17668,-0.344,,,,,,,,,
fits-class,33580.3611249551,*v,1974,059003.000142,059003.000235,1139,1037,460267,-0.5666,1.000,1.000,,,0.98,0.12,0.075,0.0179,0.0628,0.0000,+0.0134,+0.2,,+0.2,+0.2,-8.5,-71.7,,,,+2.279,459945,+0.481,,,,,,,,,
fits-class,32720.5082187052,*v,1974,059003.000127,059003.000200,1154,1077,258656,-0.5528,1.000,1.000,,,1.00,0.12,0.062,0.0161,0.0628,0.0000,+0.0019,+0.0,,+0.0,+0.0,-8.5,-72.2,,,,+3.030,18468,+0.324,,,,,,,,,
fits-class,33251.9194882022,*r,1974,059003.000165,059003.000264,1116,1001,201313,+0.5998,1.000,1.000,,,0.95,0.11,0.052,0.0152,0.0649,0.0000,-0.0316,-0.5,,-0.5,-0.5,+8.5,-72.4,,,,-10.911,134555,-0.411,,,,,,,,,
fits-class,28192.23210743996,*r,1974,059003.000149,059003.000209,1132,1068,5146,+0.5085,1.000,1.000,,,1.16,0.13,0.081,0.0192,0.0649,0.0000,+0.0799,+1.2,,+1.2,+1.2,+8.7,-74.2,,,,-15.081,2547,-0.407,,,,,,,,,
fits-class,32455.96787275179,*r,1974,059003.000141,059003.000223,1138,1051,568718,+0.5937,1.000,1.000,,,0.97,0.11,0.053,0.0154,0.0649,0.0000,-0.0168,-0.3,,-0.3,-0.3,+8.6,-74.8,,,,+12.264,34094,-0.345,,,,,,,,,
fits-class,29992.0511071546,*v,1974,059003.000145,059003.000217,1135,1058,143669,-0.5602,1.000,1.000,,,1.01,0.12,0.057,0.0155,0.0628,0.0000,-0.0047,-0.1,,-0.1,-0.1,-8.7,-76.3,,,,+12.918,14447,+0.360,,,,,,,,,
fits-class,28718.48871500768,*v,1974,059003.000189,059003.000443,1090,965,1212,-0.7097,1.000,1.000,,,0.94,0.11,0.322,0.0434,0.0628,0.0000,+0.0416,+0.5,,+0.5,+0.5,-8.8,-76.3,,,,-17.470,4795,+0.402,,,,,,,,,
fits-class,32571.13845730511,*r,1974,059003.000140,059003.000222,1140,1052,30048,+0.5192,1.000,1.000,,,1.17,0.13,0.102,0.0218,0.0649,0.0000,+0.0867,+1.3,,+1.3,+1.3,+8.8,-76.7,,,,+1.622,33799,-0.505,,,,,,,,,
fits-class,29092.23862520488,*r,1974,059003.000141,059003.000205,1138,1073,455517,+0.5884,1.000,1.000,,,0.99,0.11,0.049,0.0148,0.0649,0.0000,-0.0032,-0.0,,-0.0,-0.0,+8.8,-77.3,,,,-36.061,223045,-0.342,,,,,,,,,
fits-class,32656.61131418483,*v,1974,059003.000182,059003.000281,1098,969,33509,-0.7190,1.000,1.000,,,0.85,0.09,0.116,0.0228,0.0628,0.0000,+0.1087,+1.6,,+1.6,+1.6,-9.1,-80.8,,,,+2.318,26056,+0.599,,,,,,,,,
fits-class,29566.29153734938,*v,1974,059003.000148,059003.000218,1131,1057,294385,-0.6864,1.000,1.000,,,0.86,0.09,0.048,0.0142,0.0628,0.0000,+0.0979,+1.5,,+1.5,+1.5,-9.1,-81.2,,,,-1.409,9806,+0.427,,,,,,,,,
fits-class,30362.54843908361,*r,1974,059003.000134,059003.000199,1145,1079,249527,+0.5722,1.000,1.000,,,1.06,0.12,0.061,0.0166,0.0649,0.0000,+0.0357,+0.5,,+0.5,+0.5,+9.1,-82.1,,,,-9.229,13816,-0.356,,,,,,,,,
fits-class,32500.71121742377,*r,1974,059003.000141,059003.000225,1138,1050,26452,+0.6341,1.000,1.000,,,0.99,0.11,0.078,0.0189,0.0649,0.0000,-0.0087,-0.1,,-0.1,-0.1,+9.3,-85.6,,,,-2.851,30238,-0.359,,,,,,,,,
fits-class,34651.87007007292,*r,1974,059003.000165,059003.000267,1116,992,11783,+0.6685,1.000,1.000,,,0.96,0.10,0.110,0.0229,0.0649,0.0000,-0.0274,-0.4,,-0.4,-0.4,+9.3,-86.6,,,,-15.330,9898,-0.458,,,,,,,,,
fits-class,31157.55962572026,*v,1974,059003.000142,059003.000217,1139,1058,13888,-0.5975,1.000,1.000,,,1.01,0.11,0.071,0.0174,0.0628,0.0000,-0.0088,-0.1,,-0.1,-0.1,-9.3,-86.6,,,,-0.931,13886,+0.478,,,,,,,,,
fits-class,33192.88903041465,*v,1974,059003.000142,059003.000231,1139,1041,13605,-0.6576,1.000,1.000,,,0.92,0.10,0.065,0.0166,0.0628,0.0000,+0.0500,+0.8,,+0.8,+0.8,-9.4,-86.9,,,,+5.883,67937,+0.543,,,,,,,,,
fits-class,33117.18785076771,*v,1974,059003.000191,059003.000300,1088,941,69155,-0.7160,1.000,1.000,,,0.92,0.10,0.205,0.0320,0.0628,0.0000,+0.0546,+0.8,,+0.8,+0.8,-9.4,-87.5,,,,-8.939,69284,+0.591,,,,,,,,,
fits-class,25887.32821198707,*r,1974,059003.000188,059003.000441,1091,975,14530,+0.6921,1.000,1.000,,,0.97,0.10,0.168,0.0292,0.0649,0.0000,-0.0237,-0.3,,-0.3,-0.3,+9.4,-88.1,,,,+7.884,976,-0.389,,,,,,,,,
fits-class,32957.70185389611,*r,1974,059003.000125,059003.000199,1156,1079,356552,+0.5811,1.000,1.000,,,1.11,0.12,0.098,0.0215,0.0649,0.0000,+0.0644,+0.9,,+0.9,+0.9,+9.4,-88.3,,,,+2.286,32077,-0.377,,,,,,,,,
fits-class,33932.39811764036,*r,1974,059003.000141,059003.000234,1138,1040,21756,+0.6135,1.000,1.000,,,1.03,0.11,0.067,0.0175,0.0649,0.0000,+0.0190,+0.3,,+0.3,+0.3,+9.4,-88.5,,,,+1.140,21747,-0.370,,,,,,,,,
fits-class,33666.87035105083,*v,1974,059003.000145,059003.000245,1135,1030,238870,-0.5668,1.000,1.000,,,1.07,0.11,0.050,0.0145,0.0628,0.0000,-0.0420,-0.7,,-0.7,-0.7,-9.4,-88.8,,,,-3.581,119573,+0.389,,,,,,,,,
fits-class,33156.3610481552,*r,1974,059003.000134,059003.000213,1145,1064,342898,+0.6195,1.000,1.000,,,1.03,0.11,0.068,0.0175,0.0649,0.0000,+0.0191,+0.3,,+0.3,+0.3,+9.5,-90.1,,,,+2.409,20563,-0.370,,,,,,,,,
fits-class,16390.52883374833,*r,1974,059003.000040,059003.000127,1243,1154,4011,+0.6033,1.000,1.000,,,1.06,0.11,0.053,0.0153,0.0649,0.0000,+0.0345,+0.5,,+0.5,+0.5,+9.6,-91.2,,,,+18.431,251,-0.386,,,,,,,,,
fits-class,35969.77037380749,*r,1974,059003.000165,059003.000437,1116,989,3542,+0.6314,1.000,1.000,,,1.03,0.11,0.095,0.0210,0.0649,0.0000,+0.0215,+0.3,,+0.3,+0.3,+9.6,-91.5,,,,+2.798,3554,-0.417,,,,,,,,,
fits-class,33056.14998652372,*r,1974,059003.000188,059003.000297,1091,947,105025,+0.6473,1.000,1.000,,,1.04,0.11,0.152,0.0276,0.0649,0.0000,+0.0277,+0.4,,+0.4,+0.4,+9.6,-91.5,,,,-3.812,3503,-0.364,,,,,,,,,
fits-class,31455.37039067726,*v,1974,059003.000139,059003.000214,1141,1061,25586,-0.7111,1.000,1.000,,,0.90,0.09,0.104,0.0214,0.0628,0.0000,+0.0698,+1.1,,+1.1,+1.1,-9.7,-92.3,,,,-9.832,32850,+0.394,,,,,,,,,
fits-class,34883.480270443,*v,1974,059003.000127,059003.000211,1154,1065,6919,-0.5646,1.000,1.000,,,1.11,0.11,0.059,0.0157,0.0628,0.0000,-0.0606,-0.9,,-0.9,-0.9,-9.7,-92.4,,,,+4.331,5177,+0.332,,,,,,,,,
fits-class,33588.42961716503,*v,1974,059003.000182,059003.000286,1098,961,122434,-0.7040,1.000,1.000,,,0.90,0.09,0.083,0.0190,0.0628,0.0000,+0.0681,+1.0,,+1.0,+1.0,-9.7,-92.9,,,,+5.753,61108,+0.589,,,,,,,,,
fits-class,28774.44802767158,*r,1974,059003.000141,059003.000203,1138,1075,25101,+0.6361,1.000,1.000,,,1.01,0.10,0.052,0.0152,0.0649,0.0000,+0.0091,+0.1,,+0.1,+0.1,+9.7,-93.7,,,,-6.541,5000,-0.370,,,,,,,,,
fits-class,32275.23133522888,*v,1974,059003.000142,059003.000224,1139,1049,34433,-0.6314,1.000,1.000,,,1.00,0.10,0.073,0.0177,0.0628,0.0000,-0.0011,-0.0,,-0.0,-0.0,-9.7,-93.9,,,,-10.643,11481,+0.525,,,,,,,,,
fits-class,29926.29922651892,*v,1974,059003.000161,059003.000244,1118,1027,209417,-0.6664,1.000,1.000,,,0.94,0.10,0.049,0.0143,0.0628,0.0000,+0.0409,+0.6,,+0.6,+0.6,-9.7,-93.9,,,,-7.630,1159511,+0.415,,,,,,,,,
fits-class,32822.41946136412,*r,1974,059003.000134,059003.000212,1145,1066,364417,+0.6209,1.000,1.000,,,1.05,0.11,0.059,0.0163,0.0649,0.0000,+0.0319,+0.5,,+0.5,+0.5,+9.8,-95.0,,,,+10.183,10916,-0.371,,,,,,,,,
fits-class,31945.14794913054,*v,1974,059003.000133,059003.000206,1148,1072,34387,-0.6284,1.000,1.000,,,1.03,0.10,0.082,0.0189,0.0628,0.0000,-0.0161,-0.2,,-0.2,-0.2,-9.8,-96.5,,,,-41.359,19070,+0.379,,,,,,,,,
fits-class,33673.43844131225,*v,1974,059003.000127,059003.000205,1154,1073,446925,-0.5786,1.000,1.000,,,1.12,0.11,0.056,0.0154,0.0628,0.0000,-0.0671,-1.0,,-1.0,-1.0,-10.0,-98.7,,,,-6.568,238870,+0.372,,,,,,,,,
fits-class,32798.10235857089,*v,1974,059003.000187,059003.000294,1092,952,29256,-0.6968,1.000,1.000,,,0.95,0.10,0.119,0.0231,0.0628,0.0000,+0.0314,+0.5,,+0.5,+0.5,-9.9,-98.7,,,,+3.027,10966,+0.743,,,,,,,,,
fits-class,33275.85915704714,*v,1974,059003.000191,059003.000654,1088,944,30024,-0.7331,1.000,1.000,,,0.94,0.09,0.171,0.0287,0.0628,0.0000,+0.0445,+0.6,,+0.6,+0.6,-10.0,-99.1,,,,+3.369,33333,+0.586,,,,,,,,,
fits-class,32865.91169299723,*r,1974,059003.000165,059003.000262,1116,1003,217214,+0.6525,1.000,1.000,,,1.03,0.10,0.065,0.0172,0.0649,0.0000,+0.0184,+0.3,,+0.3,+0.3,+10.0,-99.8,,,,-6.143,362369,-0.430,,,,,,,,,
fits-class,28322.69922743209,*r,1974,059003.000165,059003.000237,1116,1039,8433,+0.6601,1.000,1.000,,,1.01,0.10,0.047,0.0145,0.0649,0.0000,+0.0050,+0.1,,+0.1,+0.1,+10.0,-100.0,,,,+15.693,14203,-0.435,,,,,,,,,
fits-class,33663.2893722456,*r,1974,059003.000125,059003.000202,1156,1076,119573,+0.6299,1.000,1.000,,,1.10,0.11,0.105,0.0223,0.0649,0.0000,+0.0649,+0.9,,+0.9,+0.9,+10.1,-101.6,,,,-2.949,17953,-0.407,,,,,,,,,
fits-class,33021.14820828749,*v,1974,059003.000142,059003.000229,1139,1044,70490,-0.6292,1.000,1.000,,,1.05,0.10,0.073,0.0177,0.0628,0.0000,-0.0330,-0.5,,-0.5,-0.5,-10.2,-102.8,,,,+4.111,7044,+0.503,,,,,,,,,
fits-class,29272.878289749,*v,1974,059003.000127,059003.000194,1154,1084,504373,-0.6245,1.000,1.000,,,1.05,0.10,0.061,0.0160,0.0628,0.0000,-0.0341,-0.5,,-0.5,-0.5,-10.2,-103.0,,,,-4.818,11738,+0.373,,,,,,,,,
fits-class,29377.67221311089,*r,1974,059003.000192,059003.000292,1087,956,88978,+0.6113,1.000,1.000,,,1.15,0.11,0.098,0.0214,0.0649,0.0000,+0.0929,+1.4,,+1.4,+1.4,+10.3,-104.3,,,,+27.488,12640,-0.590,,,,,,,,,
fits-class,34181.99141732266,*v,1974,059003.000187,059003.000447,1092,943,4916,-0.6906,1.000,1.000,,,1.00,0.10,0.128,0.0242,0.0628,0.0000,+0.0031,+0.0,,+0.0,+0.0,-10.2,-104.4,,,,+3.611,12272,+0.737,,,,,,,,,
fits-class,32027.32137226058,*v,1974,059003.000145,059003.000231,1135,1041,26812,-0.6204,1.000,1.000,,,1.06,0.10,0.051,0.0146,0.0628,0.0000,-0.0396,-0.6,,-0.6,-0.6,-10.2,-104.4,,,,-2.613,34471,+0.425,,,,,,,,,
fits-class,33481.89061049968,*v,1974,059003.000133,059003.000214,1148,1061,1579612,-0.6738,1.000,1.000,,,1.00,0.10,0.086,0.0193,0.0628,0.0000,+0.0021,+0.0,,+0.0,+0.0,-10.2,-104.5,,,,+5.339,18926,+0.404,,,,,,,,,
fits-class,26261.63063477127,*r,1974,059003.000150,059003.000202,1129,1076,660,+0.6071,1.000,1.000,,,1.13,0.11,0.053,0.0154,0.0649,0.0000,+0.0797,+1.2,,+1.2,+1.2,+10.3,-104.6,,,,-8.690,219,-0.392,,,,,,,,,
fits-class,33559.56233525679,*v,1974,059003.000182,059003.000285,1098,963,27791,-0.7794,1.000,1.000,,,0.87,0.08,0.092,0.0201,0.0628,0.0000,+0.0978,+1.5,,+1.5,+1.5,-10.3,-104.7,,,,-4.211,21643,+0.624,,,,,,,,,
fits-class,30411.84025905879,*r,1974,059003.000165,059003.000251,1116,1017,5643,+0.6406,1.000,1.000,,,1.08,0.10,0.048,0.0146,0.0649,0.0000,+0.0489,+0.7,,+0.7,+0.7,+10.4,-106.9,,,,-3.051,8456,-0.423,,,,,,,,,
fits-class,33283.02801209371,*v,1974,059003.000142,059003.000233,1139,1042,29972,-0.6950,1.000,1.000,,,0.97,0.09,0.077,0.0182,0.0628,0.0000,+0.0182,+0.3,,+0.3,+0.3,-10.3,-107.0,,,,-3.800,33333,+0.556,,,,,,,,,
fits-class,28379.72772481769,*r,1974,059003.000140,059003.000201,1140,1078,29201,+0.6234,1.000,1.000,,,1.14,0.11,0.080,0.0192,0.0649,0.0000,+0.0855,+1.3,,+1.3,+1.3,+10.5,-108.1,,,,+4.833,29295,-0.588,,,,,,,,,
fits-class,33735.28145733586,*v,1974,059003.000142,059003.000236,1139,1036,58379,-0.6613,1.000,1.000,,,1.03,0.10,0.067,0.0168,0.0628,0.0000,-0.0187,-0.3,,-0.3,-0.3,-10.5,-109.3,,,,+4.078,5830,+0.529,,,,,,,,,
fits-class,32681.97897066675,*r,1974,059003.000141,059003.000226,1138,1048,556860,+0.6520,1.000,1.000,,,1.07,0.10,0.058,0.0161,0.0649,0.0000,+0.0488,+0.7,,+0.7,+0.7,+10.5,-109.3,,,,+5.429,3710,-0.369,,,,,,,,,
fits-class,34605.4183315038,*v,1974,059003.000145,059003.000253,1135,1015,12071,-0.6291,1.000,1.000,,,1.09,0.10,0.065,0.0166,0.0628,0.0000,-0.0547,-0.8,,-0.8,-0.8,-10.5,-110.1,,,,-4.109,10081,+0.431,,,,,,,,,
fits-class,35350.46188491322,*v,1974,059003.000127,059003.000215,1154,1062,11675,-0.6075,1.000,1.000,,,1.13,0.11,0.060,0.0159,0.0628,0.0000,-0.0777,-1.2,,-1.2,-1.2,-10.6,-110.4,,,,+3.967,3881,+0.378,,,,,,,,,
fits-class,30350.55275066974,*r,1974,059003.000141,059003.000212,1138,1066,11042,+0.6820,1.000,1.000,,,1.03,0.10,0.050,0.0149,0.0649,0.0000,+0.0186,+0.3,,+0.3,+0.3,+10.5,-110.6,,,,+2.767,13816,-0.397,,,,,,,,,
fits-class,29770.3397857261,*r,1974,059003.000183,059003.000275,1097,979,65021,+0.6511,1.000,1.000,,,1.11,0.10,0.084,0.0197,0.0649,0.0000,+0.0689,+1.0,,+1.0,+1.0,+10.6,-111.6,,,,-4.431,10814,-0.620,,,,,,,,,
fits-class,30623.54769176726,*v,1974,059003.000133,059003.000199,1148,1079,60530,-0.7499,1.000,1.000,,,0.93,0.09,0.077,0.0182,0.0628,0.0000,+0.0541,+0.8,,+0.8,+0.8,-10.6,-112.5,,,,+1.021,6055,+0.423,,,,,,,,,
fits-class,30341.46199490542,*r,1974,059003.000188,059003.000291,1091,958,13757,+0.7522,1.000,1.000,,,0.99,0.09,0.132,0.0254,0.0649,0.0000,-0.0082,-0.1,,-0.1,-0.1,+10.7,-114.0,,,,+9.091,11042,-0.422,,,,,,,,,
fits-class,29422.47808808731,*v,1974,059003.000161,059003.000239,1118,1033,63783,-0.7607,1.000,1.000,,,0.91,0.08,0.055,0.0152,0.0628,0.0000,+0.0664,+1.0,,+1.0,+1.0,-10.7,-114.4,,,,+2.864,547536,+0.473,,,,,,,,,
fits-class,33541.21131962623,*v,1974,059003.000139,059003.000227,1141,1047,1552486,-0.7284,1.000,1.000,,,1.00,0.09,0.141,0.0256,0.0628,0.0000,+0.0029,+0.0,,+0.0,+0.0,-10.7,-114.5,,,,-0.513,15527,+0.412,,,,,,,,,
fits-class,14997.60670509249,*r,1974,059003.000043,059003.000127,1240,1154,58,+0.6633,1.000,1.000,,,1.08,0.10,0.049,0.0148,0.0649,0.0000,+0.0520,+0.8,,+0.8,+0.8,+10.7,-114.9,,,,+3.396,576,-0.399,,,,,,,,,
fits-class,31319.53057698276,*v,1974,059003.000142,059003.000220,1139,1056,3579,-0.6960,1.000,1.000,,,1.00,0.09,0.068,0.0171,0.0628,0.0000,-0.0026,-0.0,,-0.0,-0.0,-10.7,-115.2,,,,-30.819,10679,+0.570,,,,,,,,,
fits-class,32014.84057184892,*v,1974,059003.000182,059003.000279,1098,971,26805,-0.7950,1.000,1.000,,,0.89,0.08,0.078,0.0183,0.0628,0.0000,+0.0840,+1.3,,+1.3,+1.3,-10.9,-116.5,,,,-3.958,38288,+0.636,,,,,,,,,
fits-class,33417.34988171625,*v,1974,059003.000133,059003.000213,1148,1064,64333,-0.7026,1.000,1.000,,,1.02,0.09,0.083,0.0190,0.0628,0.0000,-0.0107,-0.2,,-0.2,-0.2,-10.9,-118.2,,,,-1.789,25746,+0.409,,,,,,,,,
fits-class,32264.58882244054,*v,1974,059003.000187,059003.000293,1092,953,11481,-0.6934,1.000,1.000,,,1.06,0.10,0.132,0.0246,0.0628,0.0000,-0.0416,-0.6,,-0.6,-0.6,-10.9,-118.4,,,,+10.643,34433,+0.740,,,,,,,,,
fits-class,31056.78087573344,*v,1974,059003.000139,059003.000212,1141,1066,10195,-0.7386,1.000,1.000,,,0.97,0.09,0.092,0.0200,0.0628,0.0000,+0.0210,+0.3,,+0.3,+0.3,-10.9,-118.4,,,,-37.271,67390,+0.398,,,,,,,,,
fits-class,29753.59235706151,*v,1974,059003.000182,059003.000274,1098,984,6451,-0.7925,1.000,1.000,,,0.90,0.08,0.059,0.0157,0.0628,0.0000,+0.0827,+1.3,,+1.3,+1.3,-11.0,-118.6,,,,-1.630,10743,+0.634,,,,,,,,,
fits-class,30684.58178381043,*r,1974,059003.000141,059003.000213,1138,1064,6167,+0.6806,1.000,1.000,,,1.07,0.10,0.059,0.0163,0.0649,0.0000,+0.0504,+0.8,,+0.8,+0.8,+10.9,-118.8,,,,+5.379,15441,-0.396,,,,,,,,,
fits-class,33288.07954319312,*v,1974,059003.000161,059003.000263,1118,1002,498909,-0.7035,1.000,1.000,,,1.02,0.09,0.073,0.0177,0.0628,0.0000,-0.0115,-0.2,,-0.2,-0.2,-11.0,-120.1,,,,+3.969,33228,+0.451,,,,,,,,,
fits-class,31802.08913679315,*v,1974,059003.000133,059003.000204,1148,1074,26539,-0.7259,1.000,1.000,,,1.00,0.09,0.088,0.0195,0.0628,0.0000,-0.0010,-0.0,,-0.0,-0.0,-11.1,-122.2,,,,-2.459,75814,+0.408,,,,,,,,,
fits-class,31280.9699919752,*v,1974,059003.000127,059003.000196,1154,1082,24883,-0.6323,1.000,1.000,,,1.14,0.10,0.059,0.0157,0.0628,0.0000,-0.0903,-1.4,,-1.4,-1.4,-11.2,-122.7,,,,+7.742,10679,+0.393,,,,,,,,,
fits-class,29056.1776463368,*r,1974,059003.000150,059003.000218,1129,1057,223045,+0.5822,1.000,1.000,,,1.30,0.11,0.007,0.0138,0.0649,0.0000,+0.1749,+2.6,,+2.6,+2.6,+11.4,-123.2,0.17,,hfs of f26s,+36.061,455517,-0.376,,partial:0-1,0.71,+5.2,tail,53%,-1.120,,
fits-class,29514.53126078416,*v,1974,059003.000187,059003.000287,1092,962,11470,-0.7575,1.000,1.000,,,0.99,0.09,0.128,0.0241,0.0628,0.0000,+0.0073,+0.1,,+0.1,+0.1,-11.2,-124.4,,,,+5.420,1917,+0.821,,,,,,,,,
fits-class,30631.47220502287,*v,1974,059003.000148,059003.000223,1131,1051,18204,-0.7499,1.000,1.000,,,0.97,0.09,0.049,0.0143,0.0628,0.0000,+0.0241,+0.4,,+0.4,+0.4,-11.3,-126.8,,,,-4.144,6060,+0.479,,,,,,,,,
fits-class,30238.09206933824,*r,1974,059003.000140,059003.000209,1140,1068,264684,+0.6415,1.000,1.000,,,1.21,0.11,0.082,0.0194,0.0649,0.0000,+0.1356,+2.0,,+2.0,+2.0,+11.5,-127.6,,,,+13.507,2661,-0.602,,partial:0-1,0.52,+6.6,tail,35%,-1.393,,
fits-class,29151.12758490881,*r,1974,059003.000151,059003.000220,1128,1056,3141,+0.8817,1.000,1.000,,,0.87,0.08,0.044,0.0139,0.0649,0.0000,-0.1179,-1.8,,-1.8,-1.8,+11.5,-129.3,,,,-6.895,9386,-0.556,,,,,,,,,
fits-class,32948.63202699854,*v,1974,059003.000189,059003.000296,1090,948,32141,-0.7832,1.000,1.000,,,1.02,0.09,0.193,0.0308,0.0628,0.0000,-0.0131,-0.2,,-0.2,-0.2,-11.4,-129.5,,,,-1.114,321468,+0.423,,,,,,,,,
fits-class,33993.30112077538,*v,1974,059003.000191,059003.000302,1088,934,18595,-0.7654,1.000,1.000,,,1.02,0.09,0.158,0.0273,0.0628,0.0000,-0.0179,-0.3,,-0.3,-0.3,-11.4,-130.8,,,,+9.620,10586,+0.612,,,,,,,,,
fits-class,30004.96945398204,*v,1974,059003.000148,059003.000221,1131,1055,14447,-0.7632,1.000,1.000,,,0.97,0.08,0.051,0.0147,0.0628,0.0000,+0.0211,+0.3,,+0.3,+0.3,-11.5,-132.3,,,,-12.918,143669,+0.457,,,,,,,,,
fits-class,31507.27821728021,*v,1974,059003.000133,059003.000203,1148,1075,110434,-0.7471,1.000,1.000,,,1.01,0.09,0.076,0.0180,0.0628,0.0000,-0.0071,-0.1,,-0.1,-0.1,-11.5,-133.3,,,,+5.641,3684,+0.435,,,,,,,,,
fits-class,29480.69212946007,*v,1974,059003.000139,059003.000203,1141,1075,187863,-0.7845,1.000,1.000,,,0.97,0.08,0.094,0.0203,0.0628,0.0000,+0.0222,+0.3,,+0.3,+0.3,-11.6,-133.4,,,,-27.253,1852205,+0.425,,,,,,,,,
fits-class,27941.23056395247,*v,1974,059003.000148,059003.000208,1131,1069,5045,-0.7401,1.000,1.000,,,1.01,0.09,0.053,0.0150,0.0628,0.0000,-0.0055,-0.1,,-0.1,-0.1,-11.5,-133.4,,,,+4.552,5784,+0.441,,,,,,,,,
fits-class,31758.23200965993,*v,1974,059003.000148,059003.000237,1131,1039,34012,-0.7678,1.000,1.000,,,0.97,0.08,0.047,0.0140,0.0628,0.0000,+0.0199,+0.3,,+0.3,+0.3,-11.6,-135.0,,,,+8.428,75631,+0.478,,,,,,,,,
fits-class,35414.80184012539,*v,1974,059003.000133,059003.000226,1148,1048,11184,-0.7312,1.000,1.000,,,1.06,0.09,0.082,0.0188,0.0628,0.0000,-0.0405,-0.6,,-0.6,-0.6,-11.8,-138.2,,,,-4.173,3738,+0.435,,,,,,,,,
fits-class,28302.36300927319,*v,1974,059003.000148,059003.000210,1131,1067,1848,-0.7331,1.000,1.000,,,1.04,0.09,0.048,0.0142,0.0628,0.0000,-0.0306,-0.5,,-0.5,-0.5,-11.9,-140.5,,,,+2.420,1851,+0.456,,,,,,,,,
fits-class,30689.9609997576,*v,1974,059003.000161,059003.000251,1118,1017,15441,-0.7726,1.000,1.000,,,0.99,0.08,0.045,0.0137,0.0628,0.0000,+0.0094,+0.1,,+0.1,+0.1,-11.9,-141.0,,,,-5.379,6167,+0.481,,,,,,,,,
fits-class,33143.99828759109,*v,1974,059003.000161,059003.000262,1118,1003,309434,-0.7607,1.000,1.000,,,1.01,0.09,0.063,0.0164,0.0628,0.0000,-0.0101,-0.2,,-0.2,-0.2,-11.9,-141.1,,,,+12.363,342898,+0.473,,,,,,,,,
fits-class,28035.83855336313,*v,1974,059003.000189,059003.000282,1090,970,6930,-0.8060,1.000,1.000,,,1.02,0.09,0.181,0.0296,0.0628,0.0000,-0.0199,-0.3,,-0.3,-0.3,-11.9,-141.4,,,,+11.324,23282,+0.436,,,,,,,,,
fits-class,29575.44093549632,*v,1974,059003.000145,059003.000216,1135,1063,295743,-0.6968,1.000,1.000,,,1.11,0.09,0.050,0.0145,0.0628,0.0000,-0.0756,-1.2,,-1.2,-1.2,-12.0,-142.3,,,,-6.113,9828,+0.469,,,,,,,,,
fits-class,35233.56951230932,*v,1974,059003.000133,059003.000225,1148,1050,12597,-0.7491,1.000,1.000,,,1.07,0.09,0.102,0.0212,0.0628,0.0000,-0.0492,-0.7,,-0.7,-0.7,-12.0,-144.5,,,,-7.211,2812,+0.445,,,,,,,,,
fits-class,33847.28031010478,*v,1974,059003.000148,059003.000251,1131,1017,196468,-0.7873,1.000,1.000,,,0.99,0.08,0.048,0.0141,0.0628,0.0000,+0.0102,+0.2,,+0.2,+0.2,-12.1,-145.7,,,,-9.301,253451,+0.490,,,,,,,,,
fits-class,34305.36025964274,*v,1974,059003.000142,059003.000240,1139,1034,23275,-0.7022,1.000,1.000,,,1.14,0.09,0.075,0.0180,0.0628,0.0000,-0.0987,-1.5,,-1.5,-1.5,-12.3,-148.0,,,,+3.039,13946,+0.534,,,,,,,,,
fits-class,29648.14162692535,*r,1974,059003.000165,059003.000244,1116,1027,204401,+0.7469,1.000,1.000,,,1.09,0.09,0.052,0.0152,0.0649,0.0000,+0.0670,+1.0,,+1.0,+1.0,+12.2,-148.0,,,,-7.560,4073,-0.489,,,,,,,,,
fits-class,33388.15205613737,*v,1974,059003.000139,059003.000226,1141,1048,64841,-0.7686,1.000,1.000,,,1.06,0.09,0.098,0.0208,0.0628,0.0000,-0.0439,-0.7,,-0.7,-0.7,-12.3,-150.4,,,,-6.394,22733,+0.426,,,,,,,,,
fits-class,27267.65926515636,*v,1974,059003.000148,059003.000205,1131,1073,889,-0.7552,1.000,1.000,,,1.05,0.09,0.045,0.0137,0.0628,0.0000,-0.0358,-0.6,,-0.6,-0.6,-12.3,-151.1,,,,-2.098,444,+0.482,,,,,,,,,
fits-class,33234.55144724719,*v,1974,059003.000148,059003.000246,1131,1026,505348,-0.7446,1.000,1.000,,,1.08,0.09,0.060,0.0160,0.0628,0.0000,-0.0613,-0.9,,-0.9,-0.9,-12.4,-153.8,,,,+6.457,134555,+0.476,,,,,,,,,
fits-class,32859.76867303757,*v,1974,059003.000133,059003.000210,1148,1067,362369,-0.7727,1.000,1.000,,,1.06,0.08,0.077,0.0181,0.0628,0.0000,-0.0434,-0.7,,-0.7,-0.7,-12.5,-155.4,,,,+6.143,217214,+0.437,,,,,,,,,
fits-class,37191.60033617563,*v,1974,059003.000161,059003.000276,1118,982,13011,-0.7556,1.000,1.000,,,1.09,0.09,0.092,0.0200,0.0628,0.0000,-0.0692,-1.0,,-1.0,-1.0,-12.5,-155.5,,,,-2.839,15151,+0.482,,,,,,,,,
fits-class,33975.61830804793,*v,1974,059003.000139,059003.000230,1141,1045,187239,-0.7785,1.000,1.000,,,1.07,0.09,0.104,0.0215,0.0628,0.0000,-0.0564,-0.8,,-0.8,-0.8,-12.6,-157.5,,,,-1.029,8028,+0.431,,,,,,,,,
fits-class,29561.19767798972,*v,1974,059003.000142,059003.000207,1139,1071,587260,-0.7387,1.000,1.000,,,1.12,0.09,0.069,0.0171,0.0628,0.0000,-0.0876,-1.3,,-1.3,-1.3,-12.7,-159.4,,,,+3.685,9806,+0.572,,,,,,,,,
fits-class,29425.34175653342,*r,1974,059003.000134,059003.000197,1145,1080,547536,+0.7208,1.000,1.000,,,1.19,0.09,0.062,0.0167,0.0649,0.0000,+0.1364,+2.0,,+2.0,+2.0,+12.8,-159.4,,,,-2.864,63783,-0.429,,partial:0-1,0.73,+5.0,tail,56%,-1.277,,
fits-class,34117.47198819012,*v,1974,059003.000148,059003.000252,1131,1016,126317,-0.7757,1.000,1.000,,,1.07,0.08,0.080,0.0185,0.0628,0.0000,-0.0571,-0.9,,-0.9,-0.9,-12.7,-161.0,,,,-2.533,7587,+0.494,,,,,,,,,
fits-class,29702.0500078707,*v,1974,059003.000189,059003.000289,1090,959,104910,-0.8720,1.000,1.000,,,1.01,0.08,0.180,0.0296,0.0628,0.0000,-0.0093,-0.1,,-0.1,-0.1,-12.7,-161.2,,,,+5.959,10521,+0.475,,,,,,,,,
fits-class,26130.81255749015,*r,1974,059003.000165,059003.000218,1116,1057,1820,+0.7414,1.000,1.000,,,1.16,0.09,0.049,0.0147,0.0649,0.0000,+0.1177,+1.8,,+1.8,+1.8,+12.9,-163.6,,,,+22.075,205,-0.485,,,,,,,,,
fits-class,34131.52076559248,*v,1974,059003.000133,059003.000219,1148,1060,50230,-0.8154,1.000,1.000,,,1.04,0.08,0.079,0.0185,0.0628,0.0000,-0.0311,-0.5,,-0.5,-0.5,-12.9,-167.0,,,,-8.330,2520,+0.474,,,,,,,,,
fits-class,29212.40219300614,*r,1974,059003.000141,059003.000206,1138,1072,487724,+0.7549,1.000,1.000,,,1.17,0.09,0.058,0.0162,0.0649,0.0000,+0.1247,+1.9,,+1.9,+1.9,+13.2,-169.5,,,,+18.375,246376,-0.426,,,,,,,,,
fits-class,33162.18014424414,*v,1974,059003.000139,059003.000223,1141,1051,308217,-0.8269,1.000,1.000,,,1.04,0.08,0.094,0.0203,0.0628,0.0000,-0.0348,-0.5,,-0.5,-0.5,-13.1,-170.1,,,,-3.410,20563,+0.450,,,,,,,,,
fits-class,35188.81095220476,*v,1974,059003.000133,059003.000223,1148,1051,11520,-0.7895,1.000,1.000,,,1.09,0.08,0.077,0.0182,0.0628,0.0000,-0.0739,-1.1,,-1.1,-1.1,-13.2,-173.1,,,,+4.847,2871,+0.459,,,,,,,,,
fits-class,30353.31973453909,*v,1974,059003.000161,059003.000248,1118,1021,13816,-0.8245,1.000,1.000,,,1.03,0.08,0.046,0.0138,0.0628,0.0000,-0.0234,-0.4,,-0.4,-0.4,-13.2,-173.7,,,,-2.767,11042,+0.500,,,,,,,,,
fits-class,29774.95007131333,*r,1974,059003.000125,059003.000195,1156,1083,1086019,+0.7470,1.000,1.000,,,1.25,0.09,0.105,0.0223,0.0649,0.0000,+0.1846,+2.7,,+2.7,+2.7,+13.6,-177.1,,,,-4.610,65021,-0.480,,partial:0-1,0.71,+5.8,tail,53%,-1.397,,
fits-class,29798.45961648488,*v,1974,059003.000139,059003.000205,1141,1073,548993,-0.8322,1.000,1.000,,,1.07,0.08,0.091,0.0200,0.0628,0.0000,-0.0545,-0.8,,-0.8,-0.8,-13.5,-180.4,,,,-5.428,15333,+0.453,,,,,,,,,
fits-class,21077.58030948721,*v,1974,059003.000189,059003.000263,1090,1002,227,-0.8309,1.000,1.000,,,1.12,0.08,0.161,0.0276,0.0628,0.0000,-0.0972,-1.4,,-1.4,-1.4,-13.5,-181.1,,,,-18.022,23008,+0.451,,,,,,,,,
fits-class,27179.81977089047,*r,1974,059003.000134,059003.000195,1145,1083,12515,+0.7381,1.000,1.000,,,1.26,0.09,0.070,0.0178,0.0649,0.0000,+0.1920,+2.9,,+2.9,+2.9,+13.8,-182.9,,,,-5.039,12469,-0.459,,partial:0-1,0.70,+6.1,tail,53%,-1.384,,
fits-class,33510.63129618652,*v,1974,059003.000148,059003.000248,1131,1021,28198,-0.8391,1.000,1.000,,,1.04,0.08,0.049,0.0143,0.0628,0.0000,-0.0332,-0.5,,-0.5,-0.5,-13.5,-183.2,,,,-4.523,125490,+0.509,,,,,,,,,
fits-class,26953.47899504949,*r,1974,059003.000141,059003.000197,1138,1080,3189,+0.7819,1.000,1.000,,,1.17,0.09,0.053,0.0154,0.0649,0.0000,+0.1326,+2.0,,+2.0,+2.0,+13.7,-184.0,,,,-15.646,701,-0.455,,,,,,,,,
fits-class,33530.07836225224,*v,1974,059003.000161,059003.000264,1118,1001,28037,-0.8135,1.000,1.000,,,1.08,0.08,0.049,0.0143,0.0628,0.0000,-0.0669,-1.0,,-1.0,-1.0,-13.7,-185.7,,,,-1.429,311657,+0.492,,,,,,,,,
fits-class,33501.99886187989,*v,1974,059003.000133,059003.000215,1148,1062,28269,-0.8237,1.000,1.000,,,1.09,0.08,0.077,0.0182,0.0628,0.0000,-0.0725,-1.1,,-1.1,-1.1,-13.7,-186.6,,,,-2.999,9431,+0.468,,,,,,,,,
fits-class,35765.37920293219,*v,1974,059003.000139,059003.000246,1141,1026,4962,-0.8216,1.000,1.000,,,1.11,0.08,0.105,0.0216,0.0628,0.0000,-0.0927,-1.4,,-1.4,-1.4,-13.8,-187.7,,,,+23.323,568,+0.446,,,,,,,,,
fits-class,33040.75864405885,*v,1974,059003.000148,059003.000243,1131,1028,7023,-0.8661,1.000,1.000,,,1.03,0.08,0.071,0.0175,0.0628,0.0000,-0.0284,-0.4,,-0.4,-0.4,-13.7,-188.1,,,,-1.310,24586,+0.527,,,,,,,,,
fits-class,29602.34223667826,*v,1974,059003.000182,059003.000273,1098,985,199831,-0.8956,1.000,1.000,,,1.00,0.07,0.054,0.0151,0.0628,0.0000,+0.0042,+0.1,,+0.1,+0.1,-13.8,-190.5,,,,+7.105,2005,+0.707,,,,,,,,,
fits-class,30044.04928806501,*v,1974,059003.000161,059003.000245,1118,1030,48960,-0.8320,1.000,1.000,,,1.08,0.08,0.047,0.0140,0.0628,0.0000,-0.0703,-1.1,,-1.1,-1.1,-14.0,-195.5,,,,-3.312,4889,+0.505,,,,,,,,,
fits-class,34686.97849041181,*v,1974,059003.000148,059003.000256,1131,1011,13494,-0.8349,1.000,1.000,,,1.10,0.08,0.071,0.0174,0.0628,0.0000,-0.0827,-1.3,,-1.3,-1.3,-14.1,-196.6,,,,-4.637,13528,+0.528,,,,,,,,,
fits-class,35544.97123677869,*v,1974,059003.000139,059003.000242,1141,1029,10228,-0.8446,1.000,1.000,,,1.18,0.08,0.193,0.0308,0.0628,0.0000,-0.1517,-2.2,,-2.2,-2.2,-14.2,-198.2,,,,+8.269,1130,+0.474,,partial:0-1,0.74,-5.3,tail,57%,+1.467,,
fits-class,29584.9108080546,*v,1974,059003.000191,059003.000290,1088,957,99050,-0.8766,1.000,1.000,,,1.09,0.08,0.121,0.0233,0.0628,0.0000,-0.0783,-1.2,,-1.2,-1.2,-14.3,-201.8,,,,-9.470,295743,+0.701,,,,,,,,,
fits-class,29432.54108217329,*v,1974,059003.000133,059003.000196,1148,1082,549613,-0.8486,1.000,1.000,,,1.10,0.08,0.076,0.0181,0.0628,0.0000,-0.0853,-1.3,,-1.3,-1.3,-14.3,-202.5,,,,+4.819,1102011,+0.484,,,,,,,,,
fits-class,31237.80906670606,*v,1974,059003.000161,059003.000255,1118,1012,14107,-0.8460,1.000,1.000,,,1.09,0.08,0.053,0.0148,0.0628,0.0000,-0.0764,-1.2,,-1.2,-1.2,-14.3,-202.9,,,,+2.450,7057,+0.526,,,,,,,,,
fits-class,30644.19811301751,*v,1974,059003.000148,059003.000224,1131,1049,18275,-0.8740,1.000,1.000,,,1.07,0.07,0.059,0.0157,0.0628,0.0000,-0.0592,-0.9,,-0.9,-0.9,-14.4,-206.9,,,,+8.691,9162,+0.533,,,,,,,,,
fits-class,29883.33252569954,*v,1974,059003.000161,059003.000243,1118,1028,159793,-0.8515,1.000,1.000,,,1.11,0.08,0.068,0.0171,0.0628,0.0000,-0.0957,-1.5,,-1.5,-1.5,-14.6,-209.7,,,,-0.500,159757,+0.518,,,,,,,,,
fits-class,30982.55823626389,*v,1974,059003.000161,059003.000253,1118,1015,3340,-0.8944,1.000,1.000,,,1.09,0.07,0.062,0.0161,0.0628,0.0000,-0.0812,-1.3,,-1.3,-1.3,-15.0,-224.8,,,,-22.886,66439,+0.548,,,,,,,,,
fits-class,29230.77763521812,*v,1974,059003.000161,059003.000238,1118,1035,246376,-0.8902,1.000,1.000,,,1.10,0.07,0.047,0.0140,0.0628,0.0000,-0.0847,-1.3,,-1.3,-1.3,-15.2,-227.8,,,,+8.831,13205,+0.545,,,,,,,,,
fits-class,29688.41213892296,*v,1974,059003.000148,059003.000220,1131,1056,416890,-0.9386,1.000,1.000,,,1.13,0.07,0.053,0.0149,0.0628,0.0000,-0.1215,-1.9,,-1.9,-1.9,-16.4,-266.1,,,,-2.043,1041196,+0.577,,,,,,,,,
