level_id,cfg,J,A_cm-1,u_A,source,n_flagged,superseded_on,reason
059003.000234,f5d2,4.5,+0.0285,0.0071,"resolved components, 1 pattern, 1 position (Step 4 anchored fit, 2026-10-05)",2,2026-10-07,replaced: the calculated A is much more accurate and agrees
059003.000276,f5d2,5.5,+0.0204,0.0074,"resolved components, 1 pattern, 1 position (Step 4 anchored fit, 2026-10-05)",1,2026-10-07,replaced: the calculated A is much more accurate and agrees
059003.000267,f5d2,3.5,+0.0333,0.0086,"resolved components, 1 pattern, 1 position (Step 4 anchored fit, 2026-10-05)",1,2026-10-07,replaced: the calculated A is much more accurate and agrees
059003.000250,f5d2,3.5,+0.0380,0.0081,"resolved components, 1 pattern, 1 position (Step 4 anchored fit, 2026-10-05)",2,2026-10-07,replaced: the calculated A is much more accurate and agrees
059003.000277,f5d2,4.5,+0.0159,0.0084,"resolved components, 1 pattern, 1 position (Step 4 anchored fit, 2026-10-05)",1,2026-10-07,replaced: the calculated A is much more accurate and agrees
059003.000055,4f3,4.5,+0.0214,0.0050,"rungs 1 and 2 of 1228-1116 (21962.950 and 21963.279), 2026-10-02",0,2026-10-07,replaced: the calculated A is much more accurate and agrees
059003.000432,f5d2,1.5,+0.0416,0.0180,"center of gravity of the companion 32426.086 of 1140-1053, with A(000140) = -0.0796 (0.9638 x -0.0826), 2026-10-02, recomputed 2026-10-04",1,2026-10-07,replaced: the calculated A is much more accurate and agrees
059003.000656,f5d2,3.5,+0.0219,0.0052,"resolved components, 1 pattern, 2 positions (Step 4 anchored fit, 2026-10-05)",1,2026-10-07,replaced: the calculated A is much more accurate and agrees
059003.000270,f5d2,2.5,+0.0385,0.0210,"center of gravity of 35378.125 (1116-991), 2026-10-02",0,2026-10-07,replaced: the calculated A is much more accurate and agrees
059003.000151,f25d,4.5,-0.0684,0.0057,"resolved components, 1 pattern, 1 position (Step 4 anchored fit, 2026-10-05)",3,2026-10-07,dismissed by the user 2026-10-07: a 4f2 5d level with no other sign of a wide pattern; the one printed companion (29150.549 of 29151.147 *r) is taken to be another line (hfs_A_fit.SET_ASIDE)
059003.000198,f5d2,3.5,-0.0040,0.0090,"center of gravity of 21793.442 (1116-1081), 2026-10-02",1,2026-10-07,"dismissed by the user 2026-10-07: the center of gravity of 21793.442 (1116-1081), a line too weak to be trusted"
