level_id,iden2_row,J,leading,status,round,z_A,n_down,n_up,dof,chi2_n,p,mean_pull_up
059003.000001,1253,4.5,-97 4f3 (4I) 4I,good_I,3,,0,11,11,0.65,0.784,-0.17
059003.000031,1252,5.5,99 4f3 (4I) 4I,good_I,3,,0,14,14,0.46,0.953,-0.13
059003.000032,1251,6.5,-99 4f3 (4I) 4I,good_I,3,,0,9,9,1.71,0.0816,-0.08
059003.000033,1250,7.5,99 4f3 (4I) 4I,good_I,3,,0,5,5,0.60,0.698,+0.24
059003.000034,1249,1.5,96 4f3 (4F) 4F,good_I,4,,0,9,9,0.99,0.446,+0.41
059003.000035,1248,4.5,77 4f3 (2H) 2H2,good_I,2,,0,18,18,1.43,0.108,-0.24
059003.000036,1247,2.5,-97 4f3 (4F) 4F,good_I,3,,0,16,16,1.13,0.319,+0.04
059003.000037,1246,3.5,96 4f3 (4F) 4F,good_I,2,,0,22,22,1.41,0.0946,+0.01
059003.000038,1245,1.5,-96 4f3 (4S) 4S,good_I,3,,0,13,13,0.52,0.914,-0.05
059003.000039,1244,4.5,-87 4f3 (4F) 4F,good_I,2,,0,14,14,1.15,0.308,-0.00
059003.000040,1243,5.5,90 4f3 (2H) 2H2,good_A,0,+0.0,0,12,12,1.10,0.355,+0.06
059003.000041,1242,4.5,-68 f25d (3H) 4I,doubtful,,,0,41,41,1.99,0.000175,+0.32
059003.000042,1241,5.5,89 f25d (3H) 4K,good_I,2,,0,16,16,1.89,0.0166,+0.18
059003.000043,1240,3.5,65 4f3 (2G) 2G1,good_A,0,-0.3,0,18,18,1.15,0.291,+0.06
059003.000044,1239,2.5,98 4f3 (4G) 4G,good_I,3,,0,11,11,1.41,0.16,-0.38
059003.000045,1238,4.5,69 f25d (3H) 4I,good_I,1,,2,39,40,1.07,0.347,-0.04
059003.000046,1236,5.5,66 f25d (3H) 4I,good_I,1,,3,46,48,1.45,0.0225,+0.11
059003.000047,1237,2.5,-72 f25d (3H) 4G,good_I,1,,0,21,21,1.93,0.00633,-0.02
059003.000048,1234,3.5,88 4f3 (4G) 4G,good_I,2,,0,11,11,0.74,0.7,-0.03
059003.000049,1235,6.5,-96 f25d (3H) 4K,good_I,1,,2,20,21,0.90,0.592,-0.22
059003.000050,1233,5.5,71 f25d (3H) 4I,good_I,1,,3,34,36,1.79,0.00245,-0.21
059003.000051,1232,4.5,67 4f3 (4G) 4G,good_I,2,,0,13,13,1.09,0.362,+0.25
059003.000052,1230,6.5,99 4f3 (2K) 2K,good_I,2,,0,11,11,0.75,0.687,-0.28
059003.000053,1231,3.5,62 f25d (3H) 4H,good_I,1,,0,31,31,1.16,0.245,+0.01
059003.000054,1229,3.5,68 f25d (3H) 4H,good_I,1,,0,31,31,2.49,8.08e-06,-0.37
059003.000055,1228,4.5,-70 4f3 (4G) 4G,good_A,0,+0.8,0,11,11,0.64,0.797,+0.17
059003.000056,1227,1.5,-68 4f3 (2D) 2D1,good_I,3,,0,9,9,0.79,0.63,+0.63
059003.000057,1226,6.5,99 f25d (3H) 4I,good_I,1,,3,26,28,0.71,0.869,-0.21
059003.000058,1224,5.5,96 4f3 (4G) 4G,good_I,2,,0,6,6,1.51,0.172,-0.25
059003.000059,1223,7.5,-99 f25d (3H) 4K,good_I,1,,2,14,15,1.27,0.208,-0.22
059003.000060,1225,4.5,63 f25d (3H) 4H,good_I,1,,2,36,37,1.42,0.0452,-0.04
059003.000061,1222,7.5,98 4f3 (2K) 2K,good_I,3,,0,6,6,0.78,0.589,-0.05
059003.000062,1221,4.5,67 f25d (3H) 4H,good_I,1,,2,38,39,0.98,0.504,-0.02
059003.000063,1218,2.5,56 f25d (3H) 2F,good_I,1,,0,40,40,1.22,0.165,-0.28
059003.000064,1220,5.5,66 f25d (3H) 2I,good_I,1,,3,49,51,0.99,0.498,-0.33
059003.000065,1219,0.5,96 4f3 (2P) 2P,good_I,4,,0,7,7,0.28,0.963,+0.34
059003.000066,1217,7.5,98 f25d (3H) 4I,good_I,2,,2,12,13,0.95,0.5,-0.20
059003.000067,1216,3.5,-92 f25d (3F) 4H,good_I,1,,0,16,16,1.16,0.296,+0.07
059003.000068,1215,2.5,-97 4f3 (2D) 2D1,good_I,3,,0,11,11,0.23,0.995,+0.00
059003.000069,1214,5.5,-76 f25d (3H) 4H,doubtful,,,2,34,35,2.07,0.000205,-0.08
059003.000070,1213,6.5,70 f25d (3H) 2I,good_I,1,,3,31,33,1.26,0.143,+0.08
059003.000071,1211,8.5,-99 f25d (3H) 4K,good_I,3,,0,5,5,1.98,0.0786,+0.05
059003.000072,1212,5.5,57 f25d (3H) 4G,good_I,1,,2,37,38,1.25,0.142,+0.11
059003.000073,1207,3.5,51 f25d (3H) 4F,doubtful,,,2,60,61,1.86,5.29e-05,+0.05
059003.000074,1210,1.5,-83 f25d (3H) 4F,good_I,2,,2,15,16,1.03,0.419,-0.45
059003.000075,1209,4.5,92 f25d (3F) 4H,good_I,1,,3,18,20,1.09,0.352,+0.19
059003.000076,1205,2.5,62 f25d (3H) 4F,good_I,1,,2,29,30,0.88,0.652,-0.09
059003.000077,1206,1.5,-71 4f3 (2P) 2P,good_I,4,,0,7,7,0.35,0.931,+0.25
059003.000078,1204,1.5,-83 f25d (3F) 4P,good_I,1,,2,22,23,1.33,0.134,-0.16
059003.000079,1203,6.5,85 f25d (3H) 4H,good_I,1,,2,28,29,1.35,0.1,+0.00
059003.000080,1201,3.5,-53 f25d (3F) 2F,good_I,1,,2,46,47,0.96,0.552,+0.06
059003.000081,1202,2.5,-61 f25d (3F) 4G,good_I,1,,2,26,27,0.67,0.9,+0.17
059003.000082,1199,4.5,54 f25d (1G) 2H,good_I,1,,4,47,50,0.88,0.709,-0.14
059003.000083,1197,2.5,-68 f25d (3F) 4P,good_I,1,,3,33,35,1.00,0.462,+0.09
059003.000084,1198,5.5,92 f25d (3F) 4H,good_I,1,,3,20,22,0.80,0.728,+0.07
059003.000085,1196,3.5,-61 f25d (3F) 4G,good_I,1,,3,38,40,1.07,0.355,-0.12
059003.000086,1195,1.5,-73 f25d (3F) 4D,good_I,1,,2,19,20,0.82,0.689,-0.06
059003.000087,1193,3.5,48 f25d (3H) 2G,good_I,1,,4,38,41,1.06,0.364,-0.01
059003.000088,1194,4.5,67 f25d (3H) 4F,good_I,1,,2,41,42,1.05,0.376,+0.18
059003.000089,1192,1.5,49 f25d (3F) 4F,good_I,1,,2,18,19,1.39,0.117,-0.48
059003.000090,1190,1.5,88 4f3 (4D) 4D,good_I,4,,0,8,8,0.65,0.733,-0.10
059003.000091,1191,6.5,-85 f25d (3F) 4H,good_I,1,,2,24,25,0.99,0.474,-0.04
059003.000092,1189,2.5,86 4f3 (4D) 4D,good_I,3,,0,12,12,0.43,0.951,-0.13
059003.000093,1187,5.5,60 f25d (1G) 2H,good_I,1,,5,39,43,1.05,0.38,-0.26
059003.000094,1185,0.5,96 4f3 (4D) 4D,good_I,5,,0,3,3,0.61,0.609,-0.77
059003.000095,1184,2.5,-57 f25d (3F) 4F,good_I,1,,4,30,33,1.95,0.000874,+0.31
059003.000096,1183,6.5,86 f25d (3H) 2K,good_I,1,,2,32,33,1.01,0.457,+0.04
059003.000097,1186,3.5,-46 f25d (1G) 2G,good_I,1,,5,43,47,0.65,0.971,+0.00
059003.000098,1188,2.5,-89 f25d (3F) 4D,good_I,1,,4,20,23,2.68,2.13e-05,+0.13
059003.000099,1182,4.5,69 f25d (3F) 4G,good_I,2,,3,47,49,1.37,0.0419,+0.18
059003.000100,1181,0.5,74 f25d (3F) 4D,fail,,,0,5,5,3.02,0.01,-0.39
059003.000101,1178,1.5,-62 f25d (3F) 4F,good_I,1,,4,14,17,1.01,0.448,-0.36
059003.000102,1176,1.5,-68 f25d (3F) 2P,good_I,1,,3,19,21,1.63,0.0338,+0.82
059003.000103,1180,5.5,91 4f3 (2I) 2I,good_I,2,,0,9,9,0.39,0.943,-0.38
059003.000104,1177,2.5,-55 f25d (3F) 4F,good_I,1,,6,34,39,1.10,0.312,-0.15
059003.000105,1179,3.5,-77 f25d (3F) 4D,good_I,1,,5,30,34,1.27,0.132,+0.26
059003.000106,1175,4.5,-70 f25d (3H) 2G,good_I,1,,4,40,43,2.58,6.6e-08,+0.54
059003.000107,1174,3.5,97 4f3 (4D) 4D,good_I,3,,0,6,6,0.88,0.509,+0.43
059003.000108,1173,4.5,55 f25d (1G) 2G,good_I,1,,6,38,43,1.69,0.00317,+0.01
059003.000109,1172,7.5,98 4f3 (2L) 2L,good_I,3,,0,5,5,2.03,0.0712,+0.15
059003.000110,1171,6.5,-98 4f3 (2I) 2I,good_I,3,,0,7,7,0.17,0.991,-0.24
059003.000111,1170,3.5,-62 f25d (3F) 4F,good_I,2,,7,44,50,1.40,0.0317,+0.38
059003.000112,1167,2.5,-41 f25d (1G) 2D,good_I,1,,5,38,42,1.24,0.138,-0.21
059003.000113,1168,7.5,-91 f25d (3H) 2K,good_I,2,,0,18,18,0.79,0.719,+0.08
059003.000114,1169,5.5,-62 f25d (3F) 4G,good_I,1,,5,29,33,1.05,0.394,+0.26
059003.000115,1165,3.5,-51 f25d (3H) 2F,good_I,1,,6,39,44,1.78,0.00109,+0.09
059003.000116,1166,8.5,100 4f3 (2L) 2L,good_I,4,,0,3,3,1.01,0.388,-0.19
059003.000117,1164,1.5,-85 4f3 (2D) 2D2,good_I,4,,0,9,9,1.21,0.285,+0.31
059003.000118,1163,4.5,92 4f3 (2H) 2H1,untested,,,0,1,1,0.03,0.867,+0.17
059003.000119,1162,3.5,64 f25d (3F) 2G,good_I,1,,5,39,43,2.16,1.61e-05,+0.45
059003.000120,1160,5.5,-79 f25d (1G) 2I,good_I,1,,5,34,38,0.91,0.62,+0.12
059003.000121,1161,2.5,74 f25d (1G) 2D,good_I,1,,3,24,26,0.93,0.562,+0.16
059003.000122,1159,2.5,-75 4f3 (2D) 2D2,good_I,3,,0,8,8,1.28,0.247,-0.65
059003.000123,1158,4.5,-66 f25d (3F) 4F,good_I,1,,8,33,40,1.00,0.466,+0.23
059003.000124,1157,5.5,-81 4f3 (2H) 2H1,good_I,3,,0,7,7,1.80,0.0823,+0.29
059003.000125,1156,3.5,-97 f26s (3H) 4H,good_A,0,+0.3,0,18,18,1.86,0.0145,-0.91
059003.000126,1155,4.5,71 f25d (3F) 2G,good_I,1,,6,48,53,2.66,6.46e-10,+0.45
059003.000127,1154,4.5,-74 f26s (3H) 4H,doubtful,,-9.4,2,39,40,2.10,5.82e-05,-0.26
059003.000128,1153,1.5,81 f25d (1G) 2D,good_I,1,,2,11,12,1.48,0.125,-0.21
059003.000129,1151,6.5,-82 f25d (1G) 2I,good_I,1,,4,29,32,0.69,0.903,-0.14
059003.000130,1152,2.5,73 f25d (1G) 2F,good_I,1,,5,33,37,0.73,0.886,+0.13
059003.000131,1150,4.5,59 f25d (3F) 2H,good_I,1,,3,35,37,0.82,0.777,+0.23
059003.000132,1149,5.5,-73 f25d (3F) 2H,good_I,1,,5,43,47,0.62,0.981,+0.11
059003.000133,1148,5.5,91 f26s (3H) 4H,good_A,0,+0.5,0,22,22,2.07,0.00219,-0.38
059003.000134,1145,4.5,-77 f26s (3H) 2H,good_A,0,-0.9,0,26,26,1.51,0.0465,-0.52
059003.000135,1146,3.5,-57 f25d (1G) 2F,good_I,2,,6,31,36,2.03,0.000249,+0.07
059003.000136,1143,3.5,-76 4f3 (2F) 2F2,good_I,4,,0,4,4,0.82,0.51,-0.22
059003.000137,1144,0.5,-82 f25d (1D) 2S,good_I,3,,2,4,5,0.82,0.535,-0.39
059003.000138,1142,1.5,-83 f25d (1D) 2P,good_I,2,,4,9,12,0.62,0.824,+0.04
059003.000139,1141,6.5,100 f26s (3H) 4H,good_A,0,-0.6,0,15,15,1.82,0.0259,-0.77
059003.000140,1140,1.5,-97 f26s (3F) 4F,good_A,0,-1.6,0,14,14,1.00,0.451,-0.25
059003.000141,1138,5.5,92 f26s (3H) 2H,good_A,0,+0.6,0,25,25,1.69,0.0165,-0.72
059003.000142,1139,2.5,-83 f26s (3F) 4F,good_I,1,-2.4,0,23,23,2.59,4.41e-05,-0.55
059003.000143,1137,0.5,82 f25d (1D) 2P,good_I,2,,3,7,9,1.42,0.172,+0.47
059003.000144,1136,2.5,-71 f25d (1D) 2F,good_I,1,,5,31,35,1.80,0.00251,+0.59
059003.000145,1135,3.5,88 f26s (3F) 4F,good_A,0,+1.1,0,24,24,1.48,0.0613,+0.04
059003.000146,1134,3.5,-63 f25d (1D) 2G,good_I,1,,6,41,46,1.93,0.000157,+0.46
059003.000147,1133,1.5,54 f25d (1D) 2D,good_I,1,,5,9,13,1.28,0.219,+0.43
059003.000148,1131,4.5,-82 f26s (3F) 4F,good_A,0,+1.4,0,28,28,1.35,0.104,-0.48
059003.000149,1132,2.5,-85 f26s (3F) 2F,good_A,0,+0.4,0,25,25,2.24,0.000377,-0.71
059003.000150,1129,3.5,77 f26s (3F) 2F,good_A,0,+0.5,0,41,41,1.47,0.0267,-0.47
059003.000151,1128,4.5,-72 f25d (1D) 2G,good_I,1,,6,25,30,0.89,0.643,+0.12
059003.000152,1130,1.5,80 f25d (3P) 4F,good_I,2,,5,13,17,1.52,0.0772,+0.97
059003.000153,1123,3.5,61 f25d (1D) 2F,doubtful,,,4,33,36,1.86,0.00136,+0.92
059003.000154,1126,6.5,-85 f25d (1I) 2I,good_I,1,,5,27,31,1.11,0.304,+0.22
059003.000155,1124,2.5,88 f25d (3P) 4F,good_I,1,,5,16,20,1.47,0.0817,+0.46
059003.000156,1127,5.5,96 f25d (1I) 2I,good_I,1,,2,18,19,2.19,0.00198,+0.38
059003.000157,1125,0.5,-78 f25d (3P) 4P,good_I,2,,5,6,10,1.14,0.331,+0.71
059003.000158,1122,2.5,-66 f25d (3P) 4P,good_I,1,,6,23,28,0.47,0.992,+0.33
059003.000159,1121,1.5,-63 f25d (3P) 4P,good_I,2,,8,12,19,0.93,0.543,+0.35
059003.000160,1120,3.5,77 f25d (3P) 4F,good_I,1,,6,21,26,1.00,0.46,+0.63
059003.000161,1118,4.5,-82 f26s (1G) 2G,good_A,0,+1.5,0,23,23,1.84,0.00818,-0.49
059003.000162,1119,0.5,-55 f25d (3P) 2P,good_I,2,,5,8,12,2.33,0.00557,+0.48
059003.000163,1117,2.5,67 f25d (3P) 4P,good_I,1,,6,14,19,2.37,0.000693,+0.46
059003.000164,1115,6.5,-80 f25d (1I) 2K,good_I,1,,6,21,26,1.15,0.276,+0.42
059003.000165,1116,3.5,-75 f26s (1G) 2G,good_A,0,+0.4,0,29,29,1.11,0.312,-0.52
059003.000166,1114,7.5,75 f25d (1I) 2K,good_I,2,,5,11,15,1.26,0.22,+0.34
059003.000167,1111,4.5,84 f25d (3P) 4F,good_I,1,,7,15,21,0.94,0.541,+0.12
059003.000168,1112,1.5,75 f25d (3P) 4D,good_I,2,,8,7,14,1.00,0.447,+0.36
059003.000169,1113,4.5,-73 4f3 (2G) 2G2,good_I,2,,6,0,5,2.08,0.0645,
059003.000170,1110,0.5,-77 f25d (3P) 4D,good_I,3,,3,3,5,0.28,0.925,+0.22
059003.000171,1109,7.5,-81 f25d (1I) 2L,good_I,2,,5,14,18,1.81,0.0188,-0.38
059003.000172,1107,5.5,92 f25d (1I) 2H,good_I,1,,5,31,35,1.13,0.276,+0.46
059003.000173,1105,4.5,90 f25d (1I) 2H,fail,,,4,28,31,2.54,4.81e-06,+0.79
059003.000174,1108,3.5,74 4f3 (2G) 2G2,good_I,2,,9,1,9,1.37,0.195,-2.30
059003.000175,1104,2.5,88 f25d (3P) 4D,good_I,1,,7,13,19,1.17,0.269,+0.54
059003.000176,1106,1.5,-55 f25d (3P) 2P,good_I,2,,8,11,18,1.76,0.0243,+0.71
059003.000177,1102,3.5,-91 f25d (3P) 4D,good_I,2,,8,8,15,0.93,0.527,+0.37
059003.000178,1103,8.5,-98 f25d (1I) 2L,good_I,4,,2,3,4,0.43,0.785,-0.62
059003.000179,1101,3.5,87 f25d (3P) 2F,good_I,1,,3,29,31,1.62,0.0162,+0.39
059003.000180,1100,2.5,-83 f25d (3P) 2F,good_I,2,,5,24,28,1.80,0.00603,+0.72
059003.000181,1099,4.5,96 f25d (1I) 2G,good_I,4,,3,21,23,1.67,0.0234,+0.52
059003.000182,1098,2.5,-92 f26s (1D) 2D,good_A,0,-0.2,0,15,15,1.18,0.282,-0.36
059003.000183,1097,1.5,95 f26s (1D) 2D,good_A,0,-0.8,0,14,14,1.96,0.0166,-0.49
059003.000184,1096,3.5,98 f25d (1I) 2G,good_I,2,,0,11,11,0.72,0.723,+0.35
059003.000185,1095,1.5,-93 f25d (3P) 2D,good_I,1,,4,8,11,0.82,0.616,+0.63
059003.000186,1094,2.5,93 f25d (3P) 2D,good_I,2,,5,16,20,1.34,0.143,+0.12
059003.000187,1092,1.5,96 f26s (3P) 4P,good_A,0,-0.1,0,9,9,0.71,0.697,-0.48
059003.000188,1091,5.5,-98 f26s (1I) 2I,good_I,2,+2.2,0,9,9,1.05,0.396,-0.72
059003.000189,1090,6.5,99 f26s (1I) 2I,good_A,0,-2.0,0,10,10,1.35,0.196,-0.34
059003.000190,1089,0.5,-95 f26s (3P) 2P,good_I,1,-7.0,0,13,13,1.16,0.302,+0.39
059003.000191,1088,2.5,-93 f26s (3P) 4P,good_A,0,-0.3,0,7,7,1.85,0.0739,-0.51
059003.000192,1087,1.5,-92 f26s (3P) 2P,good_A,0,-1.3,0,11,11,0.95,0.495,+0.04
059003.000193,1086,3.5,-72 4f3 (2F) 2F1,good_I,2,,7,1,7,0.77,0.611,+1.43
059003.000194,1084,3.5,75 f26p (3H) 4H,good_I,1,,23,10,32,3.45,1.58e-10,-0.01
059003.000195,1083,4.5,-74 f26p (3H) 4I,good_I,1,,14,8,21,3.00,4.41e-06,+0.38
059003.000196,1082,4.5,74 f26p (3H) 4H,good_I,1,,23,12,34,1.45,0.0423,+0.53
059003.000197,1080,5.5,-64 f26p (3H) 4I,good_I,1,,27,13,39,1.63,0.00774,-0.07
059003.000198,1081,3.5,-72 f5d2 (3F) 4H,good_I,2,,13,4,16,1.29,0.195,-0.39
059003.000199,1079,4.5,48 f26p (3H) 2H,good_I,1,,22,8,29,1.08,0.351,-0.12
059003.000200,1077,3.5,58 f26p (3H) 4H,good_I,1,,22,6,27,1.57,0.0301,-0.58
059003.000201,1078,2.5,80 f26p (3H) 4G,good_I,2,,15,5,19,1.13,0.308,-0.04
059003.000202,1076,4.5,-68 f5d2 (3F) 4I,good_I,1,-2.1,12,5,16,1.00,0.456,-0.18
059003.000203,1075,5.5,-59 f26p (3H) 4H,good_I,1,,24,13,36,1.27,0.132,-0.11
059003.000204,1074,4.5,-67 f5d2 (3F) 4H,good_A,0,+1.1,10,2,11,0.98,0.461,+0.57
059003.000205,1073,5.5,-52 f26p (3H) 4G,good_I,1,,29,13,41,1.29,0.098,-0.07
059003.000206,1072,6.5,71 f26p (3H) 4H,good_I,1,,22,9,30,1.72,0.00829,+0.50
059003.000207,1071,1.5,65 f26p (3F) 2D,good_I,2,,21,1,21,1.06,0.387,-0.96
059003.000208,1069,3.5,-52 f5d2 (3F) 4H,good_A,0,+1.3,12,4,15,1.25,0.227,-0.25
059003.000209,1068,2.5,-68 f26p (3F) 4G,good_I,1,,18,5,22,1.34,0.133,-0.04
059003.000210,1067,4.5,-53 f26p (3H) 4G,good_I,1,,29,7,35,0.98,0.5,+0.11
059003.000211,1065,3.5,51 f26p (3H) 2G,good_I,1,,28,10,37,1.33,0.0881,+0.27
059003.000212,1066,5.5,-60 f26p (3H) 2I,good_A,0,-0.1,24,14,37,0.88,0.679,-0.03
059003.000213,1064,5.5,-76 f5d2 (3F) 4I,good_A,0,-0.2,20,8,27,1.12,0.304,+0.18
059003.000214,1061,6.5,-85 f26p (3H) 4I,good_I,2,,16,8,23,0.62,0.922,-0.28
059003.000215,1062,4.5,-53 f5d2 (3F) 4H,good_A,0,-0.1,21,10,30,1.67,0.0119,+0.44
059003.000216,1063,2.5,54 f26p (3F) 4D,good_I,1,,26,1,26,1.27,0.163,-0.41
059003.000217,1058,2.5,57 f5d2 (3F) 2F,good_A,0,+0.2,16,1,16,0.85,0.631,+0.30
059003.000218,1057,4.5,-47 f26p (3F) 2G,good_I,1,,28,13,40,1.73,0.00281,+0.19
059003.000219,1060,5.5,82 f5d2 (3F) 4H,good_A,0,-1.1,15,12,26,0.91,0.593,-0.28
059003.000220,1056,3.5,-63 f26p (3F) 4D,good_I,1,,23,3,25,1.85,0.00585,+1.14
059003.000221,1055,3.5,55 f26p (3F) 4G,good_I,1,,24,8,31,1.17,0.232,-0.31
059003.000222,1052,2.5,66 f5d2 (3F) 4G,good_A,0,+0.4,15,0,14,1.58,0.0771,
059003.000223,1051,5.5,-63 f26p (3H) 4G,good_I,1,,28,10,37,2.30,1.18e-05,+0.02
059003.000224,1049,3.5,-41 f5d2 (3F) 2F,good_A,0,-0.0,21,1,21,1.22,0.223,-2.33
059003.000225,1050,6.5,73 f5d2 (3F) 4I,good_A,0,-0.7,9,5,13,0.55,0.895,+0.24
059003.000226,1048,6.5,63 f5d2 (3F) 4H,good_A,0,+1.0,16,8,23,1.10,0.335,+0.31
059003.000227,1047,7.5,98 f26p (3H) 4I,good_I,2,,7,7,13,0.68,0.781,-0.63
059003.000228,1046,0.5,-79 f26p (3F) 4D,good_I,4,,2,1,2,0.10,0.907,-0.24
059003.000229,1044,2.5,61 f26p (3F) 4F,good_I,2,,20,2,21,0.84,0.67,+0.04
059003.000230,1045,6.5,-61 f5d2 (3F) 4H,good_I,1,,14,12,25,1.51,0.0493,-0.35
059003.000231,1041,3.5,-52 f5d2 (3F) 4G,doubtful,,-2.3,21,1,21,2.16,0.00158,-0.36
059003.000232,1043,1.5,59 f26p (3F) 4D,good_I,2,,11,1,11,0.50,0.906,+0.54
059003.000233,1042,2.5,-42 f5d2 (3F) 4G,good_A,0,-1.3,16,0,15,2.70,0.000377,
059003.000234,1040,4.5,59 f5d2 (1D) 2H,good_A,0,-0.2,19,2,20,1.73,0.0226,-1.81
059003.000235,1037,3.5,67 f5d2 (3F) 4G,good_A,0,-0.0,22,3,24,1.51,0.0533,+0.90
059003.000236,1036,2.5,66 f5d2 (3F) 4F,good_A,0,-0.4,23,2,24,0.92,0.576,+0.68
059003.000237,1039,4.5,72 f26p (3H) 2G,good_I,1,,30,10,39,1.29,0.106,+0.10
059003.000238,1035,3.5,-44 f26p (1G) 2G,good_I,1,,25,3,27,0.75,0.82,+0.42
059003.000239,1033,4.5,70 f26p (3F) 4G,good_I,1,,20,8,27,1.21,0.21,-0.39
059003.000240,1034,1.5,-64 f26p (3F) 2D,good_I,1,,16,1,16,2.33,0.00196,-0.16
059003.000241,1032,5.5,-68 f5d2 (3F) 2I,fail,,,11,2,12,3.59,2.18e-05,-0.51
059003.000242,1029,7.5,-96 f5d2 (3F) 4I,good_A,0,-0.4,4,3,6,2.71,0.0124,+1.63
059003.000243,1028,3.5,54 f5d2 (3F) 4F,good_A,0,+1.9,9,2,10,2.53,0.00485,+1.94
059003.000244,1027,4.5,-66 f26p (1G) 2H,good_I,1,,27,6,32,0.85,0.715,+0.05
059003.000245,1030,3.5,65 f26p (3F) 4F,good_I,1,,20,5,24,1.80,0.00945,-0.32
059003.000246,1026,5.5,-67 f26p (3F) 4G,good_I,1,,18,10,27,1.17,0.25,+0.20
059003.000247,1025,4.5,73 f5d2 (3F) 4G,good_A,0,+0.5,20,7,26,2.07,0.00105,+0.09
059003.000248,1021,3.5,-65 f26p (3F) 2F,good_I,1,,24,6,29,1.00,0.465,+0.46
059003.000249,1024,2.5,59 f26p (3F) 2F,good_I,1,,20,3,22,1.11,0.323,-0.24
059003.000250,1019,3.5,-52 f5d2 (3F) 4F,good_A,0,+1.7,22,1,22,1.93,0.00544,-1.90
059003.000251,1017,4.5,52 f26p (1G) 2G,good_I,1,,27,8,34,1.27,0.132,+0.14
059003.000252,1016,5.5,-56 f5d2 (3F) 2H,good_A,0,-0.5,11,4,14,0.54,0.912,-0.34
059003.000253,1015,3.5,44 f5d2 (3F) 2F,good_A,0,-1.4,21,0,20,1.16,0.276,
059003.000254,1013,2.5,-95 f5d2 (3P) 4G,good_I,2,,7,0,6,1.44,0.196,
059003.000255,1012,4.5,78 f5d2 (3F) 4F,good_A,0,+0.6,21,4,24,1.05,0.399,+1.00
059003.000256,1011,5.5,-81 f5d2 (3F) 4G,good_A,0,-0.4,15,3,17,1.34,0.159,-0.86
059003.000257,1009,6.5,72 f5d2 (3F) 2I,fail,,,12,5,16,2.71,0.000245,+0.59
059003.000258,1006,4.5,67 f5d2 (3P) 4G,good_I,2,,10,0,9,1.28,0.24,
059003.000259,1005,3.5,84 f5d2 (3P) 4G,good_I,2,,10,1,10,2.02,0.0278,-1.68
059003.000260,1000,1.5,-55 f5d2 (3F) 4S,good_A,0,-1.9,13,0,12,1.12,0.342,
059003.000261,1004,2.5,75 f26p (1G) 2F,good_I,2,,16,1,16,1.05,0.399,-0.03
059003.000262,1003,4.5,-63 f26p (1G) 2G,good_I,1,,17,3,19,1.33,0.154,-0.16
059003.000263,1002,5.5,-79 f26p (1G) 2H,good_I,2,,18,0,17,1.07,0.377,
059003.000264,1001,3.5,53 f26p (1G) 2G,good_I,2,,21,1,21,1.39,0.11,-0.76
059003.000265,999,2.5,-43 f5d2 (1D) 2F,good_I,2,,13,0,12,1.36,0.177,
059003.000266,997,4.5,72 f5d2 (1G) 2H,good_I,2,,12,2,13,1.68,0.0584,-0.25
059003.000267,992,3.5,80 f5d2 (1G) 2G,good_A,0,+0.7,12,0,11,2.32,0.00752,
059003.000268,995,4.5,-62 f5d2 (1D) 2G,fail,,,9,0,8,4.86,5.16e-06,
059003.000269,993,5.5,85 f5d2 (3P) 4G,good_I,2,,9,2,10,0.46,0.917,+0.61
059003.000270,991,2.5,-64 f5d2 (3P) 4F,good_A,0,+0.7,12,0,11,2.49,0.00396,
059003.000271,990,1.5,-82 f5d2 (3P) 4F,fail,,,8,0,7,3.59,0.000728,
059003.000272,981,3.5,-64 f5d2 (3P) 4F,good_I,2,,15,1,15,0.78,0.698,-1.39
059003.000273,985,1.5,68 f26p (1D) 2P,good_I,2,,18,0,17,1.12,0.33,
059003.000274,984,2.5,69 f5d2 (3F) 2D,good_A,0,+0.7,13,0,12,2.72,0.00108,
059003.000275,979,2.5,77 f26p (1D) 2F,good_I,1,,18,0,17,1.39,0.13,
059003.000276,982,5.5,83 f5d2 (1G) 2H,good_A,0,-0.3,12,1,12,1.29,0.219,-0.25
059003.000277,978,4.5,67 f5d2 (1G) 2G,good_A,0,-0.6,9,0,8,0.35,0.944,
059003.000278,977,1.5,47 f5d2 (1D) 2P,good_I,2,,4,0,3,1.24,0.292,
059003.000279,971,2.5,76 f5d2 (1G) 2F,good_A,0,-0.8,12,0,11,1.31,0.21,
059003.000280,972,0.5,-84 f26p (1D) 2P,good_I,1,,9,0,8,1.06,0.389,
059003.000281,969,3.5,-79 f26p (1D) 2F,good_I,2,,12,0,11,1.83,0.0429,
059003.000282,970,5.5,56 f5d2 (1G) 2I,good_A,0,+0.8,11,0,10,2.20,0.0152,
059003.000283,968,1.5,-72 f26p (1D) 2D,good_I,2,,16,0,15,2.62,0.000569,
059003.000284,967,6.5,-66 f5d2 (1G) 2I,good_A,0,-0.1,11,1,11,1.87,0.0375,+0.76
059003.000285,963,2.5,-71 f26p (1D) 2D,good_I,2,,9,0,8,1.05,0.397,
059003.000286,961,3.5,-66 f5d2 (1G) 2F,good_A,0,+0.2,15,0,14,1.35,0.171,
059003.000287,962,0.5,81 f26p (3P) 4D,good_I,1,,7,0,6,0.56,0.765,
059003.000288,960,1.5,67 f26p (3P) 4D,good_I,2,,11,0,10,0.55,0.852,
059003.000289,959,5.5,71 f26p (1I) 2I,good_I,2,,13,0,12,1.48,0.125,
059003.000290,957,1.5,71 f26p (3P) 4S,good_I,1,,13,0,12,1.68,0.0644,
059003.000291,958,6.5,-66 f26p (1I) 2I,good_I,2,,11,0,10,1.31,0.216,
059003.000292,956,2.5,65 f26p (3P) 4D,good_I,1,,14,0,13,1.07,0.381,
059003.000293,953,1.5,-64 f5d2 (1G) 2D,good_A,0,-0.6,9,0,8,1.16,0.317,
059003.000294,952,1.5,84 f26p (3P) 4P,good_I,2,,9,0,8,1.56,0.129,
059003.000295,950,2.5,51 f5d2 (3P) 2F,good_I,2,,6,0,5,1.64,0.146,
059003.000296,948,5.5,-78 f26p (1I) 2H,good_I,2,,11,1,11,0.95,0.492,+1.38
059003.000297,947,6.5,81 f26p (1I) 2K,good_I,2,,11,0,10,0.69,0.739,
059003.000298,945,1.5,76 f5d6s (3F) 4F,good_I,1,,6,0,5,0.92,0.469,
059003.000299,942,4.5,-88 f26p (1I) 2H,good_I,2,,10,3,12,2.44,0.00356,+1.73
059003.000300,941,3.5,86 f26p (3P) 4D,good_I,2,,5,0,4,2.91,0.0201,
059003.000301,935,7.5,98 f26p (1I) 2K,good_I,3,,4,0,3,0.84,0.472,
059003.000302,934,2.5,63 f26p (3P) 2D,good_I,2,,9,0,8,0.60,0.783,
059003.000303,927,3.5,-78 f5d6s (3G) 4G,good_I,1,,11,1,11,0.99,0.451,+1.62
059003.000304,925,4.5,-70 f5d6s (3F) 4F,good_I,2,,4,0,3,1.49,0.216,
059003.000305,923,4.5,75 f5d6s (3G) 4G,good_I,1,,9,2,10,0.81,0.618,+0.41
059003.000306,917,5.5,-97 f5d6s (3G) 4G,good_I,1,,9,0,8,0.74,0.659,
059003.000307,916,4.5,-89 f5d6s (3H) 2H,fail,,,11,3,13,3.29,4.87e-05,+0.48
059003.000308,912,3.5,-79 f5d6s (3G) 2G,good_I,3,,16,3,18,2.10,0.0042,+1.40
059003.000309,911,2.5,-56 f5d2 (1S) 2F,good_I,2,,14,0,13,1.72,0.0493,
059003.000310,909,5.5,-87 f5d6s (3H) 2H,fail,,,10,1,10,3.30,0.000272,+3.20
059003.000311,907,3.5,-73 f5d2 (1S) 2F,fail,,,12,0,11,3.10,0.000349,
059003.000312,904,4.5,-88 f5d6s (3G) 2G,good_I,1,,13,3,15,1.53,0.0861,+1.06
059003.000313,902,3.5,67 f5d6s (1F) 2F,good_I,1,,15,0,14,1.57,0.079,
059003.000314,894,4.5,-70 f27s (3H) 2H,good_I,2,,8,4,11,1.34,0.195,-0.48
059003.000315,893,4.5,83 f26d (3H) 4I,good_I,2,,6,5,10,4.22,6.98e-06,+1.60
059003.000316,891,5.5,89 f26d (3H) 4K,good_I,2,,3,3,5,0.83,0.528,+0.90
059003.000317,892,3.5,92 f26d (3H) 4H,good_I,2,,7,2,8,0.50,0.859,+0.49
059003.000318,890,4.5,61 f26d (3H) 4H,good_I,2,,5,1,5,0.13,0.986,-0.36
059003.000319,889,2.5,-90 f26d (3H) 4G,good_I,3,,5,2,6,1.61,0.141,+1.02
059003.000320,888,5.5,-70 f26d (3H) 4I,good_I,2,,8,2,9,0.40,0.934,-0.08
059003.000321,887,3.5,-72 f26d (3H) 4G,good_I,2,,8,3,10,1.26,0.246,+0.69
059003.000322,886,2.5,71 f26d (3H) 4F,good_I,3,,4,1,4,2.41,0.047,+2.74
059003.000323,884,6.5,80 f26d (3H) 4K,good_I,2,,4,2,5,2.24,0.0472,+1.04
059003.000324,883,5.5,88 f27s (3H) 4H,good_I,1,,7,4,10,0.78,0.649,-0.65
059003.000325,882,4.5,-71 f27s (3H) 4H,good_I,2,,4,3,6,0.49,0.819,+0.27
059003.000326,880,5.5,59 f26d (3H) 4I,good_I,2,,4,1,4,2.42,0.0462,+1.00
059003.000327,879,4.5,75 f26d (3H) 4H,good_I,2,,5,4,8,2.17,0.0265,+1.64
059003.000328,878,6.5,75 f26d (3H) 4I,good_I,2,,4,4,7,0.93,0.482,+1.05
059003.000329,875,3.5,-59 f26d (3H) 4G,good_I,2,,5,1,5,0.44,0.822,+0.29
059003.000330,877,4.5,83 f26d (3H) 4G,good_I,1,,7,0,6,0.66,0.681,
059003.000331,876,5.5,65 f26d (3H) 4H,good_I,1,,7,3,9,0.45,0.909,+0.12
059003.000332,874,7.5,-89 f26d (3H) 4K,good_I,3,,2,1,2,0.46,0.629,+0.78
059003.000333,872,6.5,83 f26d (3H) 2K,good_I,1,,7,0,6,0.22,0.97,
059003.000334,873,3.5,-73 f26d (3H) 4F,good_I,2,,4,1,4,0.77,0.547,+0.28
059003.000335,870,6.5,99 f27s (3H) 4H,good_I,2,,4,4,7,2.82,0.00614,+0.89
059003.000336,869,5.5,87 f27s (3H) 2H,good_I,2,,7,3,9,1.22,0.278,-0.13
059003.000337,868,5.5,61 f26d (3H) 2H,good_I,2,,5,3,7,1.28,0.254,+1.04
059003.000338,867,6.5,-79 f26d (3H) 4H,good_I,2,,7,2,8,0.31,0.961,+0.20
059003.000339,866,7.5,-92 f26d (3H) 4I,good_I,2,,6,4,9,0.82,0.598,+0.70
059003.000340,862,5.5,83 f26d (3H) 4G,good_I,2,,5,1,5,1.06,0.381,+1.11
059003.000341,861,4.5,-72 f26d (3H) 4F,good_I,2,,4,2,5,0.49,0.786,+0.96
059003.000342,860,6.5,-78 f26d (3H) 2I,good_I,2,,7,5,11,0.82,0.616,+0.92
059003.000343,846,3.5,92 f27s (3F) 4F,good_I,2,,4,0,3,0.40,0.755,
059003.000344,845,2.5,74 f27s (3F) 2F,good_I,2,,3,0,2,0.38,0.686,
059003.000345,843,4.5,-80 f27s (3F) 4F,good_I,2,,6,2,7,0.32,0.947,+0.29
059003.000346,839,3.5,52 f26d (3F) 4G,good_I,2,,5,1,5,0.53,0.751,+0.61
059003.000347,830,4.5,-56 f26d (3F) 2H,good_I,2,,7,0,6,1.66,0.127,
059003.000348,822,5.5,68 f26d (3F) 2H,good_I,2,,8,1,8,0.46,0.887,-1.05
059003.000349,817,5.5,86 f25f (3H) 4K,good_I,2,,3,4,6,0.29,0.944,-0.36
059003.000350,818,3.5,-86 f25f (3H) 4H,good_I,2,,9,1,9,1.69,0.0858,+0.38
059003.000351,816,6.5,-93 f25f (3H) 4L,good_I,4,,2,2,3,1.24,0.294,+0.43
059003.000352,810,5.5,64 f25f (3H) 2I,good_I,2,,11,2,12,0.63,0.816,-0.54
059003.000353,811,4.5,83 f25f (3H) 4H,good_I,2,,8,2,9,1.50,0.14,-0.80
059003.000354,804,6.5,-75 f25f (3H) 4K,good_I,2,,8,3,10,1.50,0.132,+0.88
059003.000355,805,1.5,-87 f25f (3H) 4F,good_I,2,,7,0,6,2.10,0.0503,
059003.000356,801,7.5,-81 f25f (3H) 4L,good_I,2,,7,1,7,0.78,0.605,-1.01
059003.000357,802,3.5,61 f25f (3H) 2G,good_I,2,,10,2,11,1.42,0.154,-1.02
059003.000358,800,2.5,-76 f25f (3H) 4F,good_I,2,,13,2,14,1.47,0.114,-0.34
059003.000359,793,4.5,71 f25f (3H) 4I,good_I,2,,12,5,16,1.54,0.0763,+0.23
059003.000360,791,5.5,78 f25f (3H) 4H,good_I,2,,8,4,11,1.94,0.0297,+0.66
059003.000361,789,6.5,-60 f25f (3H) 2I,good_I,2,,9,3,11,1.28,0.229,+0.20
059003.000362,788,7.5,-83 f25f (3H) 4K,good_I,2,,9,0,8,0.94,0.483,
059003.000363,786,8.5,-89 f25f (3H) 4L,good_I,3,,3,0,2,0.59,0.553,
059003.000364,785,4.5,-53 f25f (3H) 2G,good_I,2,,10,6,15,1.63,0.0581,+0.72
059003.000365,784,3.5,-66 f25f (3H) 4F,good_I,2,,13,3,15,0.56,0.91,-0.67
059003.000366,781,2.5,49 f25f (3H) 4F,good_I,2,,10,2,11,1.74,0.0584,+0.73
059003.000367,779,6.5,64 f25f (3H) 2K,good_I,2,,12,4,15,1.30,0.192,+0.16
059003.000368,780,3.5,73 f25f (3H) 4G,good_I,2,,8,3,10,1.25,0.253,-0.15
059003.000369,778,5.5,52 f25f (3H) 4I,good_I,2,,11,3,13,0.88,0.57,+0.47
059003.000370,776,4.5,46 f27p (3H) 4H,good_I,2,,12,6,17,0.58,0.911,-0.37
059003.000371,777,1.5,-64 f25f (3H) 2D,good_I,2,,5,1,5,0.10,0.992,-0.35
059003.000372,774,7.5,-86 f25f (3H) 2L,good_I,2,,5,0,4,0.56,0.688,
059003.000373,773,2.5,-62 f25f (3H) 4D,good_I,2,,11,1,11,1.35,0.191,+1.88
059003.000374,770,8.5,94 f25f (3H) 4K,good_I,4,,2,3,4,0.07,0.991,+0.03
059003.000375,769,6.5,-68 f25f (3H) 4H,good_I,2,,9,5,13,1.08,0.375,-0.38
059003.000376,767,9.5,100 f25f (3H) 4L,untested,,,0,0,0,,,
059003.000377,764,4.5,59 f25f (3H) 4F,good_I,2,,13,2,14,0.94,0.519,+0.27
059003.000378,761,5.5,53 f25f (3H) 2H,good_I,2,,13,1,13,0.93,0.522,-1.00
059003.000379,758,6.5,72 f25f (3H) 4I,good_I,2,,10,5,14,0.87,0.596,+0.08
059003.000380,762,3.5,-55 f25f (3H) 4D,good_I,2,,13,2,14,1.42,0.135,-0.24
059003.000381,760,4.5,-72 f25f (3H) 2G,good_I,2,,16,2,17,1.11,0.332,+0.01
059003.000382,756,3.5,84 f25f (3F) 4H,good_I,2,,5,1,5,0.29,0.919,+0.38
059003.000383,754,7.5,77 f25f (3H) 2K,good_I,2,,10,3,12,0.65,0.801,-0.16
059003.000384,755,2.5,-64 f25f (3H) 2D,good_I,2,,13,1,13,1.34,0.183,-0.55
059003.000385,750,5.5,60 f25f (3H) 4G,good_I,2,,9,4,12,0.24,0.997,-0.04
059003.000386,749,3.5,-61 f25f (3H) 2F,good_I,2,,9,1,9,1.18,0.302,+0.38
059003.000387,744,7.5,83 f25f (3H) 4I,good_I,2,,6,2,7,0.83,0.563,+1.34
059003.000388,745,5.5,47 f25f (3F) 4I,good_I,2,,12,4,15,1.76,0.0345,+0.41
059003.000389,743,4.5,67 f25f (3F) 4H,good_I,2,,8,0,7,1.62,0.125,
059003.000390,739,8.5,95 f25f (3H) 2L,good_I,3,,4,1,4,1.58,0.176,+1.11
059003.000391,738,2.5,64 f25f (3F) 4G,good_I,2,,5,0,4,0.56,0.695,
059003.000392,734,3.5,54 f25f (3F) 4G,fail,,,11,0,10,2.66,0.00296,
059003.000393,732,6.5,75 f25f (3F) 4H,good_I,2,,7,1,7,0.55,0.794,+0.80
059003.000394,730,5.5,-61 f25f (3F) 4I,good_I,2,,6,0,5,0.60,0.701,
059003.000395,725,1.5,-58 f25f (3F) 2D,fail,,,9,0,8,4.33,3.12e-05,
059003.000396,722,5.5,75 f25f (3F) 2I,good_I,2,,8,0,7,1.69,0.106,
059003.000397,720,3.5,-58 f25f (3F) 4G,good_I,2,,8,0,7,0.37,0.919,
059003.000398,723,2.5,62 f25f (3F) 4D,good_I,2,,6,0,5,2.03,0.0716,
059003.000399,714,6.5,-79 f25f (3F) 4I,good_I,2,,8,0,7,0.58,0.771,
059003.000400,702,7.5,-79 f25f (3F) 4I,good_I,2,,5,1,5,0.71,0.617,-1.34
059003.000401,708,4.5,-53 f25f (3F) 2H,good_I,2,,9,0,8,1.04,0.4,
059003.000402,703,1.5,62 f25f (3F) 4F,good_I,2,,4,0,3,0.76,0.515,
059003.000403,699,5.5,59 f25f (3F) 4G,good_I,2,,12,0,11,2.30,0.00818,
059003.000404,700,3.5,-66 f25f (3F) 2G,good_I,2,,9,0,8,0.69,0.698,
059003.000405,696,4.5,-67 f25f (3F) 2G,good_I,2,,10,0,9,2.37,0.0111,
059003.000406,689,6.5,-76 f25f (3F) 2I,good_I,2,,11,0,10,1.16,0.311,
059003.000407,685,5.5,64 f25f (3F) 2H,good_I,2,,9,0,8,1.11,0.353,
059003.000408,655,6.5,77 f25f (1G) 2I,good_I,2,,3,0,2,0.73,0.48,
059003.000409,646,5.5,60 f25f (1G) 2H,good_I,2,,5,0,4,0.28,0.893,
059003.000410,645,7.5,-83 f25f (1G) 2K,good_I,2,,7,0,6,1.99,0.0637,
059003.000411,642,4.5,-69 f25f (1G) 2H,good_I,2,,10,0,9,0.36,0.956,
059003.000412,640,6.5,70 f25f (1G) 2K,good_I,2,,8,0,7,0.25,0.974,
059003.000413,636,5.5,59 f25f (1G) 2H,good_I,2,,10,0,9,1.25,0.259,
059003.000414,546,1.5,89 f25f (1D) 2P,good_I,4,,3,0,2,1.92,0.147,
059003.000415,543,4.5,-81 f25f (1D) 2H,untested,,,2,0,1,0.11,0.737,
059003.000416,539,5.5,94 f25f (1D) 2H,good_I,2,,3,0,2,0.74,0.478,
059003.000417,540,3.5,92 f25f (1D) 2G,good_I,2,,5,0,4,0.62,0.645,
059003.000418,538,4.5,-82 f25f (1D) 2G,good_I,2,,5,0,4,0.35,0.842,
059003.000419,527,4.5,-72 f28s (3H) 2H,good_I,2,,7,0,6,0.99,0.428,
059003.000420,505,5.5,-64 f28s (3H) 4H,good_I,3,,8,0,7,2.43,0.0171,
059003.000421,503,4.5,70 f28s (3H) 4H,good_I,2,,13,0,12,0.38,0.97,
059003.000422,472,8.5,100 f25f (1I) 2M,untested,,,0,0,0,,,
059003.000423,470,9.5,-99 f25f (1I) 2M,untested,,,0,0,0,,,
059003.000424,475,7.5,72 f25f (1I) 2L,good_I,2,,5,0,4,0.20,0.938,
059003.000425,466,8.5,96 f25f (1I) 2L,good_I,3,,4,0,3,0.93,0.427,
059003.000426,467,6.5,100 f28s (3H) 4H,good_I,2,,7,0,6,0.49,0.815,
059003.000427,461,5.5,85 f28s (3H) 2H,good_I,2,,10,0,9,1.68,0.0884,
059003.000428,383,3.5,-90 f28s (3F) 4F,fail,,,5,0,4,6.14,6.2e-05,
059003.000429,374,4.5,81 f28s (3F) 4F,good_I,4,,7,0,6,2.77,0.0108,
059003.000430,1147,2.5,66 4f3 (2F) 2F2,good_I,4,,0,5,5,1.76,0.118,-0.56
059003.000431,1059,1.5,-75 f5d2 (3F) 4D,good_A,0,-0.5,9,0,8,0.43,0.906,
059003.000432,1053,1.5,-83 f5d2 (3F) 4F,good_A,0,-0.3,11,0,10,0.47,0.909,
059003.000433,1031,2.5,64 f26p (3F) 4D,good_I,1,,7,1,7,1.03,0.404,+0.64
059003.000434,1020,1.5,74 f5d2 (3F) 4P,fail,,,4,0,3,4.04,0.00698,
059003.000435,1018,2.5,-60 f5d2 (3F) 4P,good_I,2,,10,1,10,0.99,0.451,+0.03
059003.000436,988,3.5,-58 f5d2 (3P) 4F,good_I,2,,11,0,10,0.47,0.909,
059003.000437,989,4.5,70 f5d2 (3F) 2H,good_A,0,-1.8,8,2,9,1.67,0.0899,-0.11
059003.000438,976,3.5,-62 f5d2 (3P) 4D,good_I,2,,8,0,7,1.33,0.231,
059003.000439,980,5.5,-60 f5d2 (1D) 2H,good_A,0,-0.3,7,1,7,1.90,0.0648,+0.32
059003.000440,974,2.5,54 f5d2 (1D) 2D,good_A,0,-1.6,7,0,6,5.34,1.6e-05,
059003.000441,975,6.5,-95 f5d2 (1G) 2K,good_A,0,+1.3,5,0,4,0.75,0.56,
059003.000442,973,4.5,-88 f5d2 (3P) 4F,good_I,2,,7,1,7,0.97,0.451,+0.15
059003.000443,965,7.5,-97 f5d2 (1G) 2K,good_A,0,+1.1,4,0,3,3.02,0.0285,
059003.000444,964,0.5,-54 f26p (3P) 2S,good_I,1,,10,0,9,0.27,0.982,
059003.000445,954,3.5,-66 f5d2 (3P) 2G,fail,,,6,0,5,3.93,0.00145,
059003.000446,946,3.5,-73 f5d6s (3H) 4H,good_I,2,,3,1,3,0.82,0.485,+0.17
059003.000447,943,1.5,62 f26p (3P) 2D,good_I,2,,9,0,8,2.24,0.022,
059003.000448,938,4.5,70 f5d6s (1G) 2G,good_I,2,,8,1,8,1.25,0.263,+0.21
059003.000449,939,1.5,-59 f26p (3P) 2P,good_A,0,-1.0,12,0,11,1.00,0.441,
059003.000450,933,2.5,93 f5d6s (3G) 4G,good_I,2,,6,0,5,0.57,0.72,
059003.000451,931,3.5,-78 f5d6s (3F) 4F,good_I,2,,7,0,6,1.00,0.425,
059003.000452,930,4.5,-83 f5d6s (3H) 4H,good_I,1,,8,1,8,3.48,0.000504,+1.67
059003.000453,929,1.5,63 f5d2 (1G) 2P,good_I,3,,4,0,3,1.83,0.139,
059003.000454,926,5.5,97 f5d6s (3H) 4H,good_I,3,,5,1,5,2.97,0.0111,-0.99
059003.000455,920,6.5,-99 f5d6s (3H) 4H,good_I,2,,3,1,3,1.17,0.319,-0.86
059003.000456,898,4.5,-89 f5d6s (1H) 2H,good_I,3,,3,1,3,1.59,0.191,-0.28
059003.000457,897,5.5,-87 f5d6s (1H) 2H,good_I,2,,5,1,5,1.53,0.176,+2.01
059003.000458,798,4.5,75 f27p (3H) 4I,good_I,3,,5,3,7,0.45,0.868,+0.24
059003.000459,797,3.5,-80 f27p (3H) 4H,good_I,4,,3,2,4,2.11,0.0773,+0.45
059003.000460,796,1.5,-72 f25f (3H) 4D,good_I,2,,5,1,5,1.15,0.331,-1.13
059003.000461,795,0.5,96 f25f (3H) 4D,good_I,3,,3,0,2,0.96,0.385,
059003.000462,794,2.5,72 f25f (3H) 4G,good_I,2,,5,1,5,0.30,0.915,-0.15
059003.000463,790,4.5,-63 f27p (3H) 4H,good_I,3,,6,1,6,2.29,0.033,+0.59
059003.000464,787,3.5,-60 f27p (3H) 4G,good_I,3,,7,1,7,0.95,0.47,+0.00
059003.000465,783,5.5,77 f27p (3H) 4I,good_I,3,,6,2,7,1.29,0.252,-0.06
059003.000466,782,2.5,-95 f27p (3H) 4G,good_I,3,,5,1,5,1.98,0.0786,+0.97
059003.000467,772,5.5,62 f25f (3H) 4I,good_I,3,,5,6,10,2.55,0.00444,-0.96
059003.000468,775,4.5,-45 f25f (3H) 2H,good_I,2,,12,4,15,1.06,0.392,-0.04
059003.000469,768,5.5,-69 f27p (3H) 4H,good_I,2,,5,3,7,0.61,0.748,+0.16
059003.000470,766,4.5,70 f27p (3H) 4G,good_I,2,,5,4,8,0.76,0.637,+0.28
059003.000471,765,6.5,85 f27p (3H) 4I,good_I,2,,6,1,6,1.00,0.423,+0.06
059003.000472,759,3.5,65 f27p (3H) 4G,good_I,2,,6,1,6,0.17,0.984,+0.65
059003.000473,757,0.5,-63 f25f (3F) 2S,untested,,,2,0,1,1.26,0.261,
059003.000474,752,4.5,79 f25f (3F) 4I,good_I,2,,4,0,3,0.41,0.748,
059003.000475,751,1.5,-82 f25f (3F) 4P,good_I,3,,4,0,3,2.63,0.0482,
059003.000476,746,5.5,-58 f27p (3H) 4G,good_I,2,,7,2,8,0.81,0.595,+0.03
059003.000477,737,1.5,-53 f25f (3F) 2D,good_I,3,,4,0,3,0.73,0.531,
059003.000478,733,0.5,-80 f25f (3F) 4D,untested,,,2,0,1,0.02,0.881,
059003.000479,727,7.5,-98 f27p (3H) 4I,good_I,3,,5,2,6,0.52,0.797,-0.34
059003.000480,728,5.5,66 f27p (3H) 4G,good_I,2,,10,2,11,0.83,0.612,-0.65
059003.000481,729,6.5,72 f27p (3H) 2I,good_I,3,,6,3,8,0.95,0.475,+0.26
059003.000482,726,4.5,58 f25f (3F) 2H,good_I,2,,9,0,8,1.57,0.128,
059003.000483,721,2.5,-54 f25f (3F) 2F,good_I,2,,7,0,6,0.64,0.699,
059003.000484,709,3.5,-68 f25f (3F) 4D,untested,,,2,0,1,0.05,0.831,
059003.000485,707,1.5,-57 f25f (3F) 4F,good_I,3,,4,0,3,0.50,0.679,
059003.000486,694,2.5,-72 f25f (3F) 4F,good_I,2,,4,0,3,0.84,0.472,
059003.000487,680,3.5,-65 f25f (3F) 4F,good_I,2,,8,0,7,1.52,0.154,
059003.000488,682,4.5,81 f25f (3F) 4F,good_I,2,,5,0,4,0.87,0.478,
059003.000489,681,2.5,59 f25f (3F) 2F,good_I,2,,7,0,6,1.63,0.135,
059003.000490,684,0.5,-78 f25f (3F) 2P,good_I,3,,4,0,3,0.66,0.576,
059003.000491,679,1.5,82 f25f (3F) 4S,good_I,2,,4,0,3,0.64,0.59,
059003.000492,653,2.5,77 f25f (1G) 2F,good_I,2,,5,0,4,0.17,0.954,
059003.000493,644,3.5,61 f25f (1G) 2F,good_I,2,,4,0,3,0.84,0.473,
059003.000494,633,3.5,-66 f25f (1G) 2G,good_I,2,,5,0,4,1.12,0.344,
059003.000495,639,1.5,-66 f25f (1G) 2P,good_I,2,,5,0,4,0.51,0.729,
059003.000496,628,4.5,-67 f25f (1G) 2G,fail,,,7,0,6,3.21,0.00373,
059003.000497,541,2.5,91 f25f (1D) 2F,untested,,,2,0,1,2.10,0.147,
059003.000498,534,2.5,86 f25f (1D) 2D,good_I,3,,4,0,3,0.66,0.576,
059003.000499,532,3.5,92 f25f (1D) 2F,good_I,2,,4,0,3,0.26,0.851,
059003.000500,487,3.5,-48 f25f (3P) 2G,good_I,3,,3,0,2,2.25,0.106,
059003.000501,486,6.5,91 f25f (1I) 2K,untested,,,2,0,1,0.85,0.357,
059003.000502,485,7.5,83 f25f (1I) 2K,good_I,3,,3,0,2,0.52,0.596,
059003.000503,483,3.5,-57 f25f (3P) 4G,good_I,2,,7,0,6,1.25,0.276,
059003.000504,480,5.5,-77 f25f (1I) 2I,untested,,,0,0,0,,,
059003.000505,473,6.5,-89 f25f (1I) 2I,untested,,,2,0,1,0.00,0.971,
059003.000506,469,4.5,93 f25f (1I) 2H,untested,,,2,0,1,0.51,0.474,
059003.000507,468,5.5,-85 f25f (1I) 2H,good_I,2,,4,0,3,1.43,0.231,
059003.000508,464,4.5,64 f25f (1I) 2G,untested,,,0,0,0,,,
059003.000509,456,5.5,87 f26f (3H) 4K,untested,,,2,0,1,0.02,0.889,
059003.000510,458,3.5,81 f26f (3H) 4H,good_I,3,,4,0,3,1.85,0.135,
059003.000511,454,6.5,-93 f26f (3H) 4L,good_I,3,,3,0,2,3.48,0.0309,
059003.000512,448,4.5,69 f26f (3H) 4H,good_I,2,,4,0,3,0.61,0.611,
059003.000514,444,5.5,58 f26f (3H) 2I,good_I,2,,4,0,3,0.50,0.681,
059003.000516,431,3.5,63 f25f (3P) 4F,untested,,,2,0,1,0.13,0.718,
059003.000517,437,6.5,-67 f26f (3H) 4K,good_I,2,,5,0,4,0.50,0.739,
059003.000518,409,7.5,-75 f26f (3H) 4L,good_I,2,,4,0,3,0.51,0.673,
059003.000519,399,3.5,-57 f25f (3P) 2G,good_I,3,,4,0,3,0.74,0.526,
059003.000520,394,4.5,-75 f25f (3P) 2G,good_I,2,,4,0,3,1.39,0.243,
059003.000521,378,5.5,-72 f26f (3H) 4H,untested,,,0,0,0,,,
059003.000522,377,6.5,57 f26f (3H) 4K,good_I,2,,3,0,2,1.76,0.172,
059003.000523,373,7.5,79 f26f (3H) 4K,good_I,2,,5,0,4,1.34,0.254,
059003.000524,370,8.5,-87 f26f (3H) 4L,untested,,,2,0,1,3.00,0.0832,
059003.000525,338,3.5,69 f25f (3P) 2F,untested,,,2,0,1,0.00,0.985,
059003.000526,323,2.5,-58 f25f (3P) 2F,good_I,2,,4,0,3,0.25,0.861,
059003.000527,358,6.5,-61 f26f (3H) 2K,good_I,2,,4,0,3,0.21,0.887,
059003.000528,341,7.5,78 f26f (3H) 2L,good_I,2,,4,0,3,0.06,0.983,
059003.000529,343,4.5,-58 f26f (3H) 4G,untested,,,2,0,1,1.10,0.294,
059003.000530,311,8.5,94 f26f (3H) 4K,good_I,3,,4,0,3,2.67,0.0461,
059003.000531,310,6.5,-79 f26f (3H) 4H,good_I,3,,3,0,2,0.44,0.644,
059003.000532,309,9.5,-99 f26f (3H) 4L,untested,,,0,0,0,,,
059003.000533,306,6.5,67 f26f (3H) 4I,good_I,2,,3,0,2,0.18,0.833,
059003.000534,304,5.5,60 f26f (3H) 2H,good_I,2,,3,0,2,3.74,0.0238,
059003.000535,303,4.5,-76 f26f (3H) 2G,good_I,2,,3,0,2,3.66,0.0258,
059003.000536,295,5.5,-68 f26f (3H) 4G,untested,,,2,0,1,1.02,0.313,
059003.000537,287,7.5,-82 f26f (3H) 4I,good_I,3,,3,0,2,0.22,0.804,
059003.000538,271,8.5,-90 f26f (3H) 2L,good_I,3,,4,0,3,1.14,0.333,
059003.000539,1208,0.5,-65 f25d (3F) 2P,good_I,3,,0,7,7,1.10,0.358,-0.29
059003.000540,1200,0.5,-77 f25d (3F) 4P,good_I,2,,2,4,5,1.06,0.38,-0.25
059003.000541,895,3.5,-97 f27s (3H) 4H,good_I,2,,4,4,7,0.53,0.811,-0.59
059003.000542,885,1.5,97 f26d (3H) 4F,untested,,,2,0,1,2.93,0.0872,
059003.000543,871,2.5,-66 f26d (3H) 4F,untested,,,0,1,1,0.11,0.741,-0.33
059003.000544,865,1.5,99 f27s (3F) 4F,good_I,3,,5,0,4,0.13,0.97,
059003.000545,863,2.5,73 f27s (3F) 4F,untested,,,0,0,0,,,
059003.000546,859,8.5,100 f26d (3H) 4K,untested,,,0,1,1,0.11,0.74,+0.33
059003.000547,858,3.5,94 f26d (3F) 4H,untested,,,2,0,1,0.00,0.981,
059003.000548,853,4.5,-71 f26d (3H) 2G,good_I,2,,6,1,6,1.19,0.31,+0.57
059003.000549,851,3.5,81 f26d (3H) 2F,good_I,2,,6,1,6,2.29,0.0327,-0.03
059003.000550,850,4.5,-79 f26d (3F) 4H,untested,,,2,0,1,0.74,0.391,
059003.000551,849,2.5,-58 f26d (3F) 4F,untested,,,2,0,1,1.69,0.194,
059003.000552,848,7.5,-93 f26d (3H) 2K,good_I,2,,4,3,6,1.02,0.413,+0.50
059003.000553,847,3.5,77 f26d (3F) 4G,untested,,,2,0,1,0.65,0.422,
059003.000554,842,4.5,55 f26d (3F) 4H,good_I,2,,6,0,5,0.42,0.835,
059003.000555,840,3.5,-74 f27s (3F) 2F,good_I,2,,4,1,4,0.05,0.996,+0.27
059003.000556,841,2.5,62 f26d (3F) 4F,good_I,2,,3,0,2,0.09,0.913,
059003.000557,838,5.5,94 f26d (3F) 4H,good_I,2,,4,1,4,0.74,0.562,+0.79
059003.000558,833,5.5,70 f26d (3F) 4G,good_I,2,,6,0,5,1.26,0.277,
059003.000559,829,6.5,-83 f26d (3F) 4H,good_I,2,,4,1,4,3.17,0.0131,+1.40
059003.000560,823,4.5,-65 f26d (3F) 2G,good_I,2,,6,1,6,1.69,0.12,-0.08
059003.000562,807,6.5,-82 f26d (1G) 2I,untested,,,2,0,1,0.07,0.785,
059003.000563,771,4.5,56 fd6p (3H) 2H,good_I,2,,5,0,4,1.24,0.293,
059003.000564,753,3.5,-63 fd6p (3H) 4H,untested,,,2,0,1,1.62,0.204,
059003.000565,683,4.5,-61 fd6p (3H) 2H,good_I,3,,4,0,3,2.74,0.0419,
059003.000566,649,5.5,-63 fd6p (3H) 4H,good_I,2,,4,0,3,0.21,0.892,
059003.000567,626,6.5,71 fd6p (3H) 4H,good_I,2,,5,0,4,2.71,0.0283,
059003.000568,565,6.5,98 fd6p (3G) 4H,untested,,,0,0,0,,,
059003.000569,576,7.5,100 fd6p (3H) 4I,good_I,3,,3,0,2,1.16,0.315,
059003.000570,554,5.5,85 fd6p (3H) 4G,good_I,3,,5,0,4,0.49,0.744,
059003.000571,530,3.5,99 f28s (3H) 4H,good_I,4,,4,0,3,0.56,0.638,
059003.000572,525,4.5,-45 fd6p (1F) 2G,good_I,3,,3,0,2,0.76,0.468,
059003.000573,519,4.5,-62 f27d (3H) 2H,fail,,,6,0,5,3.30,0.0056,
059003.000574,520,5.5,-64 f27d (3H) 4I,good_I,2,,5,0,4,0.42,0.791,
059003.000575,517,6.5,-67 f27d (3H) 4K,untested,,,2,0,1,5.03,0.0249,
059003.000576,498,6.5,-66 f27d (3H) 4I,good_I,3,,4,0,3,0.34,0.798,
059003.000577,494,6.5,-70 f27d (3H) 2K,good_I,2,,4,0,3,1.13,0.335,
059003.000578,429,5.5,85 f25g (3H) 4K,good_I,3,,5,0,4,2.09,0.0791,
059003.000579,430,6.5,-68 f25g (3H) 2K,good_I,3,,4,0,3,0.26,0.857,
059003.000580,427,5.5,-66 f25g (3H) 2I,good_I,3,,4,0,3,2.70,0.044,
059003.000581,428,4.5,83 f25g (3H) 4I,untested,,,2,0,1,0.08,0.779,
059003.000582,423,3.5,79 f25g (3H) 4H,good_I,3,,3,0,2,0.07,0.93,
059003.000583,426,6.5,90 f25g (3H) 4L,good_I,5,,3,0,2,0.03,0.966,
059003.000584,424,7.5,71 f25g (3H) 2L,good_I,3,,4,0,3,0.38,0.77,
059003.000585,419,2.5,77 f25g (3H) 4G,untested,,,2,0,1,0.18,0.668,
059003.000586,420,3.5,-57 f25g (3H) 2G,untested,,,2,0,1,0.46,0.499,
059003.000587,414,1.5,75 f25g (3H) 4F,untested,,,2,0,1,0.33,0.564,
059003.000588,413,2.5,-56 f25g (3H) 2F,good_I,3,,4,0,3,3.11,0.0251,
059003.000589,411,1.5,56 f25g (3H) 2D,untested,,,0,0,0,,,
059003.000590,417,7.5,94 f25g (3H) 4M,untested,,,0,0,0,,,
059003.000592,352,6.5,59 f25g (3H) 4I,untested,,,2,0,1,0.23,0.63,
059003.000593,354,5.5,60 f25g (3H) 4I,good_I,3,,5,0,4,0.75,0.559,
059003.000594,355,6.5,-58 f25g (3H) 4K,good_I,3,,5,0,4,2.80,0.0244,
059003.000595,353,7.5,-65 f25g (3H) 4K,good_I,3,,3,0,2,0.79,0.452,
059003.000596,350,5.5,59 f25g (3H) 4H,good_I,3,,5,0,4,0.50,0.733,
059003.000597,351,4.5,-52 f25g (3H) 4H,good_I,3,,6,0,5,2.88,0.0134,
059003.000598,347,8.5,73 f25g (3H) 4L,untested,,,2,0,1,0.04,0.849,
059003.000599,349,7.5,-66 f25g (3H) 4L,untested,,,2,0,1,0.36,0.546,
059003.000600,337,3.5,53 f25g (3H) 4D,good_I,3,,3,0,2,0.98,0.374,
059003.000601,344,4.5,54 f25g (3H) 4G,good_I,3,,5,0,4,0.66,0.618,
059003.000602,336,2.5,-55 f25g (3H) 4G,untested,,,2,0,1,0.00,0.972,
059003.000603,330,2.5,-53 f25g (3H) 4D,untested,,,2,0,1,0.88,0.347,
059003.000604,332,1.5,-61 f25g (3H) 4F,good_I,3,,3,0,2,2.02,0.132,
059003.000605,334,9.5,-79 f25g (3H) 4M,untested,,,0,0,0,,,
059003.000606,333,8.5,-75 f25g (3H) 4M,untested,,,2,0,1,0.14,0.712,
059003.000607,293,6.5,-70 f25g (3H) 2I,good_I,3,,6,0,5,0.59,0.706,
059003.000608,294,7.5,-84 f25g (3H) 4I,good_I,3,,5,0,4,0.52,0.722,
059003.000609,292,7.5,-80 f25g (3H) 2K,good_I,3,,4,0,3,1.17,0.319,
059003.000610,291,8.5,92 f25g (3H) 4K,good_I,5,,3,0,2,1.37,0.254,
059003.000611,289,6.5,85 f25g (3H) 4H,good_I,3,,3,0,2,0.90,0.408,
059003.000612,288,5.5,72 f25g (3H) 2H,good_I,3,,4,0,3,0.27,0.846,
059003.000613,282,4.5,71 f25g (3H) 2G,untested,,,0,0,0,,,
059003.000614,283,5.5,84 f25g (3H) 4G,good_I,3,,3,0,2,0.63,0.532,
059003.000615,286,9.5,-95 f25g (3H) 4L,untested,,,0,0,0,,,
059003.000616,284,8.5,82 f25g (3H) 2L,untested,,,0,0,0,,,
059003.000617,281,4.5,82 f25g (3H) 4F,good_I,3,,3,0,2,0.73,0.481,
059003.000618,280,3.5,69 f25g (3H) 2F,good_I,3,,4,0,3,0.43,0.729,
059003.000619,276,2.5,-67 f25g (3H) 2D,good_I,3,,3,0,2,0.18,0.836,
059003.000620,279,10.5,100 f25g (3H) 4M,untested,,,0,0,0,,,
059003.000621,278,9.5,-83 f25g (3H) 2M,good_I,5,,3,0,2,0.87,0.418,
059003.000622,186,7.5,-73 f25g (3F) 4I,untested,,,2,0,1,0.06,0.813,
059003.000623,474,3.5,-60 f25f (3P) 4D,good_I,3,,3,0,2,3.03,0.0483,
059003.000624,742,2.5,46 f25f (3F) 4G,good_I,2,,7,1,7,0.66,0.709,+0.05
059003.000625,828,3.5,68 f26d (3F) 2G,good_I,2,,4,0,3,1.44,0.228,
059003.000626,913,3.5,-70 f5d6s (3D) 4D,good_I,1,,8,1,8,1.51,0.147,-1.06
059003.000627,914,2.5,-69 f5d6s (3D) 4D,fail,,,11,0,10,6.02,3.31e-09,
059003.000628,719,4.5,75 f27p (3H) 2G,good_I,3,,5,2,6,0.38,0.892,+0.26
059003.000629,918,3.5,62 f5d6s (1F) 2F,good_A,0,-1.5,9,2,10,2.94,0.00106,+1.64
059003.000630,747,6.5,72 f27p (3H) 4H,fail,,,7,4,10,3.03,0.000758,+0.28
059003.000631,1007,1.5,-52 f5d2 (1D) 2D,good_I,2,,8,0,7,0.36,0.923,
059003.000632,496,5.5,-74 f27d (3H) 4H,good_I,1,,6,0,5,0.38,0.866,
059003.000633,955,4.5,-68 f5d2 (3P) 2G,good_I,2,,7,0,6,1.18,0.311,
059003.000634,666,5.5,-83 f27p (3F) 4G,good_I,3,,3,2,4,1.01,0.399,+0.17
059003.000635,661,4.5,-62 f27p (3F) 4F,good_I,3,,4,2,5,0.40,0.851,-0.53
059003.000636,441,2.5,71 f28s (3F) 4F,good_I,3,,4,0,3,0.69,0.557,
059003.000637,465,3.5,-56 f25f (1I) 2F,good_I,3,,4,0,3,3.41,0.0167,
059003.000638,479,4.5,-51 f25f (1I) 2G,good_I,2,,4,0,3,1.59,0.19,
059003.000639,497,4.5,-69 f27d (3H) 4H,good_I,3,,4,0,3,0.53,0.662,
059003.000640,741,2.5,85 f27p (3F) 4G,good_I,2,,7,0,6,0.53,0.789,
059003.000641,949,0.5,76 f26p (3P) 4P,good_I,3,,5,0,4,0.75,0.561,
059003.000642,1093,0.5,-95 f26s (3P) 4P,good_A,0,-0.5,0,9,9,1.23,0.27,-0.37
059003.000643,940,0.5,-75 f26p (3P) 2P,good_I,2,,9,0,8,0.40,0.919,
059003.000644,900,2.5,81 f5d6s (3D) 2D,good_I,2,,11,0,10,0.64,0.781,
059003.000645,996,0.5,65 f5d2 (3P) 4D,good_I,3,,6,0,5,2.24,0.0472,
059003.000646,906,2.5,-61 f5d6s (1F) 2F,good_I,1,,9,0,8,3.34,0.000791,
059003.000647,998,1.5,-45 f5d2 (3P) 2D,fail,,,7,0,6,3.24,0.00348,
059003.000648,499,5.5,63 f27d (3H) 4I,good_I,2,,5,0,4,1.08,0.365,
059003.000649,522,5.5,91 f27d (3H) 4K,good_I,4,,3,0,2,1.29,0.276,
059003.000650,672,5.5,-62 fd6p (1G) 2H,fail,,,6,0,5,5.55,4.08e-05,
059003.000651,523,4.5,-87 f27d (3H) 4I,good_I,3,,5,0,4,0.76,0.552,
059003.000652,518,2.5,92 f27d (3H) 4G,good_I,3,,4,0,3,0.67,0.569,
059003.000653,1014,1.5,56 f5d2 (3F) 4P,good_I,3,,6,0,5,2.48,0.0298,
059003.000654,944,2.5,63 f5d2 (1G) 2D,good_A,0,+0.5,7,0,6,3.13,0.00453,
059003.000655,711,5.5,58 fd6p (3H) 4I,good_I,1,,7,0,6,1.36,0.225,
059003.000656,936,3.5,-70 f5d2 (3P) 2F,good_A,0,+0.5,4,0,3,1.15,0.325,
059003.000657,919,2.5,56 f5d6s (3D) 4D,good_I,2,,6,0,5,1.51,0.182,
059003.000658,915,1.5,65 f5d6s (1D) 2D,good_I,1,,12,0,11,1.29,0.221,
059003.000659,903,1.5,83 f5d6s (3D) 2D,good_I,2,,11,0,10,1.39,0.18,
059003.000660,924,2.5,-59 f5d6s (1D) 2D,good_I,2,,5,0,4,0.36,0.839,
059003.000661,319,5.5,-62 f27d (3F) 2H,good_I,2,,5,0,4,0.95,0.434,
059003.000662,446,7.5,-92 f27d (3H) 4I,good_I,4,,3,0,2,1.53,0.217,
059003.000663,447,6.5,69 f27d (3H) 4H,good_I,4,,3,0,2,1.94,0.144,
059003.000664,406,4.5,68 f27d (3H) 2G,good_I,2,,6,0,5,1.52,0.181,
059003.000665,937,2.5,88 f5d6s (3F) 4F,good_I,2,,6,0,5,3.05,0.0094,
059003.000666,422,4.5,-60 f25g (3H) 2H,good_I,3,,3,0,2,0.37,0.691,
059003.000667,718,3.5,-56 fd6p (3H) 4H,fail,,,5,0,4,6.17,5.83e-05,
059003.000668,799,3.5,59 f26d (1G) 2F,good_I,3,,3,0,2,0.40,0.672,
059003.000669,832,4.5,-62 f26d (3F) 4F,good_I,2,,6,1,6,1.33,0.238,+1.56
059003.000670,627,4.5,73 fd6p (3G) 4G,good_I,2,,5,0,4,1.67,0.153,
059003.000671,813,4.5,-66 f26d (1G) 2G,good_I,2,,4,1,4,1.37,0.242,+1.78
059003.000672,660,3.5,-61 fd6p (3F) 4F,good_I,2,,4,0,3,1.49,0.214,
059003.000673,809,5.5,72 f26d (1G) 2I,good_I,2,,3,0,2,1.38,0.25,
059003.000674,983,0.5,57 f5d2 (3P) 4D,fail,,,5,0,4,4.12,0.00245,
059003.000675,706,4.5,-74 fd6p (3H) 4H,good_I,1,,6,0,5,1.65,0.143,
059003.000676,932,3.5,61 f5d6s (3H) 4H,good_I,2,,4,1,4,1.67,0.153,-0.32
059003.000677,366,4.5,-67 f27d (3F) 4H,good_I,2,,5,0,4,0.63,0.639,
059003.000678,690,3.5,-48 f26d (1D) 2G,good_I,2,,3,0,2,2.91,0.0544,
059003.000679,592,5.5,-71 fd6p (3G) 4G,good_I,2,,6,0,5,0.39,0.858,
059003.000680,615,5.5,-75 f27s (1I) 2I,good_I,3,,4,0,3,0.72,0.537,
059003.000681,667,4.5,-49 fd6p (1G) 2H,good_I,3,,6,0,5,2.73,0.0181,
059003.000682,206,4.5,-74 f26f (3F) 4F,good_I,2,,4,0,3,0.41,0.747,
059003.000683,545,4.5,-63 fd6p (3D) 4F,good_I,1,,7,0,6,0.78,0.588,
059003.000684,658,,,fail,,,7,0,6,5.42,1.31e-05,
