level_id,iden2_row,J,leading,table_now,A_table,u_table,tier,A_calc,u_total,u_amp,u_par,u_cfg,rel_u,cancel,z_table,eigenvector,E_dev,S,u_S,n_lines,kappa_mean,dE_expected,n_flagged,flag_disagree,wide_unflagged,A_components,action,proposed_cfg,proposed_A,proposed_u_A,proposed_source,notes
059003.000116,1166,8.5,100 4f3 (2L) 2L,"calculated, hfs_A_theory 2026-10-07, tier 1",+0.0213,0.0013,1,+0.0213,0.0013,0.0001,0.0013,0.0000,0.06,1.0,,"good_I (1.01, 3)",-28,+0.453,0.028,4,0.802,-0.363,0,,,,in the table,4f3,+0.0213,0.0013,"calculated, hfs_A_theory 2026-10-07, tier 1",
059003.000109,1172,7.5,98 4f3 (2L) 2L,"calculated, hfs_A_theory 2026-10-07, tier 1",+0.0233,0.0014,1,+0.0233,0.0014,0.0004,0.0014,0.0000,0.06,1.0,,"good_I (2.03, 5)",-61,+0.437,0.026,5,0.801,-0.350,0,,,,in the table,4f3,+0.0233,0.0014,"calculated, hfs_A_theory 2026-10-07, tier 1",
059003.000052,1230,6.5,99 4f3 (2K) 2K,"calculated, hfs_A_theory 2026-10-07, tier 1",+0.0247,0.0015,1,+0.0247,0.0015,0.0002,0.0015,0.0000,0.06,1.0,,"good_I (0.75, 11)",-40,+0.401,0.024,12,0.802,-0.322,0,,,,in the table,4f3,+0.0247,0.0015,"calculated, hfs_A_theory 2026-10-07, tier 1",
059003.000061,1222,7.5,98 4f3 (2K) 2K,"calculated, hfs_A_theory 2026-10-07, tier 1",+0.0211,0.0014,1,+0.0211,0.0014,0.0006,0.0013,0.0000,0.07,1.0,,"good_I (0.78, 6)",-24,+0.396,0.026,7,0.802,-0.317,0,,,,in the table,4f3,+0.0211,0.0014,"calculated, hfs_A_theory 2026-10-07, tier 1",
059003.000110,1171,6.5,-98 4f3 (2I) 2I,"calculated, hfs_A_theory 2026-10-07, tier 1",+0.0217,0.0013,1,+0.0217,0.0013,0.0001,0.0013,0.0000,0.06,1.0,,"good_I (0.17, 7)",+36,+0.353,0.021,7,0.801,-0.282,0,,,,in the table,4f3,+0.0217,0.0013,"calculated, hfs_A_theory 2026-10-07, tier 1",
059003.000001,1253,4.5,-97 4f3 (4I) 4I,"calculated, hfs_A_theory 2026-10-07, tier 1",+0.0305,0.0019,1,+0.0305,0.0019,0.0004,0.0018,0.0000,0.06,1.0,,"good_I (0.65, 11)",-82,+0.343,0.021,22,0.801,-0.275,0,,,,in the table,4f3,+0.0305,0.0019,"calculated, hfs_A_theory 2026-10-07, tier 1",
059003.000033,1250,7.5,99 4f3 (4I) 4I,"calculated, hfs_A_theory 2026-10-07, tier 1",+0.0180,0.0011,1,+0.0180,0.0011,0.0004,0.0011,0.0000,0.06,1.0,,"good_I (0.60, 5)",-80,+0.337,0.021,13,0.802,-0.271,0,,,,in the table,4f3,+0.0180,0.0011,"calculated, hfs_A_theory 2026-10-07, tier 1",
059003.000031,1252,5.5,99 4f3 (4I) 4I,"calculated, hfs_A_theory 2026-10-07, tier 1",+0.0241,0.0015,1,+0.0241,0.0015,0.0004,0.0014,0.0000,0.06,1.0,,"good_I (0.46, 14)",-75,+0.331,0.021,21,0.802,-0.266,0,,,,in the table,4f3,+0.0241,0.0015,"calculated, hfs_A_theory 2026-10-07, tier 1",
059003.000032,1251,6.5,-99 4f3 (4I) 4I,"calculated, hfs_A_theory 2026-10-07, tier 1",+0.0203,0.0013,1,+0.0203,0.0013,0.0003,0.0012,0.0000,0.06,1.0,,"good_I (1.71, 9)",-75,+0.330,0.021,20,0.802,-0.265,0,,,,in the table,4f3,+0.0203,0.0013,"calculated, hfs_A_theory 2026-10-07, tier 1",
059003.000234,1040,4.5,59 f5d2 (1D) 2H,"calculated, hfs_A_theory 2026-10-07, tier 1",+0.0297,0.0015,1,+0.0297,0.0015,0.0011,0.0008,0.0003,0.05,1.0,,"good_A (1.73, 20)",+29,+0.334,0.017,26,0.783,-0.262,2,,,+0.0284 +- 0.0071 (1),in the table,f5d2,+0.0297,0.0015,"calculated, hfs_A_theory 2026-10-07, tier 1",
059003.000103,1180,5.5,91 4f3 (2I) 2I,"calculated, hfs_A_theory 2026-10-07, tier 1",+0.0232,0.0014,1,+0.0232,0.0014,0.0003,0.0014,0.0000,0.06,1.1,,"good_I (0.39, 9)",+61,+0.319,0.019,12,0.801,-0.255,0,,,,in the table,4f3,+0.0232,0.0014,"calculated, hfs_A_theory 2026-10-07, tier 1",
059003.000276,982,5.5,83 f5d2 (1G) 2H,"calculated, hfs_A_theory 2026-10-07, tier 1",+0.0230,0.0013,1,+0.0230,0.0013,0.0010,0.0008,0.0002,0.06,1.1,,"good_A (1.29, 12)",+197,+0.316,0.018,16,0.785,-0.248,1,,,+0.0204 +- 0.0074 (1),in the table,f5d2,+0.0230,0.0013,"calculated, hfs_A_theory 2026-10-07, tier 1",
059003.000198,1081,3.5,-72 f5d2 (3F) 4H,"calculated, hfs_A_theory 2026-10-07, tier 1",+0.0409,0.0025,1,+0.0409,0.0025,0.0014,0.0015,0.0005,0.06,1.1,,"good_I (1.29, 16)",+8,+0.358,0.022,26,0.688,-0.246,1,,,,in the table,f5d2,+0.0409,0.0025,"calculated, hfs_A_theory 2026-10-07, tier 1","dismissed by the user 2026-10-07: the center of gravity of 21793.442 (1116-1081), a line too weak to be trusted"
059003.000035,1248,4.5,77 4f3 (2H) 2H2,"calculated, hfs_A_theory 2026-10-07, tier 1",+0.0260,0.0017,1,+0.0260,0.0017,0.0007,0.0015,0.0000,0.07,1.0,,"good_I (1.43, 18)",-4,+0.292,0.019,23,0.802,-0.235,0,,,,in the table,4f3,+0.0260,0.0017,"calculated, hfs_A_theory 2026-10-07, tier 1",
059003.000124,1157,5.5,-81 4f3 (2H) 2H1,"calculated, hfs_A_theory 2026-10-07, tier 1",+0.0204,0.0013,1,+0.0204,0.0013,0.0004,0.0012,0.0000,0.06,1.1,,"good_I (1.80, 7)",+153,+0.281,0.018,10,0.824,-0.231,0,,,,in the table,4f3,+0.0204,0.0013,"calculated, hfs_A_theory 2026-10-07, tier 1",
059003.000118,1163,4.5,92 4f3 (2H) 2H1,"calculated, hfs_A_theory 2026-10-07, tier 1",+0.0236,0.0015,1,+0.0236,0.0015,0.0005,0.0014,0.0000,0.06,1.1,,"untested (0.03, 1)",+78,+0.265,0.017,5,0.801,-0.213,0,,,,in the table,4f3,+0.0236,0.0015,"calculated, hfs_A_theory 2026-10-07, tier 1",
059003.000266,997,4.5,72 f5d2 (1G) 2H,"calculated, hfs_A_theory 2026-10-07, tier 1",+0.0260,0.0014,1,+0.0260,0.0014,0.0010,0.0009,0.0001,0.05,1.1,,"good_I (1.68, 13)",+118,+0.292,0.016,18,0.725,-0.212,0,,,,in the table,f5d2,+0.0260,0.0014,"calculated, hfs_A_theory 2026-10-07, tier 1",
059003.000633,955,4.5,-68 f5d2 (3P) 2G,"calculated, hfs_A_theory 2026-10-07, tier 1",+0.0249,0.0032,1,+0.0249,0.0032,0.0029,0.0008,0.0004,0.13,1.2,,"good_I (1.18, 6)",+50,+0.280,0.036,8,0.749,-0.210,0,,,,in the table,f5d2,+0.0249,0.0032,"calculated, hfs_A_theory 2026-10-07, tier 1",
059003.000254,1013,2.5,-95 f5d2 (3P) 4G,"calculated, hfs_A_theory 2026-10-07, tier 1",+0.0490,0.0022,1,+0.0490,0.0022,0.0013,0.0017,0.0000,0.04,1.1,,"good_I (1.44, 6)",+112,+0.306,0.014,8,0.633,-0.194,0,,,,in the table,f5d2,+0.0490,0.0022,"calculated, hfs_A_theory 2026-10-07, tier 1",
059003.000169,1113,4.5,-73 4f3 (2G) 2G2,"calculated, hfs_A_theory 2026-10-07, tier 1",+0.0212,0.0013,1,+0.0212,0.0013,0.0003,0.0012,0.0000,0.06,1.0,,"good_I (2.08, 5)",+131,+0.238,0.015,9,0.801,-0.191,0,,,,in the table,4f3,+0.0212,0.0013,"calculated, hfs_A_theory 2026-10-07, tier 1",
059003.000267,992,3.5,80 f5d2 (1G) 2G,"calculated, hfs_A_theory 2026-10-07, tier 1",+0.0274,0.0014,1,+0.0274,0.0014,0.0007,0.0011,0.0003,0.05,1.0,,"good_A (2.32, 11)",-111,+0.240,0.012,16,0.785,-0.188,1,,,+0.0333 +- 0.0086 (1),in the table,f5d2,+0.0274,0.0014,"calculated, hfs_A_theory 2026-10-07, tier 1",
059003.000058,1224,5.5,96 4f3 (4G) 4G,"calculated, hfs_A_theory 2026-10-07, tier 1",+0.0169,0.0011,1,+0.0169,0.0011,0.0004,0.0010,0.0000,0.07,1.0,,"good_I (1.51, 6)",-97,+0.232,0.015,8,0.801,-0.186,0,,,,in the table,4f3,+0.0169,0.0011,"calculated, hfs_A_theory 2026-10-07, tier 1",
059003.000258,1006,4.5,67 f5d2 (3P) 4G,"calculated, hfs_A_theory 2026-10-07, tier 1",+0.0223,0.0018,1,+0.0223,0.0018,0.0008,0.0009,0.0000,0.08,1.3,,"good_I (1.28, 9)",-100,+0.251,0.020,13,0.738,-0.185,2,,,,in the table,f5d2,+0.0223,0.0018,"calculated, hfs_A_theory 2026-10-07, tier 1",
059003.000259,1005,3.5,84 f5d2 (3P) 4G,"calculated, hfs_A_theory 2026-10-07, tier 1",+0.0290,0.0014,1,+0.0290,0.0014,0.0009,0.0006,0.0000,0.05,1.1,,"good_I (2.02, 10)",+136,+0.254,0.012,15,0.725,-0.184,0,,,,in the table,f5d2,+0.0290,0.0014,"calculated, hfs_A_theory 2026-10-07, tier 1",
059003.000051,1232,4.5,67 4f3 (4G) 4G,"calculated, hfs_A_theory 2026-10-07, tier 1",+0.0196,0.0014,1,+0.0196,0.0014,0.0008,0.0012,0.0000,0.07,1.0,,"good_I (1.09, 13)",-17,+0.221,0.016,16,0.801,-0.177,0,,,,in the table,4f3,+0.0196,0.0014,"calculated, hfs_A_theory 2026-10-07, tier 1",
059003.000250,1019,3.5,-52 f5d2 (3F) 4F,"calculated, hfs_A_theory 2026-10-07, tier 1",+0.0243,0.0025,1,+0.0243,0.0025,0.0021,0.0008,0.0003,0.10,1.2,,"good_A (1.93, 22)",+64,+0.213,0.022,35,0.787,-0.167,2,,33602.5687(D+0.41),+0.0380 +- 0.0081 (1),in the table,f5d2,+0.0243,0.0025,"calculated, hfs_A_theory 2026-10-07, tier 1",
059003.000277,978,4.5,67 f5d2 (1G) 2G,"calculated, hfs_A_theory 2026-10-07, tier 1",+0.0210,0.0013,1,+0.0210,0.0013,0.0010,0.0007,0.0001,0.06,1.3,,"good_A (0.35, 8)",+7,+0.236,0.015,13,0.701,-0.166,1,,,+0.0159 +- 0.0084 (1),in the table,f5d2,+0.0210,0.0013,"calculated, hfs_A_theory 2026-10-07, tier 1",
059003.000044,1239,2.5,98 4f3 (4G) 4G,"calculated, hfs_A_theory 2026-10-07, tier 1",+0.0326,0.0020,1,+0.0326,0.0020,0.0005,0.0019,0.0000,0.06,1.0,,"good_I (1.41, 11)",-54,+0.204,0.013,12,0.802,-0.163,0,,,,in the table,4f3,+0.0326,0.0020,"calculated, hfs_A_theory 2026-10-07, tier 1",
059003.000174,1108,3.5,74 4f3 (2G) 2G2,"calculated, hfs_A_theory 2026-10-07, tier 1",+0.0232,0.0015,1,+0.0232,0.0015,0.0007,0.0013,0.0000,0.06,1.2,,"good_I (1.37, 9)",+203,+0.203,0.013,12,0.801,-0.163,0,,,,in the table,4f3,+0.0232,0.0015,"calculated, hfs_A_theory 2026-10-07, tier 1",
059003.000055,1228,4.5,-70 4f3 (4G) 4G,"calculated, hfs_A_theory 2026-10-07, tier 1",+0.0176,0.0011,1,+0.0176,0.0011,0.0002,0.0010,0.0000,0.06,1.2,,"good_A (0.64, 11)",+7,+0.198,0.012,13,0.802,-0.159,0,,,,in the table,4f3,+0.0176,0.0011,"calculated, hfs_A_theory 2026-10-07, tier 1",
059003.000039,1244,4.5,-87 4f3 (4F) 4F,"calculated, hfs_A_theory 2026-10-07, tier 1",+0.0175,0.0013,1,+0.0175,0.0013,0.0007,0.0010,0.0000,0.07,1.0,,"good_I (1.15, 14)",+45,+0.197,0.015,20,0.803,-0.158,0,,,,in the table,4f3,+0.0175,0.0013,"calculated, hfs_A_theory 2026-10-07, tier 1",
059003.000048,1234,3.5,88 4f3 (4G) 4G,"calculated, hfs_A_theory 2026-10-07, tier 1",+0.0219,0.0014,1,+0.0219,0.0014,0.0005,0.0013,0.0000,0.06,1.1,,"good_I (0.74, 11)",-25,+0.192,0.012,13,0.802,-0.154,0,,,,in the table,4f3,+0.0219,0.0014,"calculated, hfs_A_theory 2026-10-07, tier 1",
059003.000269,993,5.5,85 f5d2 (3P) 4G,"calculated, hfs_A_theory 2026-10-07, tier 1",+0.0159,0.0014,1,+0.0159,0.0014,0.0009,0.0011,0.0000,0.09,1.8,,"good_I (0.46, 10)",+193,+0.219,0.019,12,0.706,-0.154,0,,,,in the table,f5d2,+0.0159,0.0014,"calculated, hfs_A_theory 2026-10-07, tier 1",
059003.000432,1053,1.5,-83 f5d2 (3F) 4F,"calculated, hfs_A_theory 2026-10-07, tier 1",+0.0478,0.0033,1,+0.0478,0.0033,0.0017,0.0021,0.0005,0.07,1.1,,"good_A (0.47, 10)",-113,+0.179,0.012,13,0.825,-0.148,1,,32426.8083(D+0.51),,in the table,f5d2,+0.0478,0.0033,"calculated, hfs_A_theory 2026-10-07, tier 1",
059003.000656,936,3.5,-70 f5d2 (3P) 2F,"calculated, hfs_A_theory 2026-10-07, tier 1",+0.0193,0.0016,1,+0.0193,0.0016,0.0008,0.0011,0.0003,0.08,1.4,,"good_A (1.15, 3)",+300,+0.169,0.014,10,0.797,-0.135,1,,,+0.0220 +- 0.0053 (2),in the table,f5d2,+0.0193,0.0016,"calculated, hfs_A_theory 2026-10-07, tier 1",
059003.000136,1143,3.5,-76 4f3 (2F) 2F2,"calculated, hfs_A_theory 2026-10-07, tier 1",+0.0190,0.0013,1,+0.0190,0.0013,0.0005,0.0011,0.0000,0.07,1.1,,"good_I (0.82, 4)",-220,+0.166,0.011,6,0.801,-0.133,0,,,,in the table,4f3,+0.0190,0.0013,"calculated, hfs_A_theory 2026-10-07, tier 1",
059003.000193,1086,3.5,-72 4f3 (2F) 2F1,"calculated, hfs_A_theory 2026-10-07, tier 1",+0.0184,0.0012,1,+0.0184,0.0012,0.0006,0.0010,0.0000,0.07,1.2,,"good_I (0.77, 7)",-124,+0.161,0.010,8,0.802,-0.129,0,,,,in the table,4f3,+0.0184,0.0012,"calculated, hfs_A_theory 2026-10-07, tier 1",weight 0.013 without parameters (5f.a01 5f.a10 5f.a12)
059003.000430,1147,2.5,66 4f3 (2F) 2F2,"calculated, hfs_A_theory 2026-10-07, tier 1",+0.0255,0.0019,1,+0.0255,0.0019,0.0013,0.0014,0.0000,0.07,1.0,,"good_I (1.76, 5)",-234,+0.159,0.012,8,0.799,-0.127,0,,,,in the table,4f3,+0.0255,0.0019,"calculated, hfs_A_theory 2026-10-07, tier 1",
059003.000295,950,2.5,51 f5d2 (3P) 2F,"calculated, hfs_A_theory 2026-10-07, tier 1",+0.0255,0.0053,1,+0.0255,0.0053,0.0031,0.0035,0.0007,0.21,1.3,,"good_I (1.64, 5)",-47,+0.159,0.033,10,0.795,-0.127,1,,,,in the table,f5d2,+0.0255,0.0053,"calculated, hfs_A_theory 2026-10-07, tier 1",
059003.000037,1246,3.5,96 4f3 (4F) 4F,"calculated, hfs_A_theory 2026-10-07, tier 1",+0.0176,0.0013,1,+0.0176,0.0013,0.0007,0.0010,0.0000,0.07,1.0,,"good_I (1.41, 22)",+52,+0.154,0.011,26,0.803,-0.124,0,,,,in the table,4f3,+0.0176,0.0013,"calculated, hfs_A_theory 2026-10-07, tier 1",
059003.000265,999,2.5,-43 f5d2 (1D) 2F,"calculated, hfs_A_theory 2026-10-07, tier 1",+0.0236,0.0036,1,+0.0236,0.0036,0.0031,0.0009,0.0002,0.15,1.3,,"good_I (1.36, 12)",-121,+0.147,0.022,18,0.772,-0.114,0,,,,in the table,f5d2,+0.0236,0.0036,"calculated, hfs_A_theory 2026-10-07, tier 1",
059003.000436,988,3.5,-58 f5d2 (3P) 4F,"calculated, hfs_A_theory 2026-10-07, tier 1",+0.0172,0.0025,1,+0.0172,0.0025,0.0013,0.0009,0.0000,0.15,1.5,,"good_I (0.47, 10)",+29,+0.150,0.022,13,0.759,-0.114,0,,,,in the table,f5d2,+0.0172,0.0025,"calculated, hfs_A_theory 2026-10-07, tier 1",
059003.000270,991,2.5,-64 f5d2 (3P) 4F,"calculated, hfs_A_theory 2026-10-07, tier 1",+0.0239,0.0033,1,+0.0239,0.0033,0.0021,0.0007,0.0000,0.14,1.4,,"good_A (2.49, 11)",-103,+0.149,0.021,17,0.736,-0.110,0,,35378.1251(D+0.53),,in the table,f5d2,+0.0239,0.0033,"calculated, hfs_A_theory 2026-10-07, tier 1",
059003.000036,1247,2.5,-97 4f3 (4F) 4F,"calculated, hfs_A_theory 2026-10-07, tier 1",+0.0209,0.0014,1,+0.0209,0.0014,0.0005,0.0012,0.0000,0.07,1.1,,"good_I (1.13, 16)",+70,+0.131,0.009,25,0.802,-0.105,0,,,,in the table,4f3,+0.0209,0.0014,"calculated, hfs_A_theory 2026-10-07, tier 1",
059003.000034,1249,1.5,96 4f3 (4F) 4F,"calculated, hfs_A_theory 2026-10-07, tier 1",+0.0342,0.0023,1,+0.0342,0.0023,0.0011,0.0020,0.0000,0.07,1.1,,"good_I (0.99, 9)",+78,+0.128,0.009,17,0.804,-0.103,2,,,+0.0280 +- 0.0033 (2),in the table,4f3,+0.0342,0.0023,"calculated, hfs_A_theory 2026-10-07, tier 1",
059003.000122,1159,2.5,-75 4f3 (2D) 2D2,"calculated, hfs_A_theory 2026-10-07, tier 1",+0.0202,0.0017,1,+0.0202,0.0017,0.0012,0.0012,0.0000,0.08,1.0,,"good_I (1.28, 8)",+1,+0.126,0.011,9,0.802,-0.101,0,,,,in the table,4f3,+0.0202,0.0017,"calculated, hfs_A_theory 2026-10-07, tier 1",
059003.000092,1189,2.5,86 4f3 (4D) 4D,"calculated, hfs_A_theory 2026-10-07, tier 1",+0.0189,0.0013,1,+0.0189,0.0013,0.0006,0.0011,0.0000,0.07,1.0,,"good_I (0.43, 12)",-40,+0.118,0.008,12,0.802,-0.095,0,,,,in the table,4f3,+0.0189,0.0013,"calculated, hfs_A_theory 2026-10-07, tier 1",
059003.000068,1215,2.5,-97 4f3 (2D) 2D1,"calculated, hfs_A_theory 2026-10-07, tier 1",+0.0183,0.0013,1,+0.0183,0.0013,0.0007,0.0011,0.0000,0.07,1.0,,"good_I (0.23, 11)",+88,+0.114,0.008,13,0.802,-0.092,0,,,,in the table,4f3,+0.0183,0.0013,"calculated, hfs_A_theory 2026-10-07, tier 1",
059003.000090,1190,1.5,88 4f3 (4D) 4D,"calculated, hfs_A_theory 2026-10-07, tier 1",+0.0252,0.0019,1,+0.0252,0.0019,0.0010,0.0015,0.0000,0.08,1.0,,"good_I (0.65, 8)",-93,+0.095,0.007,10,0.802,-0.076,0,,,,in the table,4f3,+0.0252,0.0019,"calculated, hfs_A_theory 2026-10-07, tier 1",
059003.000107,1174,3.5,97 4f3 (4D) 4D,"calculated, hfs_A_theory 2026-10-07, tier 1",+0.0106,0.0008,1,+0.0106,0.0008,0.0004,0.0006,0.0000,0.08,1.5,,"good_I (0.88, 6)",-29,+0.093,0.007,8,0.801,-0.074,0,,,,in the table,4f3,+0.0106,0.0008,"calculated, hfs_A_theory 2026-10-07, tier 1",
059003.000645,996,0.5,65 f5d2 (3P) 4D,"calculated, hfs_A_theory 2026-10-07, tier 1",+0.0743,0.0096,1,+0.0743,0.0096,0.0090,0.0023,0.0001,0.13,1.0,,"good_I (2.24, 5)",-239,+0.093,0.012,8,0.732,-0.068,0,,,,in the table,f5d2,+0.0743,0.0096,"calculated, hfs_A_theory 2026-10-07, tier 1",
059003.000117,1164,1.5,-85 4f3 (2D) 2D2,"calculated, hfs_A_theory 2026-10-07, tier 1",+0.0226,0.0020,1,+0.0226,0.0020,0.0014,0.0013,0.0000,0.09,1.3,,"good_I (1.21, 9)",+21,+0.085,0.007,10,0.802,-0.068,0,,,,in the table,4f3,+0.0226,0.0020,"calculated, hfs_A_theory 2026-10-07, tier 1",
059003.000094,1185,0.5,96 4f3 (4D) 4D,"calculated, hfs_A_theory 2026-10-07, tier 1",+0.0608,0.0039,1,+0.0608,0.0039,0.0018,0.0035,0.0000,0.06,1.0,,"good_I (0.61, 3)",-157,+0.076,0.005,4,0.801,-0.061,0,,,,in the table,4f3,+0.0608,0.0039,"calculated, hfs_A_theory 2026-10-07, tier 1",
059003.000056,1227,1.5,-68 4f3 (2D) 2D1,"calculated, hfs_A_theory 2026-10-07, tier 1",+0.0191,0.0027,1,+0.0191,0.0027,0.0024,0.0011,0.0000,0.14,1.3,,"good_I (0.79, 9)",+121,+0.072,0.010,11,0.802,-0.057,0,,,,in the table,4f3,+0.0191,0.0027,"calculated, hfs_A_theory 2026-10-07, tier 1",
059003.000077,1206,1.5,-71 4f3 (2P) 2P,"calculated, hfs_A_theory 2026-10-07, tier 1",+0.0181,0.0019,1,+0.0181,0.0019,0.0015,0.0011,0.0000,0.10,1.3,,"good_I (0.35, 7)",+143,+0.068,0.007,8,0.802,-0.054,0,,,,in the table,4f3,+0.0181,0.0019,"calculated, hfs_A_theory 2026-10-07, tier 1",
059003.000065,1219,0.5,96 4f3 (2P) 2P,"calculated, hfs_A_theory 2026-10-07, tier 1",+0.0531,0.0034,1,+0.0531,0.0034,0.0014,0.0031,0.0000,0.06,1.0,,"good_I (0.28, 7)",+148,+0.066,0.004,9,0.802,-0.053,0,,,,in the table,4f3,+0.0531,0.0034,"calculated, hfs_A_theory 2026-10-07, tier 1",
059003.000306,917,5.5,-97 f5d6s (3G) 4G,"calculated, hfs_A_theory 2026-10-07, tier 2",+0.0731,0.0076,2,+0.0731,0.0076,0.0021,0.0008,0.0073,0.10,1.1,,"good_I (0.74, 8)",-88,+1.005,0.104,12,0.724,-0.728,0,,34474.5476(D-0.71),,in the table,f5d6s,+0.0731,0.0076,"calculated, hfs_A_theory 2026-10-07, tier 2",
059003.000457,897,5.5,-87 f5d6s (1H) 2H,"calculated, hfs_A_theory 2026-10-07, tier 2",+0.0675,0.0091,2,+0.0675,0.0091,0.0060,0.0007,0.0067,0.13,1.0,,"good_I (1.53, 5)",+82,+0.928,0.125,9,0.781,-0.725,0,,,,in the table,f5d6s,+0.0675,0.0091,"calculated, hfs_A_theory 2026-10-07, tier 2",questionable level: the calculated A will show whether its lines line up in IDEN2
059003.000454,926,5.5,97 f5d6s (3H) 4H,"calculated, hfs_A_theory 2026-10-07, tier 2",+0.0675,0.0103,2,+0.0675,0.0103,0.0077,0.0007,0.0067,0.15,1.0,,"good_I (2.97, 5)",-77,+0.928,0.142,9,0.769,-0.714,0,,,,in the table,f5d6s,+0.0675,0.0103,"calculated, hfs_A_theory 2026-10-07, tier 2",
059003.000448,938,4.5,70 f5d6s (1G) 2G,"calculated, hfs_A_theory 2026-10-07, tier 2",+0.0806,0.0115,2,+0.0806,0.0115,0.0082,0.0009,0.0080,0.14,1.0,,"good_I (1.25, 8)",-69,+0.907,0.129,15,0.775,-0.703,2,,33602.5687(D-0.53),+0.0886 +- 0.0075 (1),in the table,f5d6s,+0.0806,0.0115,"calculated, hfs_A_theory 2026-10-07, tier 2","HOLD in hfs_A_fit: one component position, checked by nothing else; its own lines give +0.013 +- 0.018"
059003.000304,925,4.5,-70 f5d6s (3F) 4F,"calculated, hfs_A_theory 2026-10-07, tier 2",+0.0822,0.0098,2,+0.0822,0.0098,0.0052,0.0008,0.0082,0.12,1.1,,"good_I (1.49, 3)",+87,+0.925,0.110,10,0.598,-0.553,0,,,,in the table,f5d6s,+0.0822,0.0098,"calculated, hfs_A_theory 2026-10-07, tier 2",
059003.000305,923,4.5,75 f5d6s (3G) 4G,"calculated, hfs_A_theory 2026-10-07, tier 2",+0.0615,0.0125,2,+0.0615,0.0125,0.0109,0.0006,0.0061,0.20,1.1,,"good_I (0.81, 10)",+5,+0.692,0.141,15,0.747,-0.517,0,,,,in the table,f5d6s,+0.0615,0.0125,"calculated, hfs_A_theory 2026-10-07, tier 2",
059003.000455,920,6.5,-99 f5d6s (3H) 4H,"calculated, hfs_A_theory 2026-10-07, tier 2",+0.0649,0.0066,2,+0.0649,0.0066,0.0006,0.0007,0.0065,0.10,1.1,,"good_I (1.17, 3)",-79,+1.055,0.107,5,0.459,-0.484,0,,,,in the table,f5d6s,+0.0649,0.0066,"calculated, hfs_A_theory 2026-10-07, tier 2",questionable level: the calculated A will show whether its lines line up in IDEN2
059003.000452,930,4.5,-83 f5d6s (3H) 4H,"calculated, hfs_A_theory 2026-10-07, tier 2",+0.0556,0.0137,2,+0.0556,0.0137,0.0125,0.0007,0.0056,0.25,1.0,,"good_I (3.48, 8)",-35,+0.625,0.154,11,0.765,-0.479,0,,,,in the table,f5d6s,+0.0556,0.0137,"calculated, hfs_A_theory 2026-10-07, tier 2",
059003.000171,1109,7.5,-81 f25d (1I) 2L,"calculated, hfs_A_theory 2026-10-07, tier 2",+0.0283,0.0030,2,+0.0283,0.0030,0.0008,0.0005,0.0028,0.11,1.0,,"good_I (1.81, 18)",+48,+0.531,0.056,22,0.800,-0.425,0,,,,in the table,f25d,+0.0283,0.0030,"calculated, hfs_A_theory 2026-10-07, tier 2",
059003.000042,1241,5.5,89 f25d (3H) 4K,"calculated, hfs_A_theory 2026-10-07, tier 2",+0.0402,0.0042,2,+0.0402,0.0042,0.0005,0.0009,0.0040,0.10,1.0,,"good_I (1.89, 16)",-3,+0.553,0.058,29,0.738,-0.408,0,,,,in the table,f25d,+0.0402,0.0042,"calculated, hfs_A_theory 2026-10-07, tier 2",
059003.000166,1114,7.5,75 f25d (1I) 2K,"calculated, hfs_A_theory 2026-10-07, tier 2",+0.0271,0.0029,2,+0.0271,0.0029,0.0007,0.0006,0.0027,0.11,1.1,,"good_I (1.26, 15)",-115,+0.508,0.054,25,0.800,-0.406,0,,,,in the table,f25d,+0.0271,0.0029,"calculated, hfs_A_theory 2026-10-07, tier 2",
059003.000178,1103,8.5,-98 f25d (1I) 2L,"calculated, hfs_A_theory 2026-10-07, tier 2",+0.0229,0.0024,2,+0.0229,0.0024,0.0003,0.0006,0.0023,0.10,1.2,,"good_I (0.43, 4)",+4,+0.487,0.051,8,0.799,-0.389,0,,,,in the table,f25d,+0.0229,0.0024,"calculated, hfs_A_theory 2026-10-07, tier 2",
059003.000049,1235,6.5,-96 f25d (3H) 4K,"calculated, hfs_A_theory 2026-10-07, tier 2",+0.0305,0.0031,2,+0.0305,0.0031,0.0001,0.0007,0.0031,0.10,1.0,,"good_I (0.90, 21)",+15,+0.496,0.050,29,0.768,-0.381,0,,,,in the table,f25d,+0.0305,0.0031,"calculated, hfs_A_theory 2026-10-07, tier 2",
059003.000113,1168,7.5,-91 f25d (3H) 2K,"calculated, hfs_A_theory 2026-10-07, tier 2",+0.0245,0.0026,2,+0.0245,0.0026,0.0007,0.0005,0.0024,0.11,1.1,,"good_I (0.79, 18)",-93,+0.459,0.049,24,0.783,-0.360,0,,,,in the table,f25d,+0.0245,0.0026,"calculated, hfs_A_theory 2026-10-07, tier 2",
059003.000164,1115,6.5,-80 f25d (1I) 2K,"calculated, hfs_A_theory 2026-10-07, tier 2",+0.0276,0.0029,2,+0.0276,0.0029,0.0008,0.0005,0.0028,0.11,1.1,,"good_I (1.15, 26)",-58,+0.449,0.047,31,0.800,-0.359,0,,,,in the table,f25d,+0.0276,0.0029,"calculated, hfs_A_theory 2026-10-07, tier 2",
059003.000096,1183,6.5,86 f25d (3H) 2K,"calculated, hfs_A_theory 2026-10-07, tier 2",+0.0279,0.0030,2,+0.0279,0.0030,0.0009,0.0006,0.0028,0.11,1.1,,"good_I (1.01, 33)",-120,+0.453,0.049,46,0.781,-0.354,0,,,,in the table,f25d,+0.0279,0.0030,"calculated, hfs_A_theory 2026-10-07, tier 2",
059003.000154,1126,6.5,-85 f25d (1I) 2I,"calculated, hfs_A_theory 2026-10-07, tier 2",+0.0268,0.0028,2,+0.0268,0.0028,0.0008,0.0005,0.0027,0.10,1.1,,"good_I (1.11, 31)",+208,+0.435,0.045,42,0.798,-0.347,0,,,,in the table,f25d,+0.0268,0.0028,"calculated, hfs_A_theory 2026-10-07, tier 2",
059003.000059,1223,7.5,-99 f25d (3H) 4K,"calculated, hfs_A_theory 2026-10-07, tier 2",+0.0236,0.0024,2,+0.0236,0.0024,0.0002,0.0005,0.0024,0.10,1.1,,"good_I (1.27, 15)",+12,+0.443,0.045,21,0.774,-0.342,0,,,,in the table,f25d,+0.0236,0.0024,"calculated, hfs_A_theory 2026-10-07, tier 2",
059003.000120,1160,5.5,-79 f25d (1G) 2I,"calculated, hfs_A_theory 2026-10-07, tier 2",+0.0294,0.0032,2,+0.0294,0.0032,0.0009,0.0007,0.0029,0.11,1.0,,"good_I (0.91, 38)",+37,+0.404,0.044,49,0.798,-0.323,0,,,,in the table,f25d,+0.0294,0.0032,"calculated, hfs_A_theory 2026-10-07, tier 2",
059003.000071,1211,8.5,-99 f25d (3H) 4K,"calculated, hfs_A_theory 2026-10-07, tier 2",+0.0187,0.0020,2,+0.0187,0.0020,0.0003,0.0005,0.0019,0.11,1.4,,"good_I (1.98, 5)",+6,+0.397,0.043,9,0.795,-0.316,0,,,,in the table,f25d,+0.0187,0.0020,"calculated, hfs_A_theory 2026-10-07, tier 2",
059003.000041,1242,4.5,-68 f25d (3H) 4I,"calculated, hfs_A_theory 2026-10-07, tier 2",+0.0372,0.0039,2,+0.0372,0.0039,0.0010,0.0007,0.0037,0.10,1.0,,"doubtful (1.99, 41)",-165,+0.418,0.044,53,0.742,-0.311,0,,,,in the table,f25d,+0.0372,0.0039,"calculated, hfs_A_theory 2026-10-07, tier 2",
059003.000046,1236,5.5,66 f25d (3H) 4I,"calculated, hfs_A_theory 2026-10-07, tier 2",+0.0297,0.0031,2,+0.0297,0.0031,0.0008,0.0006,0.0030,0.10,1.0,,"good_I (1.45, 48)",-149,+0.408,0.043,64,0.758,-0.310,0,,,,in the table,f25d,+0.0297,0.0031,"calculated, hfs_A_theory 2026-10-07, tier 2",
059003.000132,1149,5.5,-73 f25d (3F) 2H,"calculated, hfs_A_theory 2026-10-07, tier 2",+0.0275,0.0035,2,+0.0275,0.0035,0.0024,0.0005,0.0024,0.13,1.0,,"good_I (0.62, 47)",+80,+0.378,0.048,53,0.796,-0.301,0,,,,in the table,f25d,+0.0275,0.0035,"calculated, hfs_A_theory 2026-10-07, tier 2",
059003.000050,1233,5.5,71 f25d (3H) 4I,"calculated, hfs_A_theory 2026-10-07, tier 2",+0.0281,0.0029,2,+0.0281,0.0029,0.0006,0.0006,0.0028,0.10,1.1,,"good_I (1.79, 36)",+16,+0.386,0.040,49,0.765,-0.296,0,,,,in the table,f25d,+0.0281,0.0029,"calculated, hfs_A_theory 2026-10-07, tier 2",
059003.000057,1226,6.5,99 f25d (3H) 4I,"calculated, hfs_A_theory 2026-10-07, tier 2",+0.0234,0.0024,2,+0.0234,0.0024,0.0004,0.0005,0.0023,0.10,1.1,,"good_I (0.71, 28)",+92,+0.380,0.039,37,0.774,-0.294,0,,,,in the table,f25d,+0.0234,0.0024,"calculated, hfs_A_theory 2026-10-07, tier 2",
059003.000146,1134,3.5,-63 f25d (1D) 2G,"calculated, hfs_A_theory 2026-10-07, tier 2",+0.0418,0.0071,2,+0.0418,0.0071,0.0065,0.0008,0.0025,0.17,1.1,,"good_I (1.93, 46)",+76,+0.366,0.062,62,0.797,-0.292,0,,,,in the table,f25d,+0.0418,0.0071,"calculated, hfs_A_theory 2026-10-07, tier 2",
059003.000070,1213,6.5,70 f25d (3H) 2I,"calculated, hfs_A_theory 2026-10-07, tier 2",+0.0231,0.0025,2,+0.0231,0.0025,0.0007,0.0005,0.0023,0.11,1.1,,"good_I (1.26, 33)",+31,+0.375,0.041,46,0.775,-0.291,0,,,,in the table,f25d,+0.0231,0.0025,"calculated, hfs_A_theory 2026-10-07, tier 2",
059003.000657,919,2.5,56 f5d6s (3D) 4D,"calculated, hfs_A_theory 2026-10-07, tier 2",+0.0745,0.0185,2,+0.0745,0.0185,0.0162,0.0006,0.0074,0.25,1.1,,"good_I (1.51, 5)",-42,+0.466,0.116,8,0.616,-0.287,0,,,,in the table,f5d6s,+0.0745,0.0185,"calculated, hfs_A_theory 2026-10-07, tier 2",
059003.000066,1217,7.5,98 f25d (3H) 4I,"calculated, hfs_A_theory 2026-10-07, tier 2",+0.0195,0.0021,2,+0.0195,0.0021,0.0005,0.0006,0.0020,0.11,1.3,,"good_I (0.95, 13)",+83,+0.366,0.039,25,0.785,-0.287,0,,,,in the table,f25d,+0.0195,0.0021,"calculated, hfs_A_theory 2026-10-07, tier 2",
059003.000064,1220,5.5,66 f25d (3H) 2I,"calculated, hfs_A_theory 2026-10-07, tier 2",+0.0270,0.0030,2,+0.0270,0.0030,0.0011,0.0005,0.0027,0.11,1.1,,"good_I (0.99, 51)",-15,+0.371,0.041,69,0.768,-0.285,0,,,,in the table,f25d,+0.0270,0.0030,"calculated, hfs_A_theory 2026-10-07, tier 2",
059003.000045,1238,4.5,69 f25d (3H) 4I,"calculated, hfs_A_theory 2026-10-07, tier 2",+0.0337,0.0036,2,+0.0337,0.0036,0.0011,0.0006,0.0034,0.11,1.1,,"good_I (1.07, 40)",-42,+0.379,0.041,51,0.749,-0.284,0,,,,in the table,f25d,+0.0337,0.0036,"calculated, hfs_A_theory 2026-10-07, tier 2",
059003.000129,1151,6.5,-82 f25d (1G) 2I,"calculated, hfs_A_theory 2026-10-07, tier 2",+0.0216,0.0024,2,+0.0216,0.0024,0.0008,0.0006,0.0022,0.11,1.3,,"good_I (0.69, 32)",-46,+0.351,0.039,40,0.792,-0.278,0,,,,in the table,f25d,+0.0216,0.0024,"calculated, hfs_A_theory 2026-10-07, tier 2",
059003.000172,1107,5.5,92 f25d (1I) 2H,"calculated, hfs_A_theory 2026-10-07, tier 2",+0.0252,0.0027,2,+0.0252,0.0027,0.0005,0.0007,0.0025,0.11,1.2,,"good_I (1.13, 35)",-207,+0.347,0.037,42,0.798,-0.277,0,,,,in the table,f25d,+0.0252,0.0027,"calculated, hfs_A_theory 2026-10-07, tier 2",
059003.000067,1216,3.5,-92 f25d (3F) 4H,"calculated, hfs_A_theory 2026-10-07, tier 2",+0.0404,0.0043,2,+0.0404,0.0043,0.0005,0.0012,0.0040,0.11,1.0,,"good_I (1.16, 16)",+98,+0.353,0.038,28,0.772,-0.273,0,,,,in the table,f25d,+0.0404,0.0043,"calculated, hfs_A_theory 2026-10-07, tier 2",
059003.000655,711,5.5,58 fd6p (3H) 4I,"calculated, hfs_A_theory 2026-10-07, tier 2",+0.0309,0.0043,2,+0.0309,0.0043,0.0012,0.0028,0.0031,0.14,1.0,,"good_I (1.36, 6)",-43,+0.425,0.059,9,0.636,-0.270,1,,,,in the table,fd6p,+0.0309,0.0043,"calculated, hfs_A_theory 2026-10-07, tier 2",
059003.000184,1096,3.5,98 f25d (1I) 2G,"calculated, hfs_A_theory 2026-10-07, tier 2",+0.0387,0.0041,2,+0.0387,0.0041,0.0007,0.0011,0.0039,0.11,1.5,,"good_I (0.72, 11)",-66,+0.339,0.036,15,0.786,-0.266,0,,,,in the table,f25d,+0.0387,0.0041,"calculated, hfs_A_theory 2026-10-07, tier 2",
059003.000075,1209,4.5,92 f25d (3F) 4H,"calculated, hfs_A_theory 2026-10-07, tier 2",+0.0293,0.0032,2,+0.0293,0.0032,0.0009,0.0008,0.0029,0.11,1.0,,"good_I (1.09, 20)",+85,+0.330,0.036,33,0.794,-0.262,0,,,,in the table,f25d,+0.0293,0.0032,"calculated, hfs_A_theory 2026-10-07, tier 2",
059003.000091,1191,6.5,-85 f25d (3F) 4H,"calculated, hfs_A_theory 2026-10-07, tier 2",+0.0204,0.0024,2,+0.0204,0.0024,0.0010,0.0006,0.0020,0.12,1.2,,"good_I (0.99, 25)",+36,+0.332,0.039,39,0.787,-0.261,0,,,,in the table,f25d,+0.0204,0.0024,"calculated, hfs_A_theory 2026-10-07, tier 2",
059003.000126,1155,4.5,71 f25d (3F) 2G,"calculated, hfs_A_theory 2026-10-07, tier 2",+0.0291,0.0046,2,+0.0291,0.0046,0.0037,0.0006,0.0024,0.16,1.0,,"good_I (2.66, 53)",+209,+0.327,0.052,69,0.792,-0.259,0,,,,in the table,f25d,+0.0291,0.0046,"calculated, hfs_A_theory 2026-10-07, tier 2",
059003.000082,1199,4.5,54 f25d (1G) 2H,"calculated, hfs_A_theory 2026-10-07, tier 2",+0.0284,0.0032,2,+0.0284,0.0032,0.0012,0.0005,0.0028,0.11,1.0,,"good_I (0.88, 50)",+96,+0.320,0.036,71,0.785,-0.251,0,,,,in the table,f25d,+0.0284,0.0032,"calculated, hfs_A_theory 2026-10-07, tier 2",
059003.000084,1198,5.5,92 f25d (3F) 4H,"calculated, hfs_A_theory 2026-10-07, tier 2",+0.0229,0.0025,2,+0.0229,0.0025,0.0009,0.0006,0.0023,0.11,1.1,,"good_I (0.80, 22)",+78,+0.315,0.034,31,0.791,-0.249,0,,,,in the table,f25d,+0.0229,0.0025,"calculated, hfs_A_theory 2026-10-07, tier 2",
059003.000079,1203,6.5,85 f25d (3H) 4H,"calculated, hfs_A_theory 2026-10-07, tier 2",+0.0196,0.0021,2,+0.0196,0.0021,0.0005,0.0005,0.0020,0.11,1.3,,"good_I (1.35, 29)",-45,+0.319,0.034,41,0.770,-0.245,0,,,,in the table,f25d,+0.0196,0.0021,"calculated, hfs_A_theory 2026-10-07, tier 2",
059003.000054,1229,3.5,68 f25d (3H) 4H,"calculated, hfs_A_theory 2026-10-07, tier 2",+0.0370,0.0040,2,+0.0370,0.0040,0.0014,0.0007,0.0037,0.11,1.1,,"good_I (2.49, 31)",+119,+0.324,0.035,45,0.754,-0.244,0,,,,in the table,f25d,+0.0370,0.0040,"calculated, hfs_A_theory 2026-10-07, tier 2",
059003.000062,1221,4.5,67 f25d (3H) 4H,"calculated, hfs_A_theory 2026-10-07, tier 2",+0.0274,0.0029,2,+0.0274,0.0029,0.0009,0.0005,0.0027,0.11,1.0,,"good_I (0.98, 39)",+130,+0.308,0.033,55,0.759,-0.234,0,,,,in the table,f25d,+0.0274,0.0029,"calculated, hfs_A_theory 2026-10-07, tier 2",
059003.000131,1150,4.5,59 f25d (3F) 2H,"calculated, hfs_A_theory 2026-10-07, tier 2",+0.0260,0.0031,2,+0.0260,0.0031,0.0008,0.0005,0.0025,0.12,1.1,,"good_I (0.82, 37)",+120,+0.292,0.035,53,0.794,-0.232,0,,,,in the table,f25d,+0.0260,0.0031,"calculated, hfs_A_theory 2026-10-07, tier 2",
059003.000069,1214,5.5,-76 f25d (3H) 4H,"calculated, hfs_A_theory 2026-10-07, tier 2",+0.0218,0.0024,2,+0.0218,0.0024,0.0008,0.0005,0.0022,0.11,1.2,,"doubtful (2.07, 35)",+37,+0.300,0.033,52,0.771,-0.231,0,,,,in the table,f25d,+0.0218,0.0024,"calculated, hfs_A_theory 2026-10-07, tier 2",
059003.000053,1231,3.5,62 f25d (3H) 4H,"calculated, hfs_A_theory 2026-10-07, tier 2",+0.0350,0.0039,2,+0.0350,0.0039,0.0015,0.0006,0.0035,0.11,1.0,,"good_I (1.16, 31)",+97,+0.306,0.034,44,0.743,-0.228,0,,,,in the table,f25d,+0.0350,0.0039,"calculated, hfs_A_theory 2026-10-07, tier 2",
059003.000072,1212,5.5,57 f25d (3H) 4G,"calculated, hfs_A_theory 2026-10-07, tier 2",+0.0214,0.0023,2,+0.0214,0.0023,0.0007,0.0004,0.0021,0.11,1.1,,"good_I (1.25, 38)",+134,+0.294,0.032,56,0.774,-0.228,0,,,,in the table,f25d,+0.0214,0.0023,"calculated, hfs_A_theory 2026-10-07, tier 2",
059003.000087,1193,3.5,48 f25d (3H) 2G,"calculated, hfs_A_theory 2026-10-07, tier 2",+0.0315,0.0036,2,+0.0315,0.0036,0.0014,0.0006,0.0032,0.11,1.0,,"good_I (1.06, 41)",-201,+0.276,0.032,55,0.790,-0.218,0,,,,in the table,f25d,+0.0315,0.0036,"calculated, hfs_A_theory 2026-10-07, tier 2",
059003.000675,706,4.5,-74 fd6p (3H) 4H,"calculated, hfs_A_theory 2026-10-07, tier 2",+0.0334,0.0045,2,+0.0334,0.0045,0.0014,0.0026,0.0033,0.13,1.1,,"good_I (1.65, 5)",+241,+0.376,0.051,7,0.574,-0.216,0,,33602.5687(D-0.53),,in the table,fd6p,+0.0334,0.0045,"calculated, hfs_A_theory 2026-10-07, tier 2",
059003.000093,1187,5.5,60 f25d (1G) 2H,"calculated, hfs_A_theory 2026-10-07, tier 2",+0.0198,0.0022,2,+0.0198,0.0022,0.0007,0.0006,0.0020,0.11,1.3,,"good_I (1.05, 43)",-28,+0.272,0.030,52,0.792,-0.216,0,,,,in the table,f25d,+0.0198,0.0022,"calculated, hfs_A_theory 2026-10-07, tier 2",
059003.000181,1099,4.5,96 f25d (1I) 2G,"calculated, hfs_A_theory 2026-10-07, tier 2",+0.0239,0.0027,2,+0.0239,0.0027,0.0007,0.0010,0.0024,0.11,1.9,,"good_I (1.67, 23)",+49,+0.269,0.030,33,0.797,-0.214,0,,,,in the table,f25d,+0.0239,0.0027,"calculated, hfs_A_theory 2026-10-07, tier 2",
059003.000060,1225,4.5,63 f25d (3H) 4H,"calculated, hfs_A_theory 2026-10-07, tier 2",+0.0245,0.0027,2,+0.0245,0.0027,0.0009,0.0005,0.0025,0.11,1.1,,"good_I (1.42, 37)",+126,+0.276,0.030,52,0.764,-0.210,0,,,,in the table,f25d,+0.0245,0.0027,"calculated, hfs_A_theory 2026-10-07, tier 2",
059003.000151,1128,4.5,-72 f25d (1D) 2G,"calculated, hfs_A_theory 2026-10-07, tier 2",+0.0234,0.0041,2,+0.0234,0.0041,0.0034,0.0007,0.0019,0.18,1.3,,"good_I (0.89, 30)",-62,+0.263,0.046,37,0.798,-0.210,1,29151.1471*r(D-0.15),,,in the table,f25d,+0.0234,0.0041,"calculated, hfs_A_theory 2026-10-07, tier 2",dismissed by the user 2026-10-07: a 4f2 5d level with no other sign of a wide pattern; the one printed companion (29150.549 of 29151.147 *r) is taken to be another line (hfs_A_fit.SET_ASIDE)
059003.000106,1175,4.5,-70 f25d (3H) 2G,"calculated, hfs_A_theory 2026-10-07, tier 2",+0.0236,0.0026,2,+0.0236,0.0026,0.0010,0.0004,0.0024,0.11,1.2,,"good_I (2.58, 43)",-117,+0.265,0.029,60,0.788,-0.209,0,,,,in the table,f25d,+0.0236,0.0026,"calculated, hfs_A_theory 2026-10-07, tier 2",
059003.000119,1162,3.5,64 f25d (3F) 2G,"calculated, hfs_A_theory 2026-10-07, tier 2",+0.0295,0.0033,2,+0.0295,0.0033,0.0011,0.0006,0.0029,0.11,1.0,,"good_I (2.16, 43)",+138,+0.258,0.029,58,0.794,-0.205,0,,,,in the table,f25d,+0.0295,0.0033,"calculated, hfs_A_theory 2026-10-07, tier 2",
059003.000114,1169,5.5,-62 f25d (3F) 4G,"calculated, hfs_A_theory 2026-10-07, tier 2",+0.0187,0.0022,2,+0.0187,0.0022,0.0009,0.0006,0.0019,0.12,1.4,,"good_I (1.05, 33)",+24,+0.257,0.030,46,0.795,-0.204,0,,,,in the table,f25d,+0.0187,0.0022,"calculated, hfs_A_theory 2026-10-07, tier 2",
059003.000047,1237,2.5,-72 f25d (3H) 4G,"calculated, hfs_A_theory 2026-10-07, tier 2",+0.0446,0.0047,2,+0.0446,0.0047,0.0011,0.0010,0.0045,0.11,1.1,,"good_I (1.93, 21)",+57,+0.279,0.029,37,0.719,-0.200,0,,,,in the table,f25d,+0.0446,0.0047,"calculated, hfs_A_theory 2026-10-07, tier 2",
059003.000099,1182,4.5,69 f25d (3F) 4G,"calculated, hfs_A_theory 2026-10-07, tier 2",+0.0225,0.0026,2,+0.0225,0.0026,0.0012,0.0006,0.0022,0.12,1.2,,"good_I (1.37, 49)",-7,+0.253,0.029,67,0.784,-0.198,0,,,,in the table,f25d,+0.0225,0.0026,"calculated, hfs_A_theory 2026-10-07, tier 2",
059003.000080,1201,3.5,-53 f25d (3F) 2F,"calculated, hfs_A_theory 2026-10-07, tier 2",+0.0283,0.0031,2,+0.0283,0.0031,0.0010,0.0005,0.0028,0.11,1.0,,"good_I (0.96, 47)",-72,+0.248,0.027,69,0.780,-0.193,0,,,,in the table,f25d,+0.0283,0.0031,"calculated, hfs_A_theory 2026-10-07, tier 2",
059003.000074,1210,1.5,-83 f25d (3H) 4F,"calculated, hfs_A_theory 2026-10-07, tier 2",+0.0619,0.0069,2,+0.0619,0.0069,0.0024,0.0018,0.0062,0.11,1.4,,"good_I (1.03, 16)",-2,+0.232,0.026,22,0.777,-0.180,0,,,,in the table,f25d,+0.0619,0.0069,"calculated, hfs_A_theory 2026-10-07, tier 2",
059003.000088,1194,4.5,67 f25d (3H) 4F,"calculated, hfs_A_theory 2026-10-07, tier 2",+0.0204,0.0027,2,+0.0204,0.0027,0.0015,0.0006,0.0020,0.13,1.5,,"good_I (1.05, 42)",+53,+0.230,0.030,58,0.782,-0.179,0,,,,in the table,f25d,+0.0204,0.0027,"calculated, hfs_A_theory 2026-10-07, tier 2",
059003.000085,1196,3.5,-61 f25d (3F) 4G,"calculated, hfs_A_theory 2026-10-07, tier 2",+0.0258,0.0028,2,+0.0258,0.0028,0.0009,0.0005,0.0026,0.11,1.1,,"good_I (1.07, 40)",+76,+0.226,0.025,53,0.790,-0.178,0,,,,in the table,f25d,+0.0258,0.0028,"calculated, hfs_A_theory 2026-10-07, tier 2",
059003.000097,1186,3.5,-46 f25d (1G) 2G,"calculated, hfs_A_theory 2026-10-07, tier 2",+0.0256,0.0029,2,+0.0256,0.0029,0.0012,0.0006,0.0026,0.11,1.1,,"good_I (0.65, 47)",+46,+0.224,0.025,63,0.793,-0.178,0,,,,in the table,f25d,+0.0256,0.0029,"calculated, hfs_A_theory 2026-10-07, tier 2",
059003.000144,1136,2.5,-71 f25d (1D) 2F,"calculated, hfs_A_theory 2026-10-07, tier 2",+0.0353,0.0046,2,+0.0353,0.0046,0.0008,0.0011,0.0034,0.13,1.0,,"good_I (1.80, 35)",-14,+0.221,0.029,50,0.798,-0.176,0,,,,in the table,f25d,+0.0353,0.0046,"calculated, hfs_A_theory 2026-10-07, tier 2",
059003.000108,1173,4.5,55 f25d (1G) 2G,"calculated, hfs_A_theory 2026-10-07, tier 2",+0.0194,0.0022,2,+0.0194,0.0022,0.0008,0.0006,0.0019,0.11,1.4,,"good_I (1.69, 43)",-190,+0.218,0.025,62,0.790,-0.172,0,,,,in the table,f25d,+0.0194,0.0022,"calculated, hfs_A_theory 2026-10-07, tier 2",
059003.000076,1205,2.5,62 f25d (3H) 4F,"calculated, hfs_A_theory 2026-10-07, tier 2",+0.0351,0.0041,2,+0.0351,0.0041,0.0019,0.0007,0.0035,0.12,1.2,,"good_I (0.88, 30)",+59,+0.219,0.026,47,0.778,-0.171,1,,,+0.0482 +- 0.0022 (1),in the table,f25d,+0.0351,0.0041,"calculated, hfs_A_theory 2026-10-07, tier 2",
059003.000130,1152,2.5,73 f25d (1G) 2F,"calculated, hfs_A_theory 2026-10-07, tier 2",+0.0343,0.0037,2,+0.0343,0.0037,0.0012,0.0007,0.0034,0.11,1.0,,"good_I (0.73, 37)",+259,+0.214,0.023,48,0.796,-0.171,1,36667.2835*r(D-0.04),,,in the table,f25d,+0.0343,0.0037,"calculated, hfs_A_theory 2026-10-07, tier 2",
059003.000179,1101,3.5,87 f25d (3P) 2F,"calculated, hfs_A_theory 2026-10-07, tier 2",+0.0242,0.0026,2,+0.0242,0.0026,0.0005,0.0008,0.0024,0.11,1.0,,"good_I (1.62, 31)",+183,+0.212,0.023,41,0.798,-0.169,0,,,,in the table,f25d,+0.0242,0.0026,"calculated, hfs_A_theory 2026-10-07, tier 2",
059003.000081,1202,2.5,-61 f25d (3F) 4G,"calculated, hfs_A_theory 2026-10-07, tier 2",+0.0334,0.0046,2,+0.0334,0.0046,0.0031,0.0006,0.0033,0.14,1.0,,"good_I (0.67, 27)",+54,+0.209,0.029,37,0.781,-0.163,0,,,,in the table,f25d,+0.0334,0.0046,"calculated, hfs_A_theory 2026-10-07, tier 2",
059003.000115,1165,3.5,-51 f25d (3H) 2F,"calculated, hfs_A_theory 2026-10-07, tier 2",+0.0234,0.0027,2,+0.0234,0.0027,0.0012,0.0005,0.0023,0.12,1.5,,"good_I (1.78, 44)",-228,+0.205,0.024,59,0.794,-0.163,0,,,,in the table,f25d,+0.0234,0.0027,"calculated, hfs_A_theory 2026-10-07, tier 2",
059003.000123,1158,4.5,-66 f25d (3F) 4F,"calculated, hfs_A_theory 2026-10-07, tier 2",+0.0180,0.0021,2,+0.0180,0.0021,0.0008,0.0007,0.0018,0.12,1.5,,"good_I (1.00, 40)",-138,+0.202,0.024,57,0.795,-0.161,1,,,,in the table,f25d,+0.0180,0.0021,"calculated, hfs_A_theory 2026-10-07, tier 2",
059003.000167,1111,4.5,84 f25d (3P) 4F,"calculated, hfs_A_theory 2026-10-07, tier 2",+0.0173,0.0035,2,+0.0173,0.0035,0.0030,0.0008,0.0014,0.20,1.5,,"good_I (0.94, 21)",-166,+0.195,0.039,31,0.800,-0.156,0,,,,in the table,f25d,+0.0173,0.0035,"calculated, hfs_A_theory 2026-10-07, tier 2",
059003.000153,1123,3.5,61 f25d (1D) 2F,"calculated, hfs_A_theory 2026-10-07, tier 2",+0.0215,0.0030,2,+0.0215,0.0030,0.0014,0.0008,0.0022,0.14,1.2,,"doubtful (1.86, 36)",-61,+0.188,0.026,54,0.796,-0.150,0,,,,in the table,f25d,+0.0215,0.0030,"calculated, hfs_A_theory 2026-10-07, tier 2",
059003.000135,1146,3.5,-57 f25d (1G) 2F,"calculated, hfs_A_theory 2026-10-07, tier 2",+0.0213,0.0024,2,+0.0213,0.0024,0.0009,0.0004,0.0021,0.11,1.3,,"good_I (2.03, 36)",+260,+0.186,0.021,49,0.793,-0.148,0,,,,in the table,f25d,+0.0213,0.0024,"calculated, hfs_A_theory 2026-10-07, tier 2",
059003.000112,1167,2.5,-41 f25d (1G) 2D,"calculated, hfs_A_theory 2026-10-07, tier 2",+0.0273,0.0036,2,+0.0273,0.0036,0.0021,0.0006,0.0027,0.13,1.3,,"good_I (1.24, 42)",-258,+0.171,0.022,54,0.792,-0.135,0,,,,in the table,f25d,+0.0273,0.0036,"calculated, hfs_A_theory 2026-10-07, tier 2",
059003.000095,1184,2.5,-57 f25d (3F) 4F,"calculated, hfs_A_theory 2026-10-07, tier 2",+0.0262,0.0032,2,+0.0262,0.0032,0.0016,0.0006,0.0026,0.12,1.2,,"good_I (1.95, 33)",-180,+0.164,0.020,48,0.790,-0.129,0,,,,in the table,f25d,+0.0262,0.0032,"calculated, hfs_A_theory 2026-10-07, tier 2",
059003.000104,1177,2.5,-55 f25d (3F) 4F,"calculated, hfs_A_theory 2026-10-07, tier 2",+0.0243,0.0033,2,+0.0243,0.0033,0.0021,0.0005,0.0024,0.14,1.2,,"good_I (1.10, 39)",-73,+0.152,0.021,60,0.792,-0.120,0,,,,in the table,f25d,+0.0243,0.0033,"calculated, hfs_A_theory 2026-10-07, tier 2",
059003.000105,1179,3.5,-77 f25d (3F) 4D,"calculated, hfs_A_theory 2026-10-07, tier 2",+0.0170,0.0025,2,+0.0170,0.0025,0.0017,0.0008,0.0017,0.15,1.4,,"good_I (1.27, 34)",+136,+0.149,0.022,50,0.793,-0.118,0,,,,in the table,f25d,+0.0170,0.0025,"calculated, hfs_A_theory 2026-10-07, tier 2",
059003.000102,1176,1.5,-68 f25d (3F) 2P,"calculated, hfs_A_theory 2026-10-07, tier 2",+0.0395,0.0049,2,+0.0395,0.0049,0.0025,0.0015,0.0040,0.12,1.8,,"good_I (1.63, 21)",-257,+0.148,0.018,31,0.793,-0.117,0,,,,in the table,f25d,+0.0395,0.0049,"calculated, hfs_A_theory 2026-10-07, tier 2",
059003.000147,1133,1.5,54 f25d (1D) 2D,"calculated, hfs_A_theory 2026-10-07, tier 2",+0.0381,0.0050,2,+0.0381,0.0050,0.0026,0.0018,0.0038,0.13,1.0,,"good_I (1.28, 13)",+102,+0.143,0.019,19,0.801,-0.114,0,,,,in the table,f25d,+0.0381,0.0050,"calculated, hfs_A_theory 2026-10-07, tier 2",
059003.000180,1100,2.5,-83 f25d (3P) 2F,"calculated, hfs_A_theory 2026-10-07, tier 2",+0.0226,0.0028,2,+0.0226,0.0028,0.0011,0.0010,0.0023,0.12,1.5,,"good_I (1.80, 28)",+217,+0.141,0.017,41,0.799,-0.113,0,,,,in the table,f25d,+0.0226,0.0028,"calculated, hfs_A_theory 2026-10-07, tier 2",
059003.000101,1178,1.5,-62 f25d (3F) 4F,"calculated, hfs_A_theory 2026-10-07, tier 2",+0.0372,0.0053,2,+0.0372,0.0053,0.0036,0.0009,0.0037,0.14,1.1,,"good_I (1.01, 17)",-109,+0.140,0.020,27,0.786,-0.110,1,,,,in the table,f25d,+0.0372,0.0053,"calculated, hfs_A_theory 2026-10-07, tier 2",
059003.000083,1197,2.5,-68 f25d (3F) 4P,"calculated, hfs_A_theory 2026-10-07, tier 2",+0.0222,0.0039,2,+0.0222,0.0039,0.0031,0.0008,0.0022,0.18,1.8,,"good_I (1.00, 35)",-67,+0.139,0.024,50,0.781,-0.108,0,,,,in the table,f25d,+0.0222,0.0039,"calculated, hfs_A_theory 2026-10-07, tier 2",
059003.000152,1130,1.5,80 f25d (3P) 4F,"calculated, hfs_A_theory 2026-10-07, tier 2",+0.0342,0.0054,2,+0.0342,0.0054,0.0033,0.0020,0.0035,0.16,1.5,,"good_I (1.52, 17)",+87,+0.128,0.020,26,0.797,-0.102,0,,,,in the table,f25d,+0.0342,0.0054,"calculated, hfs_A_theory 2026-10-07, tier 2",
059003.000155,1124,2.5,88 f25d (3P) 4F,"calculated, hfs_A_theory 2026-10-07, tier 2",+0.0205,0.0038,2,+0.0205,0.0038,0.0027,0.0012,0.0021,0.19,1.6,,"good_I (1.47, 20)",-30,+0.128,0.024,29,0.799,-0.102,0,,,,in the table,f25d,+0.0205,0.0038,"calculated, hfs_A_theory 2026-10-07, tier 2",
059003.000186,1094,2.5,93 f25d (3P) 2D,"calculated, hfs_A_theory 2026-10-07, tier 2",+0.0200,0.0026,2,+0.0200,0.0026,0.0014,0.0009,0.0020,0.13,1.1,,"good_I (1.34, 20)",-47,+0.125,0.016,23,0.800,-0.100,0,,,,in the table,f25d,+0.0200,0.0026,"calculated, hfs_A_theory 2026-10-07, tier 2",
059003.000185,1095,1.5,-93 f25d (3P) 2D,"calculated, hfs_A_theory 2026-10-07, tier 2",+0.0308,0.0040,2,+0.0308,0.0040,0.0020,0.0014,0.0031,0.13,1.3,,"good_I (0.82, 11)",-180,+0.115,0.015,16,0.801,-0.093,0,,,,in the table,f25d,+0.0308,0.0040,"calculated, hfs_A_theory 2026-10-07, tier 2",
059003.000089,1192,1.5,49 f25d (3F) 4F,"calculated, hfs_A_theory 2026-10-07, tier 2",+0.0312,0.0054,2,+0.0312,0.0054,0.0043,0.0011,0.0031,0.17,1.1,,"good_I (1.39, 19)",+28,+0.117,0.020,32,0.779,-0.091,0,,,,in the table,f25d,+0.0312,0.0054,"calculated, hfs_A_theory 2026-10-07, tier 2",
059003.000175,1104,2.5,88 f25d (3P) 4D,"calculated, hfs_A_theory 2026-10-07, tier 2",+0.0162,0.0024,2,+0.0162,0.0024,0.0014,0.0010,0.0016,0.15,1.4,,"good_I (1.17, 19)",-141,+0.101,0.015,25,0.801,-0.081,0,,,,in the table,f25d,+0.0162,0.0024,"calculated, hfs_A_theory 2026-10-07, tier 2",
059003.000159,1121,1.5,-63 f25d (3P) 4P,"calculated, hfs_A_theory 2026-10-07, tier 2",+0.0214,0.0047,2,+0.0214,0.0047,0.0038,0.0012,0.0021,0.22,1.0,,"good_I (0.93, 19)",+110,+0.080,0.018,23,0.801,-0.064,0,,,,in the table,f25d,+0.0214,0.0047,"calculated, hfs_A_theory 2026-10-07, tier 2",
059003.000168,1112,1.5,75 f25d (3P) 4D,"calculated, hfs_A_theory 2026-10-07, tier 2",+0.0213,0.0039,2,+0.0213,0.0039,0.0030,0.0012,0.0021,0.18,1.3,,"good_I (1.00, 14)",-57,+0.080,0.015,16,0.802,-0.064,0,,,,in the table,f25d,+0.0213,0.0039,"calculated, hfs_A_theory 2026-10-07, tier 2",
059003.000643,940,0.5,-75 f26p (3P) 2P,"calculated, hfs_A_theory 2026-10-07, tier 2",+0.0474,0.0098,2,+0.0474,0.0098,0.0059,0.0024,0.0040,0.21,1.6,,"good_I (0.40, 8)",-39,+0.059,0.012,9,0.766,-0.045,1,,,,in the table,f26p,+0.0474,0.0098,"calculated, hfs_A_theory 2026-10-07, tier 2",
059003.000563,771,4.5,56 fd6p (3H) 2H,not determined,+0.0000,0.0455,3,+0.0448,0.0064,0.0014,0.0044,0.0045,0.14,1.0,,"good_I (1.24, 4)",-371,+0.504,0.072,9,0.771,-0.388,0,,,,keep,fd6p,+0.0000,0.0455,not determined,|E_obs - E_calc| = 371 cm^-1: eigenvector suspect
059003.000313,902,3.5,67 f5d6s (1F) 2F,not determined,+0.0000,0.0654,3,+0.0636,0.0135,0.0115,0.0005,0.0061,0.21,1.1,,"good_I (1.57, 14)",+608,+0.556,0.118,20,0.616,-0.343,0,,,,keep,f5d6s,+0.0000,0.0654,not determined,|E_obs - E_calc| = 608 cm^-1: eigenvector suspect
059003.000156,1127,5.5,96 f25d (1I) 2I,not determined,+0.0000,0.0313,3,+0.0309,0.0032,0.0005,0.0006,0.0031,0.10,1.1,,"good_I (2.19, 19)",+362,+0.425,0.044,29,0.797,-0.339,0,,,,keep,f25d,+0.0000,0.0313,not determined,|E_obs - E_calc| = 362 cm^-1: eigenvector suspect
059003.000626,913,3.5,-70 f5d6s (3D) 4D,not determined,+0.0000,0.0508,3,+0.0480,0.0155,0.0146,0.0008,0.0047,0.32,1.2,,"good_I (1.51, 8)",-119,+0.420,0.136,15,0.719,-0.302,0,,,,keep,f5d6s,+0.0000,0.0508,not determined,
059003.000665,937,2.5,88 f5d6s (3F) 4F,not determined,+0.0000,0.0816,3,+0.0778,0.0233,0.0219,0.0006,0.0078,0.30,1.0,,"good_I (3.05, 5)",+43,+0.486,0.146,9,0.616,-0.300,0,,33602.5687(D-0.39),,keep,f5d6s,+0.0000,0.0816,not determined,
059003.000241,1032,5.5,-68 f5d2 (3F) 2I,not determined,+0.0000,0.0294,3,+0.0292,0.0014,0.0009,0.0010,0.0002,0.05,1.0,,"fail (3.59, 12)",+140,+0.401,0.019,17,0.725,-0.291,0,,,,keep,f5d2,+0.0000,0.0294,not determined,"line intensities contradict the eigenvector (eigenvector_check: chi^2/n 3.59, 12 dof)"
059003.000173,1105,4.5,90 f25d (1I) 2H,not determined,+0.0000,0.0310,3,+0.0306,0.0033,0.0011,0.0007,0.0031,0.11,1.3,,"fail (2.54, 31)",-199,+0.344,0.037,48,0.799,-0.275,0,,,,keep,f25d,+0.0000,0.0310,not determined,"line intensities contradict the eigenvector (eigenvector_check: chi^2/n 2.54, 31 dof)"
059003.000627,914,2.5,-69 f5d6s (3D) 4D,not determined,+0.0000,0.0747,3,+0.0712,0.0208,0.0189,0.0006,0.0069,0.29,1.2,,"fail (6.02, 10)",-445,+0.445,0.130,15,0.616,-0.274,0,,,,keep,f5d6s,+0.0000,0.0747,not determined,"|E_obs - E_calc| = 445 cm^-1: eigenvector suspect; line intensities contradict the eigenvector (eigenvector_check: chi^2/n 6.02, 10 dof)"
059003.000650,672,5.5,-62 fd6p (1G) 2H,not determined,+0.0000,0.0280,3,+0.0276,0.0039,0.0011,0.0025,0.0028,0.14,1.1,,"fail (5.55, 5)",+213,+0.380,0.054,8,0.693,-0.263,0,,,,keep,fd6p,+0.0000,0.0280,not determined,"line intensities contradict the eigenvector (eigenvector_check: chi^2/n 5.55, 5 dof)"
059003.000257,1009,6.5,72 f5d2 (3F) 2I,not determined,+0.0000,0.0205,3,+0.0203,0.0012,0.0009,0.0008,0.0001,0.06,1.3,,"fail (2.71, 16)",-20,+0.330,0.019,19,0.756,-0.250,0,,,,keep,f5d2,+0.0000,0.0205,not determined,"line intensities contradict the eigenvector (eigenvector_check: chi^2/n 2.71, 16 dof)"
059003.000308,912,3.5,-79 f5d6s (3G) 2G,not determined,+0.0000,0.0395,3,+0.0357,0.0166,0.0162,0.0006,0.0034,0.46,1.0,,"good_I (2.10, 18)",-160,+0.312,0.145,23,0.763,-0.238,0,,,,keep,f5d6s,+0.0000,0.0395,not determined,
059003.000568,565,6.5,98 fd6p (3G) 4H,not determined,+0.0000,0.0189,3,+0.0183,0.0037,0.0006,0.0032,0.0018,0.20,1.5,,untested,-828,+0.297,0.060,3,0.792,-0.236,0,,34474.5476(D-0.71),,keep,fd6p,+0.0000,0.0189,not determined,questionable level: the calculated A will show whether its lines line up in IDEN2; |E_obs - E_calc| = 828 cm^-1: eigenvector suspect; weight 0.013 without parameters (6d.a01 6d.a10 6d.a12 7d.a01 7d.a10 7d.a12 8s.a10)
059003.000565,683,4.5,-61 fd6p (3H) 2H,not determined,+0.0000,0.0278,3,+0.0272,0.0043,0.0020,0.0026,0.0027,0.16,1.3,,"good_I (2.74, 3)",+372,+0.306,0.048,9,0.765,-0.234,0,,,,keep,fd6p,+0.0000,0.0278,not determined,|E_obs - E_calc| = 372 cm^-1: eigenvector suspect; weight 0.021 without parameters (6d.a01 6d.a10 6d.a12)
059003.000567,626,6.5,71 fd6p (3H) 4H,not determined,+0.0000,0.0215,3,+0.0211,0.0032,0.0008,0.0022,0.0021,0.15,1.2,,"good_I (2.71, 4)",+531,+0.343,0.052,5,0.610,-0.209,0,,,,keep,fd6p,+0.0000,0.0215,not determined,|E_obs - E_calc| = 531 cm^-1: eigenvector suspect; weight 0.019 without parameters (6d.a01 6d.a10 6d.a12 7d.a01 7d.a10 7d.a12 7s.a10)
059003.000569,576,7.5,100 fd6p (3H) 4I,not determined,+0.0000,0.0180,3,+0.0175,0.0033,0.0000,0.0028,0.0017,0.19,1.6,,"good_I (1.16, 2)",+461,+0.328,0.062,3,0.616,-0.202,0,,,,keep,fd6p,+0.0000,0.0180,not determined,|E_obs - E_calc| = 461 cm^-1: eigenvector suspect
059003.000307,916,4.5,-89 f5d6s (3H) 2H,not determined,+0.0000,0.0278,3,+0.0240,0.0134,0.0131,0.0009,0.0023,0.56,1.6,,"fail (3.29, 13)",-188,+0.270,0.151,18,0.739,-0.200,0,,,,keep,f5d6s,+0.0000,0.0278,not determined,"line intensities contradict the eigenvector (eigenvector_check: chi^2/n 3.29, 13 dof)"
059003.000667,718,3.5,-56 fd6p (3H) 4H,not determined,+0.0000,0.0360,3,+0.0355,0.0049,0.0029,0.0013,0.0036,0.14,1.0,,"fail (6.17, 4)",-331,+0.311,0.043,6,0.616,-0.191,0,,,,keep,fd6p,+0.0000,0.0360,not determined,"|E_obs - E_calc| = 331 cm^-1: eigenvector suspect; line intensities contradict the eigenvector (eigenvector_check: chi^2/n 6.17, 4 dof)"
059003.000456,898,4.5,-89 f5d6s (1H) 2H,not determined,+0.0000,0.0235,3,-0.0213,0.0058,0.0052,0.0008,0.0022,0.27,3.8,,"good_I (1.59, 3)",+57,-0.240,0.065,7,0.778,+0.187,0,,,,keep,f5d6s,+0.0000,0.0235,not determined,
059003.000111,1170,3.5,-62 f25d (3F) 4F,not determined,+0.0000,0.0259,3,+0.0256,0.0030,0.0015,0.0004,0.0026,0.12,1.1,,"good_I (1.40, 50)",-316,+0.224,0.026,69,0.791,-0.177,0,,,,keep,f25d,+0.0000,0.0259,not determined,|E_obs - E_calc| = 316 cm^-1: eigenvector suspect
059003.000660,924,2.5,-59 f5d6s (1D) 2D,not determined,+0.0000,0.0512,3,+0.0458,0.0224,0.0219,0.0005,0.0045,0.49,1.1,,"good_I (0.36, 4)",-708,+0.286,0.140,10,0.616,-0.176,0,,,,keep,f5d6s,+0.0000,0.0512,not determined,|E_obs - E_calc| = 708 cm^-1: eigenvector suspect
059003.000659,903,1.5,83 f5d6s (3D) 2D,not determined,+0.0000,0.0742,3,+0.0719,0.0167,0.0128,0.0007,0.0071,0.23,1.1,,"good_I (1.39, 10)",-547,+0.270,0.063,13,0.618,-0.167,0,,,,keep,f5d6s,+0.0000,0.0742,not determined,|E_obs - E_calc| = 547 cm^-1: eigenvector suspect
059003.000445,954,3.5,-66 f5d2 (3P) 2G,not determined,+0.0000,0.0257,3,+0.0253,0.0031,0.0025,0.0006,0.0001,0.12,1.4,,"fail (3.93, 5)",-92,+0.221,0.027,11,0.754,-0.167,0,,,,keep,f5d2,+0.0000,0.0257,not determined,"line intensities contradict the eigenvector (eigenvector_check: chi^2/n 3.93, 5 dof)"
059003.000439,980,5.5,-60 f5d2 (1D) 2H,"center of gravity of 37682.867 (1118-980), with A(000161) = +0.0908 (0.9638 x +0.0942), 2026-10-02, recomputed 2026-10-04",+0.0172,0.0120,3,+0.0208,0.0019,0.0013,0.0008,0.0000,0.09,1.3,+0.3,"good_A (1.90, 7)",+459,+0.286,0.026,10,0.584,-0.167,0,,,,keep: tier 3,f5d2,+0.0000,0.0211,not determined,|E_obs - E_calc| = 459 cm^-1: eigenvector suspect
059003.000073,1207,3.5,51 f25d (3H) 4F,not determined,+0.0000,0.0252,3,+0.0248,0.0029,0.0012,0.0008,0.0025,0.12,1.4,,"doubtful (1.86, 61)",-446,+0.217,0.025,74,0.768,-0.167,0,,,,keep,f25d,+0.0000,0.0252,not determined,|E_obs - E_calc| = 446 cm^-1: eigenvector suspect
059003.000681,667,4.5,-49 fd6p (1G) 2H,not determined,+0.0000,0.0275,3,+0.0269,0.0047,0.0016,0.0035,0.0027,0.17,1.2,,"good_I (2.73, 5)",+422,+0.303,0.053,7,0.540,-0.163,0,,,,keep,fd6p,+0.0000,0.0275,not determined,|E_obs - E_calc| = 422 cm^-1: eigenvector suspect
059003.000683,545,4.5,-63 fd6p (3D) 4F,not determined,+0.0000,0.0190,3,+0.0186,0.0030,0.0012,0.0019,0.0019,0.16,1.4,,"good_I (0.78, 6)",-883,+0.209,0.034,7,0.771,-0.161,0,,,,keep,fd6p,+0.0000,0.0190,not determined,|E_obs - E_calc| = 883 cm^-1: eigenvector suspect; weight 0.047 without parameters (6d.a01 6d.a10 6d.a12 7d.a01 7d.a10 7d.a12)
059003.000063,1218,2.5,56 f25d (3H) 2F,not determined,+0.0000,0.0342,3,+0.0337,0.0038,0.0014,0.0009,0.0034,0.11,1.3,,"good_I (1.22, 40)",-533,+0.211,0.024,53,0.754,-0.159,0,,,,keep,f25d,+0.0000,0.0342,not determined,|E_obs - E_calc| = 533 cm^-1: eigenvector suspect
059003.000564,753,3.5,-63 fd6p (3H) 4H,not determined,+0.0000,0.0324,3,+0.0316,0.0054,0.0022,0.0038,0.0032,0.17,1.5,,"untested (1.62, 1)",-332,+0.277,0.047,4,0.569,-0.157,0,,,,keep,fd6p,+0.0000,0.0324,not determined,questionable level: the calculated A will show whether its lines line up in IDEN2; |E_obs - E_calc| = 332 cm^-1: eigenvector suspect
059003.000450,933,2.5,93 f5d6s (3G) 4G,not determined,+0.0000,0.0401,3,-0.0373,0.0068,0.0053,0.0015,0.0037,0.18,3.5,,"good_I (0.57, 5)",-30,-0.233,0.042,9,0.654,+0.153,0,,,,keep,f5d6s,+0.0000,0.0401,not determined,
059003.000311,907,3.5,-73 f5d2 (1S) 2F,not determined,+0.0000,0.0289,3,+0.0282,0.0054,0.0045,0.0004,0.0012,0.19,1.2,,"fail (3.10, 11)",+84,+0.247,0.047,19,0.616,-0.152,0,,,,keep,f5d2,+0.0000,0.0289,not determined,"line intensities contradict the eigenvector (eigenvector_check: chi^2/n 3.10, 11 dof)"
059003.000268,995,4.5,-62 f5d2 (1D) 2G,not determined,+0.0000,0.0184,3,+0.0180,0.0022,0.0016,0.0004,0.0000,0.12,1.6,,"fail (4.86, 8)",+441,+0.202,0.025,15,0.749,-0.152,0,,,,keep,f5d2,+0.0000,0.0184,not determined,"|E_obs - E_calc| = 441 cm^-1: eigenvector suspect; line intensities contradict the eigenvector (eigenvector_check: chi^2/n 4.86, 8 dof)"
059003.000670,627,4.5,73 fd6p (3G) 4G,not determined,+0.0000,0.0171,3,+0.0165,0.0032,0.0019,0.0018,0.0017,0.19,1.8,,"good_I (1.67, 4)",-682,+0.186,0.036,6,0.776,-0.144,0,,,,keep,fd6p,+0.0000,0.0171,not determined,|E_obs - E_calc| = 682 cm^-1: eigenvector suspect; weight 0.035 without parameters (6d.a01 6d.a10 6d.a12)
059003.000570,554,5.5,85 fd6p (3H) 4G,not determined,+0.0000,0.0149,3,+0.0144,0.0025,0.0009,0.0018,0.0014,0.17,2.1,,"good_I (0.49, 4)",-75,+0.198,0.034,7,0.713,-0.141,0,,,,keep,fd6p,+0.0000,0.0149,not determined,weight 0.015 without parameters (6d.a01 6d.a10 6d.a12 7d.a01 7d.a10 7d.a12)
059003.000271,990,1.5,-82 f5d2 (3P) 4F,not determined,+0.0000,0.0561,3,+0.0556,0.0046,0.0041,0.0019,0.0000,0.08,1.0,,"fail (3.59, 7)",+226,+0.208,0.017,11,0.652,-0.136,0,,,,keep,f5d2,+0.0000,0.0561,not determined,"line intensities contradict the eigenvector (eigenvector_check: chi^2/n 3.59, 7 dof)"
059003.000303,927,3.5,-78 f5d6s (3G) 4G,not determined,+0.0000,0.0243,3,+0.0218,0.0101,0.0087,0.0008,0.0022,0.46,1.7,,"good_I (0.99, 11)",-18,+0.191,0.088,18,0.714,-0.136,0,,,,keep,f5d6s,+0.0000,0.0243,not determined,
059003.000658,915,1.5,65 f5d6s (1D) 2D,not determined,+0.0000,0.0536,3,-0.0459,0.0248,0.0243,0.0014,0.0046,0.54,2.7,,"good_I (1.29, 11)",-718,-0.172,0.093,15,0.708,+0.122,0,,,,keep,f5d6s,+0.0000,0.0536,not determined,|E_obs - E_calc| = 718 cm^-1: eigenvector suspect
059003.000566,649,5.5,-63 fd6p (3H) 4H,not determined,+0.0000,0.0147,3,+0.0140,0.0030,0.0012,0.0024,0.0014,0.21,2.3,,"good_I (0.21, 3)",+144,+0.193,0.041,4,0.616,-0.119,0,,,,keep,fd6p,+0.0000,0.0147,not determined,questionable level: the calculated A will show whether its lines line up in IDEN2
059003.000298,945,1.5,76 f5d6s (3F) 4F,not determined,+0.0000,0.0452,3,-0.0409,0.0134,0.0123,0.0025,0.0042,0.33,3.4,,"good_I (0.92, 5)",+226,-0.153,0.050,8,0.766,+0.117,0,,,,keep,f5d6s,+0.0000,0.0452,not determined,
059003.000672,660,3.5,-61 fd6p (3F) 4F,not determined,+0.0000,0.0174,3,+0.0167,0.0036,0.0017,0.0024,0.0017,0.22,2.0,,"good_I (1.49, 3)",-646,+0.146,0.032,7,0.772,-0.113,0,,,,keep,fd6p,+0.0000,0.0174,not determined,|E_obs - E_calc| = 646 cm^-1: eigenvector suspect
059003.000128,1153,1.5,81 f25d (1G) 2D,not determined,+0.0000,0.0385,3,+0.0374,0.0044,0.0017,0.0016,0.0037,0.12,2.2,,"good_I (1.48, 12)",-26,+0.140,0.017,17,0.793,-0.111,0,,,,keep,f25d,+0.0000,0.0385,not determined,
059003.000121,1161,2.5,74 f25d (1G) 2D,not determined,+0.0000,0.0206,3,+0.0198,0.0026,0.0012,0.0010,0.0020,0.13,2.5,,"good_I (0.93, 26)",+140,+0.124,0.016,37,0.797,-0.099,0,,,,keep,f25d,+0.0000,0.0206,not determined,
059003.000438,976,3.5,-62 f5d2 (3P) 4D,not determined,+0.0000,0.0144,3,+0.0140,0.0021,0.0016,0.0011,0.0000,0.15,1.7,,"good_I (1.33, 7)",-314,+0.123,0.018,10,0.749,-0.092,0,,,,keep,f5d2,+0.0000,0.0144,not determined,|E_obs - E_calc| = 314 cm^-1: eigenvector suspect
059003.000272,981,3.5,-64 f5d2 (3P) 4F,not determined,+0.0000,0.0147,3,+0.0143,0.0018,0.0013,0.0011,0.0000,0.13,2.0,,"good_I (0.78, 15)",-341,+0.125,0.016,18,0.717,-0.090,0,,,,keep,f5d2,+0.0000,0.0147,not determined,|E_obs - E_calc| = 341 cm^-1: eigenvector suspect
059003.000442,973,4.5,-88 f5d2 (3P) 4F,not determined,+0.0000,0.0110,3,+0.0105,0.0017,0.0009,0.0012,0.0000,0.16,2.6,,"good_I (0.97, 7)",-160,+0.118,0.019,8,0.738,-0.087,0,,,,keep,f5d2,+0.0000,0.0110,not determined,
059003.000309,911,2.5,-56 f5d2 (1S) 2F,not determined,+0.0000,0.0243,3,+0.0213,0.0106,0.0100,0.0006,0.0002,0.50,2.3,,"good_I (1.72, 13)",-72,+0.133,0.066,17,0.616,-0.082,0,,,,keep,f5d2,+0.0000,0.0243,not determined,
059003.000160,1120,3.5,77 f25d (3P) 4F,not determined,+0.0000,0.0121,3,+0.0114,0.0029,0.0022,0.0010,0.0012,0.25,2.5,,"good_I (1.00, 26)",-63,+0.100,0.025,35,0.800,-0.080,0,,,,keep,f25d,+0.0000,0.0121,not determined,
059003.000446,946,3.5,-73 f5d6s (3H) 4H,not determined,+0.0000,0.0228,3,-0.0188,0.0079,0.0075,0.0011,0.0019,0.42,5.4,,"good_I (0.82, 3)",+7,-0.165,0.069,7,0.468,+0.077,0,,,,keep,f5d6s,+0.0000,0.0228,not determined,questionable level: the calculated A will show whether its lines line up in IDEN2
059003.000098,1188,2.5,-89 f25d (3F) 4D,not determined,+0.0000,0.0152,3,+0.0148,0.0025,0.0016,0.0010,0.0015,0.17,1.7,,"good_I (2.68, 23)",+315,+0.093,0.016,36,0.798,-0.074,0,,,,keep,f25d,+0.0000,0.0152,not determined,|E_obs - E_calc| = 315 cm^-1: eigenvector suspect
059003.000435,1018,2.5,-60 f5d2 (3F) 4P,not determined,+0.0000,0.0156,3,+0.0148,0.0036,0.0029,0.0018,0.0007,0.24,2.2,,"good_I (0.99, 10)",-346,+0.093,0.022,13,0.793,-0.073,0,,,,keep,f5d2,+0.0000,0.0156,not determined,|E_obs - E_calc| = 346 cm^-1: eigenvector suspect
059003.000647,998,1.5,-45 f5d2 (3P) 2D,not determined,+0.0000,0.0232,3,+0.0221,0.0061,0.0058,0.0012,0.0000,0.28,1.7,,"fail (3.24, 6)",-597,+0.083,0.023,7,0.766,-0.064,0,,,,keep,f5d2,+0.0000,0.0232,not determined,"|E_obs - E_calc| = 597 cm^-1: eigenvector suspect; line intensities contradict the eigenvector (eigenvector_check: chi^2/n 3.24, 6 dof)"
059003.000283,968,1.5,-72 f26p (1D) 2D,not determined,+0.0000,0.0235,3,+0.0219,0.0074,0.0052,0.0043,0.0022,0.34,1.8,,"good_I (2.62, 15)",+62,+0.082,0.028,19,0.777,-0.064,0,,33082.0378(D-0.85),,keep,f26p,+0.0000,0.0235,not determined,
059003.000100,1181,0.5,74 f25d (3F) 4D,not determined,+0.0000,0.0663,3,+0.0650,0.0079,0.0039,0.0023,0.0065,0.12,1.6,,"fail (3.02, 5)",-16,+0.081,0.010,12,0.791,-0.064,0,,,,keep,f25d,+0.0000,0.0663,not determined,"line intensities contradict the eigenvector (eigenvector_check: chi^2/n 3.02, 5 dof)"
059003.000631,1007,1.5,-52 f5d2 (1D) 2D,not determined,+0.0000,0.0210,3,+0.0194,0.0073,0.0065,0.0014,0.0001,0.38,1.6,,"good_I (0.36, 7)",-100,+0.073,0.027,8,0.864,-0.063,0,,,,keep,f5d2,+0.0000,0.0210,not determined,
059003.000674,983,0.5,57 f5d2 (3P) 4D,not determined,+0.0000,0.0644,3,+0.0636,0.0080,0.0069,0.0025,0.0001,0.13,1.0,,"fail (4.12, 4)",+60,+0.080,0.010,6,0.759,-0.060,0,,,,keep,f5d2,+0.0000,0.0644,not determined,"line intensities contradict the eigenvector (eigenvector_check: chi^2/n 4.12, 4 dof)"
059003.000086,1195,1.5,-73 f25d (3F) 4D,not determined,+0.0000,0.0209,3,+0.0199,0.0038,0.0029,0.0015,0.0020,0.19,2.5,,"good_I (0.82, 20)",-78,+0.075,0.014,31,0.787,-0.059,0,,,,keep,f25d,+0.0000,0.0209,not determined,
059003.000177,1102,3.5,-91 f25d (3P) 4D,not determined,+0.0000,0.0088,3,+0.0084,0.0018,0.0011,0.0011,0.0008,0.21,2.4,,"good_I (0.93, 15)",-228,+0.073,0.016,19,0.798,-0.059,0,,,,keep,f25d,+0.0000,0.0088,not determined,
059003.000653,1014,1.5,56 f5d2 (3F) 4P,not determined,+0.0000,0.0189,3,+0.0177,0.0047,0.0045,0.0014,0.0000,0.27,2.7,,"good_I (2.48, 5)",-476,+0.066,0.018,6,0.871,-0.058,0,,,,keep,f5d2,+0.0000,0.0189,not determined,|E_obs - E_calc| = 476 cm^-1: eigenvector suspect
059003.000453,929,1.5,63 f5d2 (1G) 2P,not determined,+0.0000,0.0500,3,+0.0168,0.0048,0.0029,0.0025,0.0008,0.29,2.3,,"good_I (1.83, 3)",-3,+0.063,0.018,5,0.813,-0.051,1,,,,keep,f5d2,+0.0000,0.0179,not determined,
059003.000310,909,5.5,-87 f5d6s (3H) 2H,not determined,+0.0000,0.0120,3,-0.0051,0.0095,0.0094,0.0008,0.0006,1.86,10.4,,"fail (3.30, 10)",-232,-0.070,0.131,14,0.712,+0.050,0,,,,keep,f5d6s,+0.0000,0.0120,not determined,"line intensities contradict the eigenvector (eigenvector_check: chi^2/n 3.30, 10 dof)"
059003.000278,977,1.5,47 f5d2 (1D) 2P,not determined,+0.0000,0.0211,3,+0.0206,0.0037,0.0035,0.0006,0.0000,0.18,1.3,,"good_I (1.24, 3)",+623,+0.077,0.014,6,0.616,-0.048,0,,,,keep,f5d2,+0.0000,0.0211,not determined,|E_obs - E_calc| = 623 cm^-1: eigenvector suspect
059003.000163,1117,2.5,67 f25d (3P) 4P,not determined,+0.0000,0.0098,3,+0.0092,0.0023,0.0016,0.0013,0.0009,0.25,2.5,,"good_I (2.37, 19)",+66,+0.057,0.014,27,0.799,-0.046,0,,,,keep,f25d,+0.0000,0.0098,not determined,
059003.000158,1122,2.5,-66 f25d (3P) 4P,not determined,+0.0000,0.0094,3,+0.0087,0.0026,0.0020,0.0012,0.0009,0.30,2.6,,"good_I (0.47, 28)",+89,+0.054,0.016,37,0.796,-0.043,0,,,,keep,f25d,+0.0000,0.0094,not determined,
059003.000431,1059,1.5,-75 f5d2 (3F) 4D,"resolved components, 1 pattern, 1 position (Step 4 anchored fit, 2026-10-05)",+0.0073,0.0113,3,+0.0134,0.0020,0.0013,0.0012,0.0004,0.15,2.6,+0.5,"good_A (0.43, 8)",+293,+0.050,0.007,9,0.806,-0.040,1,,,+0.0073 +- 0.0113 (1),keep: tier 3,f5d2,+0.0000,0.0140,not determined,
059003.000138,1142,1.5,-83 f25d (1D) 2P,not determined,+0.0000,0.0137,3,+0.0129,0.0036,0.0029,0.0017,0.0013,0.28,2.1,,"good_I (0.62, 12)",-153,+0.048,0.013,14,0.795,-0.038,0,,,,keep,f25d,+0.0000,0.0137,not determined,
059003.000176,1106,1.5,-55 f25d (3P) 2P,not determined,+0.0000,0.0136,3,+0.0127,0.0033,0.0027,0.0013,0.0013,0.26,2.7,,"good_I (1.76, 18)",+159,+0.048,0.012,22,0.801,-0.038,0,,,,keep,f25d,+0.0000,0.0136,not determined,
059003.000312,904,4.5,-88 f5d6s (3G) 2G,not determined,+0.0000,0.0133,3,-0.0044,0.0114,0.0113,0.0007,0.0005,2.59,11.9,,"good_I (1.53, 15)",-137,-0.050,0.128,20,0.755,+0.037,0,,,,keep,f5d6s,+0.0000,0.0133,not determined,
059003.000170,1110,0.5,-77 f25d (3P) 4D,not determined,+0.0000,0.0389,3,+0.0370,0.0106,0.0095,0.0027,0.0037,0.29,1.6,,"good_I (0.28, 5)",+81,+0.046,0.013,7,0.802,-0.037,0,,,,keep,f25d,+0.0000,0.0389,not determined,
059003.000228,1046,0.5,-79 f26p (3F) 4D,not determined,+0.0000,0.0333,3,+0.0282,0.0142,0.0097,0.0091,0.0035,0.50,3.7,,"good_I (0.10, 2)",-186,+0.035,0.018,5,0.783,-0.028,0,,,,keep,f26p,+0.0000,0.0333,not determined,
059003.000434,1020,1.5,74 f5d2 (3F) 4P,not determined,+0.0000,0.0087,3,-0.0064,0.0050,0.0040,0.0026,0.0000,0.78,4.8,,"fail (4.04, 3)",-308,-0.024,0.019,6,0.802,+0.019,0,,,,keep,f5d2,+0.0000,0.0087,not determined,"|E_obs - E_calc| = 308 cm^-1: eigenvector suspect; line intensities contradict the eigenvector (eigenvector_check: chi^2/n 4.04, 3 dof)"
059003.000162,1119,0.5,-55 f25d (3P) 2P,not determined,+0.0000,0.0228,3,+0.0194,0.0112,0.0107,0.0025,0.0019,0.58,2.2,,"good_I (2.33, 12)",+141,+0.024,0.014,14,0.802,-0.019,0,,,,keep,f25d,+0.0000,0.0228,not determined,
059003.000641,949,0.5,76 f26p (3P) 4P,not determined,+0.0000,0.0331,3,+0.0177,0.0277,0.0274,0.0014,0.0018,1.56,2.4,,"good_I (0.75, 4)",-62,+0.022,0.035,7,0.760,-0.017,0,,,,keep,f26p,+0.0000,0.0331,not determined,
059003.000540,1200,0.5,-77 f25d (3F) 4P,not determined,+0.0000,0.0180,3,-0.0135,0.0084,0.0081,0.0019,0.0014,0.62,6.2,,"good_I (1.06, 5)",+166,-0.017,0.010,11,0.795,+0.013,0,,,,keep,f25d,+0.0000,0.0180,not determined,
059003.000539,1208,0.5,-65 f25d (3F) 2P,not determined,+0.0000,0.0192,3,+0.0119,0.0100,0.0089,0.0044,0.0012,0.84,9.4,,"good_I (1.10, 7)",-148,+0.015,0.013,10,0.775,-0.012,0,,,,keep,f25d,+0.0000,0.0192,not determined,
059003.000644,900,2.5,81 f5d6s (3D) 2D,not determined,+0.0000,0.0153,3,+0.0025,0.0143,0.0131,0.0005,0.0002,5.72,19.0,,"good_I (0.64, 10)",-409,+0.016,0.089,14,0.616,-0.010,0,,,,keep,f5d6s,+0.0000,0.0153,not determined,|E_obs - E_calc| = 409 cm^-1: eigenvector suspect
059003.000137,1144,0.5,-82 f25d (1D) 2S,not determined,+0.0000,0.0160,3,-0.0101,0.0089,0.0074,0.0048,0.0010,0.88,8.5,,"good_I (0.82, 5)",+216,-0.013,0.011,9,0.799,+0.010,0,,,,keep,f25d,+0.0000,0.0160,not determined,
059003.000078,1204,1.5,-83 f25d (3F) 4P,not determined,+0.0000,0.0060,3,+0.0031,0.0034,0.0029,0.0017,0.0003,1.10,12.5,,"good_I (1.33, 23)",+82,+0.012,0.013,32,0.785,-0.009,1,,,-0.0018 +- 0.0027 (1),keep,f25d,+0.0000,0.0060,not determined,
059003.000143,1137,0.5,82 f25d (1D) 2P,not determined,+0.0000,0.0133,3,+0.0079,0.0072,0.0069,0.0021,0.0008,0.91,10.0,,"good_I (1.42, 9)",-1,+0.010,0.009,11,0.799,-0.008,0,,,,keep,f25d,+0.0000,0.0133,not determined,
059003.000646,906,2.5,-61 f5d6s (1F) 2F,not determined,+0.0000,0.0154,3,-0.0010,0.0138,0.0126,0.0007,0.0009,13.80,67.6,,"good_I (3.34, 8)",+637,-0.006,0.086,13,0.616,+0.004,0,,,,keep,f5d6s,+0.0000,0.0154,not determined,|E_obs - E_calc| = 637 cm^-1: eigenvector suspect
059003.000157,1125,0.5,-78 f25d (3P) 4P,not determined,+0.0000,0.0088,3,-0.0035,0.0077,0.0076,0.0008,0.0003,2.20,6.7,,"good_I (1.14, 10)",+172,-0.004,0.010,13,0.797,+0.003,0,,,,keep,f25d,+0.0000,0.0088,not determined,
059003.000038,1245,1.5,-96 4f3 (4S) 4S,not determined,+0.0000,0.0012,3,+0.0006,0.0010,0.0010,0.0001,0.0000,1.67,1.8,,"good_I (0.52, 13)",+75,+0.002,0.004,18,0.803,-0.002,1,,,,keep,4f3,+0.0000,0.0012,not determined,
059003.000676,932,3.5,61 f5d6s (3H) 4H,not determined,+0.0000,0.0154,3,+0.0002,0.0139,0.0139,0.0008,0.0000,69.50,330.0,,"good_I (1.67, 4)",-4,+0.002,0.122,9,0.601,-0.001,0,,,,keep,f5d6s,+0.0000,0.0154,not determined,questionable level: the calculated A will show whether its lines line up in IDEN2
