wn_line,char,wn_component,dwn,n_components,low_id,upp_id,wl_line,wl_component,n_class,class_ids,origin,xl_row_line,xl_row_component
11777.630453,*v,11777.774674,+0.1442,1,059003.000034,059003.000078,8488.340,8488.236,1,,sugar_component,116,117
11956.919946,*r,11956.646873,-0.2731,2,,,8361.060,8361.251,0,,sugar_component,139,137
11956.919946,*r,11956.778403,-0.1415,2,,,8361.060,8361.159,0,,sugar_component,139,138
12587.719719,*r,12587.196786,-0.5229,2,,,7942.066,7942.396,0,,sugar_component,198,196
12587.719719,*r,12587.437658,-0.2821,2,,,7942.066,7942.244,0,,sugar_component,198,197
13722.216624,*r,13721.936010,-0.2806,1,,,7285.445,7285.594,0,,sugar_component,349,348
14997.606705,*r,14997.206258,-0.4004,1,059003.000043,059003.000127,6665.890,6666.068,1,,sugar_component,428,427
16390.528834,*r,16389.343519,-1.1853,4,059003.000040,059003.000127,6099.396,6099.837,1,,sugar_component,527,523
16390.528834,*r,16389.531729,-0.9971,4,059003.000040,059003.000127,6099.396,6099.767,1,,sugar_component,527,524
16390.528834,*r,16389.808701,-0.7201,4,059003.000040,059003.000127,6099.396,6099.664,1,,sugar_component,527,525
16390.528834,*r,16390.130981,-0.3979,4,059003.000040,059003.000127,6099.396,6099.544,1,,sugar_component,527,526
18476.582592,*v,18476.976058,+0.3935,1,,,5410.752,5410.637,0,,sugar_component,699,700
21011.154412,*v,21011.472693,+0.3183,2,,,4758.046,4757.974,0,,sugar_component,788,789
21011.154412,*v,21011.747501,+0.5931,2,,,4758.046,4757.912,0,,sugar_component,788,790
21077.580309,*v,21078.016555,+0.4362,5,059003.000189,059003.000263,4743.051,4742.953,1,,sugar_component,794,795
21077.580309,*v,21078.416528,+0.8362,5,059003.000189,059003.000263,4743.051,4742.863,1,,sugar_component,794,796
21077.580309,*v,21078.789298,+1.2090,5,059003.000189,059003.000263,4743.051,4742.779,1,,sugar_component,794,797
21077.580309,*v,21079.153007,+1.5727,5,059003.000189,059003.000263,4743.051,4742.697,1,,sugar_component,794,798
21077.580309,*v,21079.447445,+1.8671,5,059003.000189,059003.000263,4743.051,4742.631,1,,sugar_component,794,799
21496.541167,*v,21496.850915,+0.3097,1,059003.000043,059003.000149,4650.609,4650.542,1,,sugar_component,828,829
22773.896721,*r,22773.569218,-0.3275,1,059003.000149,059003.000194,4389.759,4389.822,1,,sugar_component,1023,1022
23365.031394,*v,23365.320948,+0.2896,2,,,4278.696,4278.643,0,,sugar_component,1173,1174
23365.031394,*v,23365.578376,+0.5470,2,,,4278.696,4278.596,0,,sugar_component,1173,1175
24498.063431,*v,24498.550684,+0.4873,2,059003.000142,059003.000194,4080.803,4080.722,1,,sugar_component,1354,1355
24498.063431,*v,24498.933787,+0.8704,2,059003.000142,059003.000194,4080.803,4080.658,1,,sugar_component,1354,1356
24586.527657,*v,24586.787660,+0.2600,1,,,4066.120,4066.077,0,,sugar_component,1360,1361
24593.416893,*r,24592.768850,-0.6480,2,,,4064.981,4065.088,0,,sugar_component,1364,1362
24593.416893,*r,24593.093743,-0.3232,2,,,4064.981,4065.034,0,,sugar_component,1364,1363
25042.949564,*r,25042.660597,-0.2890,1,,,3992.011,3992.057,0,,sugar_component,1390,1389
25044.191101,*r,25043.990557,-0.2005,1,,,3991.813,3991.845,0,,sugar_component,1392,1391
25095.490159,*v,25095.729717,+0.2396,1,,,3983.653,3983.615,0,,sugar_component,1395,1396
25548.669116,*v,25548.989065,+0.3199,3,,,3912.99,3912.941,0,,sugar_component,1415,1416
25548.669116,*v,25549.281742,+0.6126,3,,,3912.99,3912.896,0,,sugar_component,1415,1417
25548.669116,*v,25549.537990,+0.8689,3,,,3912.99,3912.857,0,,sugar_component,1415,1418
25691.767428,*r,25690.888760,-0.8787,2,059003.000183,059003.000261,3891.195,3891.328,1,,sugar_component,1426,1424
25691.767428,*r,25691.263159,-0.5043,2,059003.000183,059003.000261,3891.195,3891.271,1,,sugar_component,1426,1425
25887.328212,*r,25886.281200,-1.0470,3,059003.000188,059003.000441,3861.799,3861.955,1,,sugar_component,1448,1445
25887.328212,*r,25886.602397,-0.7258,3,059003.000188,059003.000441,3861.799,3861.907,1,,sugar_component,1448,1446
25887.328212,*r,25886.966851,-0.3614,3,059003.000188,059003.000441,3861.799,3861.853,1,,sugar_component,1448,1447
26130.812557,*r,26129.509517,-1.3030,3,059003.000165,059003.000218,3825.814,3826.005,1,,sugar_component,1459,1456
26130.812557,*r,26129.870852,-0.9417,3,059003.000165,059003.000218,3825.814,3825.952,1,,sugar_component,1459,1457
26130.812557,*r,26130.293194,-0.5194,3,059003.000165,059003.000218,3825.814,3825.89,1,,sugar_component,1459,1458
26221.570218,*r,26221.199282,-0.3709,1,059003.000149,059003.000200,3812.572,3812.626,1,,sugar_component,1467,1466
26261.630635,*r,26260.912378,-0.7183,2,059003.000150,059003.000202,3806.756,3806.86,1,,sugar_component,1472,1470
26261.630635,*r,26261.222663,-0.4080,2,059003.000150,059003.000202,3806.756,3806.815,1,,sugar_component,1472,1471
26285.901123,*r,26285.480053,-0.4211,1,059003.000192,059003.000280,3803.241,3803.302,1,,sugar_component,1474,1473
26953.478995,*r,26952.242073,-1.2369,3,059003.000141,059003.000197,3709.041,3709.211,1,,sugar_component,1508,1505
26953.478995,*r,26952.650050,-0.8289,3,059003.000141,059003.000197,3709.041,3709.155,1,,sugar_component,1508,1506
26953.478995,*r,26952.982835,-0.4962,3,059003.000141,059003.000197,3709.041,3709.109,1,,sugar_component,1508,1507
27163.477977,*r,27163.151385,-0.3266,1,059003.000134,059003.000194,3680.366,3680.410,1,,sugar_component,1533,1532
27179.819771,*r,27178.918821,-0.9010,2,059003.000134,059003.000195,3678.153,3678.275,1,,sugar_component,1537,1535
27179.819771,*r,27179.322955,-0.4968,2,059003.000134,059003.000195,3678.153,3678.220,1,,sugar_component,1537,1536
27208.707206,*r,27207.988322,-0.7189,2,059003.000165,059003.000224,3674.248,3674.345,1,,sugar_component,1543,1541
27208.707206,*r,27208.312074,-0.3951,2,059003.000165,059003.000224,3674.248,3674.301,1,,sugar_component,1543,1542
27267.659265,*v,27268.149820,+0.4906,3,059003.000148,059003.000205,3666.304,3666.238,1,,sugar_component,1550,1551
27267.659265,*v,27268.572358,+0.9131,3,059003.000148,059003.000205,3666.304,3666.181,1,,sugar_component,1550,1552
27267.659265,*v,27268.908945,+1.2497,3,059003.000148,059003.000205,3666.304,3666.136,1,,sugar_component,1550,1553
27659.727580,*v,27660.039951,+0.3124,2,059003.000139,059003.000197,3614.334,3614.293,1,,sugar_component,1581,1582
27659.727580,*v,27660.352327,+0.6247,2,059003.000139,059003.000197,3614.334,3614.252,1,,sugar_component,1581,1583
27715.441135,*r,27715.041428,-0.3997,1,059003.000192,059003.000287,3607.068,3607.120,1,,sugar_component,1589,1588
27941.230564,*v,27941.668898,+0.4383,2,059003.000148,059003.000208,3577.919,3577.863,1,,sugar_component,1598,1599
27941.230564,*v,27942.059193,+0.8286,2,059003.000148,059003.000208,3577.919,3577.813,1,,sugar_component,1598,1600
27945.782718,*v,27946.221141,+0.4384,1,059003.000142,059003.000200,3577.336,3577.280,1,,sugar_component,1601,1602
28035.838553,*v,28036.239155,+0.4006,4,059003.000189,059003.000282,3565.845,3565.794,1,,sugar_component,1610,1611
28035.838553,*v,28036.648442,+0.8099,4,059003.000189,059003.000282,3565.845,3565.742,1,,sugar_component,1610,1612
28035.838553,*v,28036.992124,+1.1536,4,059003.000189,059003.000282,3565.845,3565.698,1,,sugar_component,1610,1613
28035.838553,*v,28037.339630,+1.5011,4,059003.000189,059003.000282,3565.845,3565.654,1,,sugar_component,1610,1614
28047.162264,*r,28046.871566,-0.2907,1,059003.000188,059003.000282,3564.405,3564.442,1,,sugar_component,1616,1615
28058.072218,*v,28058.538890,+0.4667,1,059003.000142,059003.000201,3563.019,3562.960,1,,sugar_component,1617,1618
28192.232107,*r,28191.788923,-0.4432,1,059003.000149,059003.000209,3546.063,3546.119,1,,sugar_component,1624,1623
28302.363009,*v,28302.838584,+0.4756,2,059003.000148,059003.000210,3532.264,3532.205,1,,sugar_component,1630,1631
28302.363009,*v,28303.247760,+0.8848,2,059003.000148,059003.000210,3532.264,3532.154,1,,sugar_component,1630,1632
28322.699227,*r,28321.929066,-0.7702,2,059003.000165,059003.000237,3529.728,3529.824,1,,sugar_component,1636,1634
28322.699227,*r,28322.298506,-0.4007,2,059003.000165,059003.000237,3529.728,3529.778,1,,sugar_component,1636,1635
28379.727725,*r,28378.679385,-1.0483,2,059003.000140,059003.000201,3522.635,3522.765,1,,sugar_component,1643,1641
28379.727725,*r,28379.152591,-0.5751,2,059003.000140,059003.000201,3522.635,3522.706,1,,sugar_component,1643,1642
28384.560465,*r,28383.940149,-0.6203,2,059003.000149,059003.000211,3522.035,3522.112,1,,sugar_component,1646,1644
28384.560465,*r,28384.212570,-0.3479,2,059003.000149,059003.000211,3522.035,3522.078,1,,sugar_component,1646,1645
28434.460256,*r,28434.200988,-0.2593,1,059003.000150,059003.000215,3515.854,3515.886,1,,sugar_component,1649,1648
28477.567641,*v,28477.899201,+0.3316,5,,,3510.532,3510.491,2,059003.000148+059003.000211;059003.000189+059003.000284,sugar_component,1652,1653
28477.567641,*v,28478.262244,+0.6946,5,,,3510.532,3510.446,2,059003.000148+059003.000211;059003.000189+059003.000284,sugar_component,1652,1654
28477.567641,*v,28478.620399,+1.0528,5,,,3510.532,3510.402,2,059003.000148+059003.000211;059003.000189+059003.000284,sugar_component,1652,1655
28477.567641,*v,28478.889019,+1.3214,5,,,3510.532,3510.369,2,059003.000148+059003.000211;059003.000189+059003.000284,sugar_component,1652,1656
28477.567641,*v,28479.162535,+1.5949,5,,,3510.532,3510.335,2,059003.000148+059003.000211;059003.000189+059003.000284,sugar_component,1652,1657
28488.847564,*r,28488.511878,-0.3357,1,059003.000188,059003.000284,3509.142,3509.183,1,,sugar_component,1659,1658
28718.488715,*v,28718.868410,+0.3797,3,059003.000189,059003.000443,3481.081,3481.035,1,,sugar_component,1671,1672
28718.488715,*v,28719.221236,+0.7325,3,059003.000189,059003.000443,3481.081,3480.992,1,,sugar_component,1671,1673
28718.488715,*v,28719.578116,+1.0894,3,059003.000189,059003.000443,3481.081,3480.949,1,,sugar_component,1671,1674
28767.907348,*v,28768.238016,+0.3307,3,059003.000145,059003.000210,3475.101,3475.061,1,,sugar_component,1676,1677
28767.907348,*v,28768.500927,+0.5936,3,059003.000145,059003.000210,3475.101,3475.029,1,,sugar_component,1676,1678
28767.907348,*v,28768.772819,+0.8655,3,059003.000145,059003.000210,3475.101,3474.996,1,,sugar_component,1676,1679
28774.448028,*r,28773.152830,-1.2952,4,059003.000141,059003.000203,3474.311,3474.467,1,,sugar_component,1684,1680
28774.448028,*r,28773.460696,-0.9873,4,059003.000141,059003.000203,3474.311,3474.430,1,,sugar_component,1684,1681
28774.448028,*r,28773.727731,-0.7203,4,059003.000141,059003.000203,3474.311,3474.398,1,,sugar_component,1684,1682
28774.448028,*r,28774.067459,-0.3806,4,059003.000141,059003.000203,3474.311,3474.357,1,,sugar_component,1684,1683
28943.220192,*v,28943.557356,+0.3372,1,059003.000145,059003.000211,3454.051,3454.011,1,,sugar_component,1687,1688
28952.640978,*r,28952.020711,-0.6203,2,059003.000165,059003.000238,3452.927,3453.001,1,,sugar_component,1691,1689
28952.640978,*r,28952.330843,-0.3101,2,059003.000165,059003.000238,3452.927,3452.964,1,,sugar_component,1691,1690
29056.177646,*r,29055.458937,-0.7187,2,059003.000150,059003.000218,3440.623,3440.708,1,,sugar_component,1696,1694
29056.177646,*r,29055.802570,-0.3751,2,059003.000150,059003.000218,3440.623,3440.667,1,,sugar_component,1696,1695
29092.238625,*r,29091.908532,-0.3301,1,059003.000141,059003.000205,3436.358,3436.397,1,,sugar_component,1698,1697
29151.127585,*r,29150.548750,-0.5788,1,059003.000151,059003.000220,3429.416,3429.484,1,,sugar_component,1701,1700
29212.402193,*r,29211.241715,-1.1605,3,059003.000141,059003.000206,3422.222,3422.358,1,,sugar_component,1709,1706
29212.402193,*r,29211.591683,-0.8105,3,059003.000141,059003.000206,3422.222,3422.317,1,,sugar_component,1709,1707
29212.402193,*r,29211.978268,-0.4239,3,059003.000141,059003.000206,3422.222,3422.272,1,,sugar_component,1709,1708
29230.777635,*v,29231.330835,+0.5532,4,059003.000161,059003.000238,3420.071,3420.006,1,,sugar_component,1710,1711
29230.777635,*v,29231.819206,+1.0416,4,059003.000161,059003.000238,3420.071,3419.949,1,,sugar_component,1710,1712
29230.777635,*v,29232.201881,+1.4242,4,059003.000161,059003.000238,3420.071,3419.904,1,,sugar_component,1710,1713
29230.777635,*v,29232.538040,+1.7604,4,059003.000161,059003.000238,3420.071,3419.865,1,,sugar_component,1710,1714
29272.878290,*v,29273.279934,+0.4016,2,059003.000127,059003.000194,3415.152,3415.105,1,,sugar_component,1719,1720
29272.878290,*v,29273.621584,+0.7433,2,059003.000127,059003.000194,3415.152,3415.065,1,,sugar_component,1719,1721
29377.672213,*r,29376.592760,-1.0795,2,059003.000192,059003.000292,3402.969,3403.094,1,,sugar_component,1729,1727
29377.672213,*r,29377.097412,-0.5748,2,059003.000192,059003.000292,3402.969,3403.036,1,,sugar_component,1729,1728
29422.478088,*v,29422.937480,+0.4594,1,059003.000161,059003.000239,3397.787,3397.734,1,,sugar_component,1733,1734
29425.341757,*r,29424.529422,-0.8123,2,059003.000134,059003.000197,3397.456,3397.550,1,,sugar_component,1737,1735
29425.341757,*r,29424.919260,-0.4225,2,059003.000134,059003.000197,3397.456,3397.505,1,,sugar_component,1737,1736
29432.541082,*v,29433.009891,+0.4688,4,059003.000133,059003.000196,3396.625,3396.571,1,,sugar_component,1738,1739
29432.541082,*v,29433.441758,+0.9007,4,059003.000133,059003.000196,3396.625,3396.521,1,,sugar_component,1738,1740
29432.541082,*v,29433.822493,+1.2814,4,059003.000133,059003.000196,3396.625,3396.477,1,,sugar_component,1738,1741
29432.541082,*v,29434.137906,+1.5968,4,059003.000133,059003.000196,3396.625,3396.441,1,,sugar_component,1738,1742
29480.692129,*v,29481.110584,+0.4185,3,059003.000139,059003.000203,3391.077,3391.029,1,,sugar_component,1746,1747
29480.692129,*v,29481.477813,+0.7857,3,059003.000139,059003.000203,3391.077,3390.987,1,,sugar_component,1746,1748
29480.692129,*v,29481.808022,+1.1159,3,059003.000139,059003.000203,3391.077,3390.949,1,,sugar_component,1746,1749
29514.531261,*v,29515.332196,+0.8009,3,059003.000187,059003.000287,3387.189,3387.097,1,,sugar_component,1751,1752
29514.531261,*v,29515.932914,+1.4017,3,059003.000187,059003.000287,3387.189,3387.028,1,,sugar_component,1751,1753
29514.531261,*v,29516.328447,+1.7972,3,059003.000187,059003.000287,3387.189,3386.983,1,,sugar_component,1751,1754
29561.197678,*v,29561.808740,+0.6111,3,059003.000142,059003.000207,3381.842,3381.772,1,,sugar_component,1758,1759
29561.197678,*v,29562.298467,+1.1008,3,059003.000142,059003.000207,3381.842,3381.716,1,,sugar_component,1758,1760
29561.197678,*v,29562.681092,+1.4834,3,059003.000142,059003.000207,3381.842,3381.672,1,,sugar_component,1758,1761
29566.291537,*v,29566.692798,+0.4013,2,059003.000148,059003.000218,3381.259,3381.213,1,,sugar_component,1763,1764
29566.291537,*v,29567.009847,+0.7183,2,059003.000148,059003.000218,3381.259,3381.177,1,,sugar_component,1763,1765
29575.440935,*v,29575.907379,+0.4664,2,059003.000145,059003.000216,3380.213,3380.160,1,,sugar_component,1767,1768
29575.440935,*v,29576.299495,+0.8586,2,059003.000145,059003.000216,3380.213,3380.115,1,,sugar_component,1767,1769
29584.910808,*v,29585.629630,+0.7188,5,059003.000191,059003.000290,3379.131,3379.049,1,,sugar_component,1770,1771
29584.910808,*v,29586.199125,+1.2883,5,059003.000191,059003.000290,3379.131,3378.984,1,,sugar_component,1770,1772
29584.910808,*v,29586.619283,+1.7085,5,059003.000191,059003.000290,3379.131,3378.936,1,,sugar_component,1770,1773
29584.910808,*v,29586.890095,+1.9793,5,059003.000191,059003.000290,3379.131,3378.905,1,,sugar_component,1770,1774
29584.910808,*v,29587.109475,+2.1987,5,059003.000191,059003.000290,3379.131,3378.880,1,,sugar_component,1770,1775
29602.342237,*v,29603.070841,+0.7286,4,059003.000182,059003.000273,3377.141,3377.058,1,,sugar_component,1777,1778
29602.342237,*v,29603.640716,+1.2985,4,059003.000182,059003.000273,3377.141,3376.993,1,,sugar_component,1777,1779
29602.342237,*v,29604.079758,+1.7375,4,059003.000182,059003.000273,3377.141,3376.943,1,,sugar_component,1777,1780
29602.342237,*v,29604.317887,+1.9756,4,059003.000182,059003.000273,3377.141,3376.916,1,,sugar_component,1777,1781
29648.141627,*r,29647.290028,-0.8516,2,059003.000165,059003.000244,3371.924,3372.021,1,,sugar_component,1787,1785
29648.141627,*r,29647.668931,-0.4727,2,059003.000165,059003.000244,3371.924,3371.978,1,,sugar_component,1787,1786
29686.369194,*v,29686.711327,+0.3421,1,059003.000133,059003.000197,3367.582,3367.543,1,,sugar_component,1790,1791
29688.412139,*v,29688.969571,+0.5574,2,059003.000148,059003.000220,3367.350,3367.287,1,,sugar_component,1792,1793
29688.412139,*v,29689.461674,+1.0495,2,059003.000148,059003.000220,3367.350,3367.231,1,,sugar_component,1792,1794
29702.050008,*v,29702.472018,+0.4220,5,059003.000189,059003.000289,3365.804,3365.756,1,,sugar_component,1795,1796
29702.050008,*v,29702.870395,+0.8204,5,059003.000189,059003.000289,3365.804,3365.711,1,,sugar_component,1795,1797
29702.050008,*v,29703.250099,+1.2001,5,059003.000189,059003.000289,3365.804,3365.668,1,,sugar_component,1795,1798
29702.050008,*v,29703.611130,+1.5611,5,059003.000189,059003.000289,3365.804,3365.627,1,,sugar_component,1795,1799
29702.050008,*v,29703.859505,+1.8095,5,059003.000189,059003.000289,3365.804,3365.599,1,,sugar_component,1795,1800
29713.359065,*r,29712.782430,-0.5766,2,059003.000188,059003.000289,3364.523,3364.588,1,,sugar_component,1805,1803
29713.359065,*r,29713.077608,-0.2815,2,059003.000188,059003.000289,3364.523,3364.555,1,,sugar_component,1805,1804
29716.130874,*r,29715.230362,-0.9005,2,059003.000183,059003.000274,3364.209,3364.311,1,,sugar_component,1808,1806
29716.130874,*r,29715.638276,-0.4926,2,059003.000183,059003.000274,3364.209,3364.265,1,,sugar_component,1808,1807
29753.592357,*v,29754.780463,+1.1881,1,059003.000182,059003.000274,3359.973,3359.839,1,,sugar_component,1816,1817
29758.542794,*r,29758.260860,-0.2819,1,059003.000125,059003.000194,3359.414,3359.446,1,,sugar_component,1819,1818
29765.908757,*r,29765.189971,-0.7188,2,059003.000165,059003.000245,3358.583,3358.664,1,,sugar_component,1822,1820
29765.908757,*r,29765.518792,-0.3900,2,059003.000165,059003.000245,3358.583,3358.627,1,,sugar_component,1822,1821
29770.339786,*r,29769.258951,-1.0808,2,059003.000183,059003.000275,3358.083,3358.205,1,,sugar_component,1825,1823
29770.339786,*r,29769.728850,-0.6109,2,059003.000183,059003.000275,3358.083,3358.152,1,,sugar_component,1825,1824
29774.950071,*r,29773.681173,-1.2689,3,059003.000125,059003.000195,3357.563,3357.706,1,,sugar_component,1829,1826
29774.950071,*r,29773.939574,-1.0105,3,059003.000125,059003.000195,3357.563,3357.677,1,,sugar_component,1829,1827
29774.950071,*r,29774.461349,-0.4887,3,059003.000125,059003.000195,3357.563,3357.618,1,,sugar_component,1829,1828
29798.459616,*v,29798.920655,+0.4610,3,059003.000139,059003.000205,3354.914,3354.862,1,,sugar_component,1831,1832
29798.459616,*v,29799.320485,+0.8609,3,059003.000139,059003.000205,3354.914,3354.817,1,,sugar_component,1831,1833
29798.459616,*v,29799.701571,+1.2420,3,059003.000139,059003.000205,3354.914,3354.774,1,,sugar_component,1831,1834
29807.770164,*v,29808.330114,+0.5599,1,059003.000182,059003.000275,3353.866,3353.803,1,,sugar_component,1835,1836
29882.832411,*r,29882.450144,-0.3823,1,059003.000140,059003.000207,3345.441,3345.484,1,,sugar_component,1845,1844
29883.332526,*v,29883.860869,+0.5283,5,059003.000161,059003.000243,3345.385,3345.326,1,,sugar_component,1846,1847
29883.332526,*v,29884.318409,+0.9859,5,059003.000161,059003.000243,3345.385,3345.275,1,,sugar_component,1846,1848
29883.332526,*v,29884.691296,+1.3588,5,059003.000161,059003.000243,3345.385,3345.233,1,,sugar_component,1846,1849
29883.332526,*v,29884.988403,+1.6559,5,059003.000161,059003.000243,3345.385,3345.200,1,,sugar_component,1846,1850
29883.332526,*v,29885.172631,+1.8401,5,059003.000161,059003.000243,3345.385,3345.179,1,,sugar_component,1846,1851
29911.791938,*r,29911.489563,-0.3024,1,059003.000149,059003.000221,3342.202,3342.236,1,,sugar_component,1855,1854
29916.448846,*v,29916.850431,+0.4016,3,059003.000142,059003.000209,3341.682,3341.637,1,,sugar_component,1857,1858
29916.448846,*v,29917.072548,+0.6237,3,059003.000142,059003.000209,3341.682,3341.612,1,,sugar_component,1857,1859
29916.448846,*v,29917.317953,+0.8691,3,059003.000142,059003.000209,3341.682,3341.585,1,,sugar_component,1857,1860
29918.669021,*v,29919.018573,+0.3496,2,059003.000139,059003.000206,3341.434,3341.395,1,,sugar_component,1861,1862
29918.669021,*v,29919.330452,+0.6614,2,059003.000139,059003.000206,3341.434,3341.360,1,,sugar_component,1861,1863
29926.299227,*v,29926.719802,+0.4206,4,059003.000161,059003.000244,3340.582,3340.535,1,,sugar_component,1864,1865
29926.299227,*v,29927.102695,+0.8035,4,059003.000161,059003.000244,3340.582,3340.492,1,,sugar_component,1864,1866
29926.299227,*v,29927.400274,+1.1010,4,059003.000161,059003.000244,3340.582,3340.459,1,,sugar_component,1864,1867
29926.299227,*v,29927.641322,+1.3421,4,059003.000161,059003.000244,3340.582,3340.432,1,,sugar_component,1864,1868
29936.261856,*v,29936.918747,+0.6569,2,059003.000187,059003.000288,3339.470,3339.397,1,,sugar_component,1869,1870
29936.261856,*v,29937.500246,+1.2384,2,059003.000187,059003.000288,3339.470,3339.332,1,,sugar_component,1869,1871
29992.051107,*v,29992.411055,+0.3599,2,059003.000145,059003.000217,3333.258,3333.218,1,,sugar_component,1875,1876
29992.051107,*v,29992.737696,+0.6866,2,059003.000145,059003.000217,3333.258,3333.182,1,,sugar_component,1875,1877
30004.969454,*v,30005.429054,+0.4596,2,059003.000148,059003.000221,3331.823,3331.772,1,,sugar_component,1878,1879
30004.969454,*v,30005.831956,+0.8625,2,059003.000148,059003.000221,3331.823,3331.727,1,,sugar_component,1878,1880
30031.800932,*v,30032.090208,+0.2893,2,059003.000145,059003.000218,3328.846,3328.814,1,,sugar_component,1881,1882
30031.800932,*v,30032.317750,+0.5168,2,059003.000145,059003.000218,3328.846,3328.789,1,,sugar_component,1881,1883
30044.049288,*v,30044.580779,+0.5315,3,059003.000161,059003.000245,3327.489,3327.430,1,,sugar_component,1885,1886
30044.049288,*v,30045.041048,+0.9918,3,059003.000161,059003.000245,3327.489,3327.379,1,,sugar_component,1885,1887
30044.049288,*v,30045.411163,+1.3619,3,059003.000161,059003.000245,3327.489,3327.338,1,,sugar_component,1885,1888
30091.850331,*v,30092.349327,+0.4990,1,059003.000191,059003.000292,3322.203,3322.148,1,,sugar_component,1893,1894
30108.770255,*v,30109.222116,+0.4519,3,059003.000142,059003.000211,3320.336,3320.286,1,,sugar_component,1896,1897
30108.770255,*v,30109.588123,+0.8179,3,059003.000142,059003.000211,3320.336,3320.246,1,,sugar_component,1896,1898
30108.770255,*v,30109.849758,+1.0795,3,059003.000142,059003.000211,3320.336,3320.217,1,,sugar_component,1896,1899
30238.092069,*r,30236.959875,-1.1322,2,059003.000140,059003.000209,3306.135,3306.259,1,,sugar_component,1908,1906
30238.092069,*r,30237.480570,-0.6115,2,059003.000140,059003.000209,3306.135,3306.202,1,,sugar_component,1908,1907
30330.198272,*v,30330.528954,+0.3307,4,059003.000189,059003.000291,3296.095,3296.059,1,,sugar_component,1914,1915
30330.198272,*v,30330.811800,+0.6135,4,059003.000189,059003.000291,3296.095,3296.028,1,,sugar_component,1914,1916
30330.198272,*v,30331.118371,+0.9201,4,059003.000189,059003.000291,3296.095,3295.995,1,,sugar_component,1914,1917
30330.198272,*v,30331.367536,+1.1693,4,059003.000189,059003.000291,3296.095,3295.968,1,,sugar_component,1914,1918
30341.461995,*r,30340.081348,-1.3806,4,059003.000188,059003.000291,3294.871,3295.021,1,,sugar_component,1923,1919
30341.461995,*r,30340.388021,-1.0740,4,059003.000188,059003.000291,3294.871,3294.988,1,,sugar_component,1923,1920
30341.461995,*r,30340.718823,-0.7432,4,059003.000188,059003.000291,3294.871,3294.952,1,,sugar_component,1923,1921
30341.461995,*r,30341.078344,-0.3837,4,059003.000188,059003.000291,3294.871,3294.913,1,,sugar_component,1923,1922
30350.552751,*r,30349.301107,-1.2516,4,059003.000141,059003.000212,3293.884,3294.020,1,,sugar_component,1928,1924
30350.552751,*r,30349.502562,-1.0502,4,059003.000141,059003.000212,3293.884,3293.998,1,,sugar_component,1928,1925
30350.552751,*r,30349.790190,-0.7626,4,059003.000141,059003.000212,3293.884,3293.967,1,,sugar_component,1928,1926
30350.552751,*r,30350.168976,-0.3838,4,059003.000141,059003.000212,3293.884,3293.926,1,,sugar_component,1928,1927
30353.319735,*v,30353.799312,+0.4796,4,059003.000161,059003.000248,3293.584,3293.532,1,,sugar_component,1929,1930
30353.319735,*v,30354.211864,+0.8921,4,059003.000161,059003.000248,3293.584,3293.487,1,,sugar_component,1929,1931
30353.319735,*v,30354.561981,+1.2422,4,059003.000161,059003.000248,3293.584,3293.449,1,,sugar_component,1929,1932
30353.319735,*v,30354.830508,+1.5108,4,059003.000161,059003.000248,3293.584,3293.420,1,,sugar_component,1929,1933
30362.548439,*r,30362.179064,-0.3694,1,059003.000134,059003.000199,3292.583,3292.623,1,,sugar_component,1935,1934
30411.840259,*r,30410.749399,-1.0909,3,059003.000165,059003.000251,3287.246,3287.364,1,,sugar_component,1941,1938
30411.840259,*r,30410.980080,-0.8602,3,059003.000165,059003.000251,3287.246,3287.339,1,,sugar_component,1941,1939
30411.840259,*r,30411.407674,-0.4326,3,059003.000165,059003.000251,3287.246,3287.293,1,,sugar_component,1941,1940
30525.219004,*r,30524.669066,-0.5499,2,059003.000149,059003.000222,3275.036,3275.095,1,,sugar_component,1948,1946
30525.219004,*r,30524.929579,-0.2894,2,059003.000149,059003.000222,3275.036,3275.067,1,,sugar_component,1948,1947
30566.450347,*r,30565.672668,-0.7777,2,059003.000183,059003.000440,3270.618,3270.701,1,,sugar_component,1952,1950
30566.450347,*r,30565.972156,-0.4782,2,059003.000183,059003.000440,3270.618,3270.669,1,,sugar_component,1952,1951
30611.101561,*r,30610.428993,-0.6726,2,059003.000134,059003.000200,3265.847,3265.919,1,,sugar_component,1955,1953
30611.101561,*r,30610.757947,-0.3436,2,059003.000134,059003.000200,3265.847,3265.884,1,,sugar_component,1955,1954
30623.547692,*v,30623.930139,+0.3824,3,059003.000133,059003.000199,3264.520,3264.479,1,,sugar_component,1956,1957
30623.547692,*v,30624.278590,+0.7309,3,059003.000133,059003.000199,3264.520,3264.442,1,,sugar_component,1956,1958
30623.547692,*v,30624.801428,+1.2537,3,059003.000133,059003.000199,3264.520,3264.386,1,,sugar_component,1956,1960
30631.472205,*v,30631.917480,+0.4453,4,059003.000148,059003.000223,3263.675,3263.628,1,,sugar_component,1962,1963
30631.472205,*v,30632.319385,+0.8472,4,059003.000148,059003.000223,3263.675,3263.585,1,,sugar_component,1962,1964
30631.472205,*v,30632.658264,+1.1861,4,059003.000148,059003.000223,3263.675,3263.549,1,,sugar_component,1962,1965
30631.472205,*v,30632.900411,+1.4282,4,059003.000148,059003.000223,3263.675,3263.523,1,,sugar_component,1962,1966
30644.198113,*v,30644.730989,+0.5329,4,059003.000148,059003.000224,3262.320,3262.263,1,,sugar_component,1967,1968
30644.198113,*v,30645.191139,+0.9930,4,059003.000148,059003.000224,3262.320,3262.214,1,,sugar_component,1967,1969
30644.198113,*v,30645.588238,+1.3901,4,059003.000148,059003.000224,3262.320,3262.172,1,,sugar_component,1967,1970
30644.198113,*v,30645.888561,+1.6904,4,059003.000148,059003.000224,3262.320,3262.140,1,,sugar_component,1967,1971
30684.581784,*r,30683.849360,-0.7324,2,059003.000141,059003.000213,3258.026,3258.104,1,,sugar_component,1976,1974
30684.581784,*r,30684.188846,-0.3929,2,059003.000141,059003.000213,3258.026,3258.068,1,,sugar_component,1976,1975
30689.961000,*v,30690.431563,+0.4706,3,059003.000161,059003.000251,3257.455,3257.405,1,,sugar_component,1977,1978
30689.961000,*v,30690.838981,+0.8780,3,059003.000161,059003.000251,3257.455,3257.362,1,,sugar_component,1977,1979
30689.961000,*v,30691.149468,+1.1885,3,059003.000161,059003.000251,3257.455,3257.329,1,,sugar_component,1977,1980
30704.430072,*r,30703.789422,-0.6406,2,059003.000165,059003.000253,3255.920,3255.988,1,,sugar_component,1983,1981
30704.430072,*r,30704.070952,-0.3591,2,059003.000165,059003.000253,3255.920,3255.958,1,,sugar_component,1983,1982
30879.978742,*r,30879.158606,-0.8201,2,059003.000150,059003.000229,3237.410,3237.496,1,,sugar_component,1989,1987
30879.978742,*r,30879.549155,-0.4296,2,059003.000150,059003.000229,3237.410,3237.455,1,,sugar_component,1989,1988
30959.671907,*r,30959.309657,-0.3623,1,059003.000165,059003.000255,3229.076,3229.114,1,,sugar_component,1991,1990
30982.558236,*v,30983.141207,+0.5830,2,059003.000161,059003.000253,3226.691,3226.630,1,,sugar_component,1992,1993
30982.558236,*v,30983.601676,+1.0434,2,059003.000161,059003.000253,3226.691,3226.582,1,,sugar_component,1992,1994
31056.780876,*v,31057.188394,+0.4075,3,059003.000139,059003.000212,3218.979,3218.937,1,,sugar_component,1997,1998
31056.780876,*v,31057.512554,+0.7317,3,059003.000139,059003.000212,3218.979,3218.903,1,,sugar_component,1997,1999
31056.780876,*v,31057.831721,+1.0508,3,059003.000139,059003.000212,3218.979,3218.870,1,,sugar_component,1997,2000
31157.559626,*v,31158.062173,+0.5025,2,059003.000142,059003.000217,3208.567,3208.515,1,,sugar_component,2004,2005
31157.559626,*v,31158.382407,+0.8228,2,059003.000142,059003.000217,3208.567,3208.482,1,,sugar_component,2004,2006
31237.809067,*v,31238.337569,+0.5285,5,059003.000161,059003.000255,3200.324,3200.270,1,,sugar_component,2008,2009
31237.809067,*v,31238.821690,+1.0126,5,059003.000161,059003.000255,3200.324,3200.220,1,,sugar_component,2008,2010
31237.809067,*v,31239.162531,+1.3535,5,059003.000161,059003.000255,3200.324,3200.185,1,,sugar_component,2008,2011
31237.809067,*v,31239.458866,+1.6498,5,059003.000161,059003.000255,3200.324,3200.155,1,,sugar_component,2008,2012
31237.809067,*v,31239.671300,+1.8622,5,059003.000161,059003.000255,3200.324,3200.133,1,,sugar_component,2008,2013
31246.281314,*r,31245.940394,-0.3409,1,059003.000134,059003.000203,3199.456,3199.491,1,,sugar_component,2017,2016
31248.010616,*r,31247.719080,-0.2915,1,059003.000150,059003.000237,3199.279,3199.309,1,,sugar_component,2019,2018
31280.969992,*v,31281.390435,+0.4204,1,059003.000127,059003.000196,3195.908,3195.865,1,,sugar_component,2020,2021
31319.530577,*v,31320.010972,+0.4804,1,059003.000142,059003.000220,3191.973,3191.924,1,,sugar_component,2023,2024
31391.379589,*r,31390.600270,-0.7793,2,,,3184.667,3184.746,0,,sugar_component,2027,2025
31391.379589,*r,31390.957646,-0.4219,2,,,3184.667,3184.71,0,,sugar_component,2027,2026
31455.370391,*v,31455.748414,+0.3780,3,059003.000139,059003.000214,3178.188,3178.15,1,,sugar_component,2032,2033
31455.370391,*v,31456.091649,+0.7213,3,059003.000139,059003.000214,3178.188,3178.115,1,,sugar_component,2032,2034
31455.370391,*v,31456.400043,+1.0297,3,059003.000139,059003.000214,3178.188,3178.084,1,,sugar_component,2032,2035
31468.758526,*r,31468.559482,-0.1990,1,059003.000149,059003.000231,3176.836,3176.856,1,,sugar_component,2037,2036
31507.278217,*v,31507.691766,+0.4135,2,059003.000133,059003.000203,3172.952,3172.91,1,,sugar_component,2039,2040
31507.278217,*v,31508.060462,+0.7822,2,059003.000133,059003.000203,3172.952,3172.873,1,,sugar_component,2039,2041
31558.079290,*v,31558.538408,+0.4591,1,,,3167.844,3167.798,0,,sugar_component,2048,2049
31564.078310,*r,31563.748884,-0.3294,1,059003.000134,059003.000205,3167.242,3167.275,1,,sugar_component,2051,2050
31623.101191,*r,31622.731143,-0.3700,1,059003.000190,059003.000293,3161.33,3161.367,1,,sugar_component,2054,2055
31734.797938,*r,31734.411517,-0.3864,1,059003.000140,059003.000431,3150.203,3150.241,1,,sugar_component,2062,2061
31758.232010,*v,31758.719160,+0.4872,2,059003.000148,059003.000237,3147.878,3147.83,1,,sugar_component,2063,2064
31758.232010,*v,31759.141009,+0.9090,2,059003.000148,059003.000237,3147.878,3147.788,1,,sugar_component,2063,2065
31802.089137,*v,31802.501495,+0.4124,3,059003.000133,059003.000204,3143.537,3143.496,1,,sugar_component,2068,2069
31802.089137,*v,31802.868629,+0.7795,3,059003.000133,059003.000204,3143.537,3143.46,1,,sugar_component,2068,2070
31802.089137,*v,31803.160304,+1.0712,3,059003.000133,059003.000204,3143.537,3143.431,1,,sugar_component,2068,2071
31945.147949,*v,31945.602525,+0.4546,3,059003.000133,059003.000206,3129.459,3129.414,1,,sugar_component,2077,2078
31945.147949,*v,31945.900580,+0.7526,3,059003.000133,059003.000206,3129.459,3129.385,1,,sugar_component,2077,2079
31945.147949,*v,31946.198638,+1.0507,3,059003.000133,059003.000206,3129.459,3129.356,1,,sugar_component,2077,2080
32014.840572,*v,32015.468324,+0.6278,3,059003.000182,059003.000279,3122.646,3122.585,1,,sugar_component,2082,2083
32014.840572,*v,32015.959361,+1.1188,3,059003.000182,059003.000279,3122.646,3122.537,1,,sugar_component,2082,2084
32014.840572,*v,32016.389664,+1.5491,3,059003.000182,059003.000279,3122.646,3122.495,1,,sugar_component,2082,2085
32027.321372,*v,32027.721444,+0.4001,1,059003.000145,059003.000231,3121.429,3121.39,1,,sugar_component,2087,2088
32069.609532,*r,32069.290067,-0.3195,1,059003.000150,059003.000239,3117.313,3117.344,1,,sugar_component,2091,2090
32105.408645,*v,32105.850266,+0.4416,3,,,3113.837,3113.794,2,059003.000142+059003.000432;059003.000139+059003.000219,sugar_component,2092,2093
32105.408645,*v,32106.200536,+0.7919,3,,,3113.837,3113.76,2,059003.000142+059003.000432;059003.000139+059003.000219,sugar_component,2092,2094
32105.408645,*v,32106.510208,+1.1016,3,,,3113.837,3113.73,2,059003.000142+059003.000432;059003.000139+059003.000219,sugar_component,2092,2095
32237.589677,*r,32236.932135,-0.6575,2,059003.000134,059003.000208,3101.069,3101.132,1,,sugar_component,2103,2101
32237.589677,*r,32237.227837,-0.3618,2,059003.000134,059003.000208,3101.069,3101.104,1,,sugar_component,2103,2102
32264.588822,*v,32265.348890,+0.7601,2,059003.000187,059003.000293,3098.474,3098.401,1,,sugar_component,2105,2106
32264.588822,*v,32265.899805,+1.3110,2,059003.000187,059003.000293,3098.474,3098.348,1,,sugar_component,2105,2107
32275.231335,*v,32275.772210,+0.5409,2,059003.000142,059003.000224,3097.452,3097.4,1,,sugar_component,2108,2109
32275.231335,*v,32276.200877,+0.9695,2,059003.000142,059003.000224,3097.452,3097.359,1,,sugar_component,2108,2110
32294.918487,*r,32294.668309,-0.2502,1,,,3095.564,3095.588,2,059003.000149+059003.000238;059003.000165+059003.000258,sugar_component,2112,2111
32414.850666,*v,32415.199159,+0.3485,1,059003.000145,059003.000235,3084.110,3084.077,1,,sugar_component,2125,2126
32455.967873,*r,32455.321324,-0.6465,2,059003.000141,059003.000223,3080.203,3080.264,1,,sugar_component,2134,2132
32455.967873,*r,32455.618962,-0.3489,2,059003.000141,059003.000223,3080.203,3080.236,1,,sugar_component,2134,2133
32468.232215,*r,32467.811375,-0.4208,1,059003.000183,059003.000280,3079.039,3079.079,1,,sugar_component,2136,2135
32471.968988,*v,32472.271764,+0.3028,2,059003.000127,059003.000199,3078.685,3078.656,1,,sugar_component,2137,2138
32471.968988,*v,32472.538772,+0.5698,2,059003.000127,059003.000199,3078.685,3078.631,1,,sugar_component,2137,2139
32500.711217,*r,32499.771070,-0.9401,3,059003.000141,059003.000225,3075.962,3076.051,1,,sugar_component,2144,2141
32500.711217,*r,32500.028028,-0.6832,3,059003.000141,059003.000225,3075.962,3076.027,1,,sugar_component,2144,2142
32500.711217,*r,32500.382384,-0.3288,3,059003.000141,059003.000225,3075.962,3075.993,1,,sugar_component,2144,2143
32530.388467,*r,32530.187943,-0.2005,1,059003.000150,059003.000433,3073.156,3073.175,1,,sugar_component,2147,2146
32561.718343,*r,32561.219077,-0.4993,1,,,3070.199,3070.246,3,059003.000123+059003.000196;059003.000192+059003.000654;059003.000330+059003.000521,sugar_component,2151,2150
32565.079393,*r,32564.312347,-0.7670,2,059003.000192,059003.000643,3069.882,3069.954,1,,sugar_component,2154,2152
32565.079393,*r,32564.621221,-0.4582,2,059003.000192,059003.000643,3069.882,3069.925,1,,sugar_component,2154,2153
32571.138457,*r,32570.221957,-0.9165,2,059003.000140,059003.000222,3069.311,3069.397,1,,sugar_component,2158,2156
32571.138457,*r,32570.639054,-0.4994,2,059003.000140,059003.000222,3069.311,3069.358,1,,sugar_component,2158,2157
32598.760236,*r,32598.451057,-0.3092,1,059003.000134,059003.000210,3066.710,3066.739,1,,sugar_component,2164,2163
32656.611314,*v,32657.199774,+0.5885,3,059003.000182,059003.000281,3061.277,3061.222,1,,sugar_component,2168,2169
32656.611314,*v,32657.679797,+1.0685,3,059003.000182,059003.000281,3061.277,3061.177,1,,sugar_component,2168,2170
32656.611314,*v,32658.051378,+1.4401,3,059003.000182,059003.000281,3061.277,3061.142,1,,sugar_component,2168,2171
32681.978971,*r,32681.302209,-0.6768,2,059003.000141,059003.000226,3058.901,3058.964,1,,sugar_component,2175,2173
32681.978971,*r,32681.601806,-0.3772,2,059003.000141,059003.000226,3058.901,3058.936,1,,sugar_component,2175,2174
32720.508219,*v,32720.839142,+0.3309,2,059003.000127,059003.000200,3055.299,3055.268,1,,sugar_component,2181,2182
32720.508219,*v,32721.118416,+0.6102,2,059003.000127,059003.000200,3055.299,3055.242,1,,sugar_component,2181,2183
32774.098114,*r,32773.750988,-0.3471,1,059003.000134,059003.000211,3050.303,3050.335,1,,sugar_component,2191,2190
32777.159207,*r,32776.418528,-0.7407,2,059003.000192,059003.000449,3050.018,3050.087,1,,sugar_component,2194,2192
32777.159207,*r,32776.708590,-0.4506,2,059003.000192,059003.000449,3050.018,3050.060,1,,sugar_component,2194,2193
32798.102359,*v,32798.859210,+0.7569,3,059003.000187,059003.000294,3048.070,3048.000,1,,sugar_component,2195,2196
32798.102359,*v,32799.470763,+1.3684,3,059003.000187,059003.000294,3048.070,3047.943,1,,sugar_component,2195,2197
32798.102359,*v,32799.740309,+1.6380,3,059003.000187,059003.000294,3048.070,3047.918,1,,sugar_component,2195,2198
32809.807785,*r,32809.138909,-0.6689,2,059003.000165,059003.000261,3046.983,3047.045,1,,sugar_component,2204,2202
32809.807785,*r,32809.449950,-0.3578,2,059003.000165,059003.000261,3046.983,3047.016,1,,sugar_component,2204,2203
32822.419461,*r,32821.739988,-0.6795,2,059003.000134,059003.000212,3045.812,3045.875,1,,sugar_component,2207,2205
32822.419461,*r,32822.051139,-0.3683,2,059003.000134,059003.000212,3045.812,3045.846,1,,sugar_component,2207,2206
32859.768673,*v,32860.209975,+0.4413,3,059003.000133,059003.000210,3042.35,3042.309,1,,sugar_component,2214,2215
32859.768673,*v,32860.599433,+0.8308,3,059003.000133,059003.000210,3042.35,3042.273,1,,sugar_component,2214,2216
32859.768673,*v,32860.942033,+1.1734,3,059003.000133,059003.000210,3042.35,3042.241,1,,sugar_component,2214,2217
32865.911693,*r,32865.111922,-0.7998,2,059003.000165,059003.000262,3041.781,3041.855,1,,sugar_component,2220,2218
32865.911693,*r,32865.491063,-0.4206,2,059003.000165,059003.000262,3041.781,3041.82,1,,sugar_component,2220,2219
32947.518162,*r,32947.299465,-0.2187,1,059003.000149,059003.000433,3034.247,3034.267,1,,sugar_component,2229,2228
32948.632027,*v,32949.001662,+0.3696,3,059003.000189,059003.000296,3034.144,3034.11,1,,sugar_component,2230,2231
32948.632027,*v,32949.360906,+0.7289,3,059003.000189,059003.000296,3034.144,3034.077,1,,sugar_component,2230,2232
32948.632027,*v,32949.678577,+1.0465,3,059003.000189,059003.000296,3034.144,3034.048,1,,sugar_component,2230,2233
32957.701854,*r,32957.300940,-0.4009,1,059003.000125,059003.000199,3033.309,3033.346,1,,sugar_component,2235,2234
32959.988080,*r,32959.258984,-0.7291,2,059003.000188,059003.000296,3033.099,3033.166,1,,sugar_component,2238,2236
32959.988080,*r,32959.607934,-0.3801,2,059003.000188,059003.000296,3033.099,3033.134,1,,sugar_component,2238,2237
33000.490384,*r,33000.198504,-0.2919,1,059003.000150,059003.000248,3029.376,3029.403,1,,sugar_component,2245,2244
33021.148208,*v,33021.680234,+0.5320,1,059003.000142,059003.000229,3027.481,3027.432,1,,sugar_component,2247,2248
33040.758644,*v,33041.259698,+0.5011,4,059003.000148,059003.000243,3025.684,3025.638,1,,sugar_component,2254,2255
33040.758644,*v,33041.719080,+0.9604,4,059003.000148,059003.000243,3025.684,3025.596,1,,sugar_component,2254,2256
33040.758644,*v,33042.110510,+1.3519,4,059003.000148,059003.000243,3025.684,3025.56,1,,sugar_component,2254,2257
33040.758644,*v,33042.470684,+1.7120,4,059003.000148,059003.000243,3025.684,3025.527,1,,sugar_component,2254,2258
33045.368066,*v,33045.691570,+0.3235,1,059003.000145,059003.000239,3025.262,3025.232,1,,sugar_component,2260,2261
33056.149987,*r,33055.429370,-0.7206,2,059003.000188,059003.000297,3024.275,3024.341,1,,sugar_component,2265,2263
33056.149987,*r,33055.779253,-0.3707,2,059003.000188,059003.000297,3024.275,3024.309,1,,sugar_component,2265,2264
33083.529984,*v,33083.838413,+0.3084,3,,,3021.772,3021.744,2,059003.000148+059003.000244;059003.000133+059003.000212,sugar_component,2268,2269
33083.529984,*v,33084.251157,+0.7212,3,,,3021.772,3021.706,2,059003.000148+059003.000244;059003.000133+059003.000212,sugar_component,2268,2270
33083.529984,*v,33084.590886,+1.0609,3,,,3021.772,3021.675,2,059003.000148+059003.000244;059003.000133+059003.000212,sugar_component,2268,2271
33108.248615,*r,33107.641783,-0.6068,2,059003.000149,059003.000245,3019.516,3019.571,1,,sugar_component,2275,2273
33108.248615,*r,33107.971292,-0.2773,2,059003.000149,059003.000245,3019.516,3019.541,1,,sugar_component,2275,2274
33117.187851,*v,33117.742158,+0.5543,2,059003.000191,059003.000300,3018.701,3018.65,1,,sugar_component,2276,2277
33117.187851,*v,33118.218410,+1.0306,2,059003.000191,059003.000300,3018.701,3018.607,1,,sugar_component,2276,2278
33143.998288,*v,33144.469416,+0.4711,1,059003.000161,059003.000262,3016.259,3016.216,1,,sugar_component,2279,2280
33156.361048,*r,33155.669806,-0.6912,2,059003.000134,059003.000213,3015.134,3015.197,1,,sugar_component,2283,2281
33156.361048,*r,33156.031101,-0.3299,2,059003.000134,059003.000213,3015.134,3015.164,1,,sugar_component,2283,2282
33162.180144,*v,33162.620148,+0.4400,2,059003.000139,059003.000223,3014.605,3014.565,1,,sugar_component,2285,2286
33162.180144,*v,33163.018346,+0.8382,2,059003.000139,059003.000223,3014.605,3014.529,1,,sugar_component,2285,2287
33177.531124,*v,33177.850807,+0.3197,2,059003.000127,059003.000202,3013.21,3013.181,1,,sugar_component,2290,2291
33177.531124,*v,33178.091816,+0.5607,2,059003.000127,059003.000202,3013.21,3013.159,1,,sugar_component,2290,2292
33185.848778,*r,33185.471248,-0.3775,1,059003.000150,059003.000250,3012.455,3012.489,1,,sugar_component,2294,2293
33192.889030,*v,33193.408113,+0.5191,2,059003.000142,059003.000231,3011.816,3011.769,1,,sugar_component,2295,2296
33192.889030,*v,33193.848491,+0.9595,2,059003.000142,059003.000231,3011.816,3011.729,1,,sugar_component,2295,2297
33198.771717,*v,33199.448331,+0.6766,2,,,3011.282,3011.221,2,059003.000448+059003.000655;059003.000187+059003.000295,sugar_component,2298,2299
33198.771717,*v,33199.951557,+1.1798,2,,,3011.282,3011.175,2,059003.000448+059003.000655;059003.000187+059003.000295,sugar_component,2298,2300
33234.551447,*v,33235.029230,+0.4778,3,059003.000148,059003.000246,3008.04,3007.997,1,,sugar_component,2303,2304
33234.551447,*v,33235.449160,+0.8977,3,059003.000148,059003.000246,3008.04,3007.959,1,,sugar_component,2303,2305
33234.551447,*v,33236.000261,+1.4488,3,059003.000148,059003.000246,3008.04,3007.909,1,,sugar_component,2303,2306
33241.008453,*r,33240.698694,-0.3098,1,059003.000134,059003.000215,3007.456,3007.484,1,,sugar_component,2308,2307
33251.919488,*r,33251.210476,-0.7090,2,059003.000165,059003.000264,3006.469,3006.533,1,,sugar_component,2311,2309
33251.919488,*r,33251.541277,-0.3782,2,059003.000165,059003.000264,3006.469,3006.503,1,,sugar_component,2311,2310
33269.311679,*r,33269.001683,-0.3100,1,059003.000141,059003.000230,3004.897,3004.925,1,,sugar_component,2313,2312
33275.859157,*v,33276.431825,+0.5727,2,059003.000191,059003.000654,3004.306,3004.254,1,,sugar_component,2314,2315
33275.859157,*v,33276.941601,+1.0824,2,059003.000191,059003.000654,3004.306,3004.208,1,,sugar_component,2314,2316
33279.227954,*r,33278.318691,-0.9093,2,059003.000192,059003.000302,3004.002,3004.084,1,,sugar_component,2319,2317
33279.227954,*r,33278.718146,-0.5098,2,059003.000192,059003.000302,3004.002,3004.048,1,,sugar_component,2319,2318
33283.028012,*v,33283.590305,+0.5623,2,059003.000142,059003.000233,3003.659,3003.608,1,,sugar_component,2320,2321
33283.028012,*v,33284.021272,+0.9933,2,059003.000142,059003.000233,3003.659,3003.569,1,,sugar_component,2320,2322
33288.079543,*v,33288.542021,+0.4625,2,059003.000161,059003.000263,3003.203,3003.161,1,,sugar_component,2323,2324
33288.079543,*v,33288.931100,+0.8516,2,059003.000161,059003.000263,3003.203,3003.126,1,,sugar_component,2323,2325
33318.509744,*r,33318.130849,-0.3789,1,059003.000125,059003.000201,3000.460,3000.494,1,,sugar_component,2335,2334
33337.051034,*r,33336.771970,-0.2791,1,059003.000150,059003.000251,2998.791,2998.816,1,,sugar_component,2337,2336
33355.681170,*v,33355.991889,+0.3107,2,059003.000127,059003.000203,2997.116,2997.088,1,,sugar_component,2340,2341
33355.681170,*v,33356.229079,+0.5479,2,059003.000127,059003.000203,2997.116,2997.067,1,,sugar_component,2340,2342
33388.152056,*v,33388.589771,+0.4377,2,059003.000139,059003.000226,2994.201,2994.162,1,,sugar_component,2349,2350
33388.152056,*v,33388.969383,+0.8173,2,059003.000139,059003.000226,2994.201,2994.128,1,,sugar_component,2349,2351
33417.349882,*v,33417.740306,+0.3904,2,059003.000133,059003.000213,2991.585,2991.550,1,,sugar_component,2354,2355
33417.349882,*v,33418.088651,+0.7388,2,059003.000133,059003.000213,2991.585,2991.519,1,,sugar_component,2354,2356
33481.890610,*v,33482.281702,+0.3911,5,059003.000133,059003.000214,2985.818,2985.783,1,,sugar_component,2361,2362
33481.890610,*v,33482.630648,+0.7400,5,059003.000133,059003.000214,2985.818,2985.752,1,,sugar_component,2361,2363
33481.890610,*v,33482.889725,+0.9991,5,059003.000133,059003.000214,2985.818,2985.729,1,,sugar_component,2361,2364
33481.890610,*v,33483.069469,+1.1789,5,059003.000133,059003.000214,2985.818,2985.713,1,,sugar_component,2361,2365
33481.890610,*v,33483.228139,+1.3375,5,059003.000133,059003.000214,2985.818,2985.699,1,,sugar_component,2361,2366
33501.998862,*v,33502.437908,+0.4390,3,059003.000133,059003.000215,2984.026,2983.987,1,,sugar_component,2371,2372
33501.998862,*v,33502.850298,+0.8514,3,059003.000133,059003.000215,2984.026,2983.950,1,,sugar_component,2371,2373
33501.998862,*v,33503.209977,+1.2111,3,059003.000133,059003.000215,2984.026,2983.918,1,,sugar_component,2371,2374
33506.108619,*v,33506.510505,+0.4019,1,,,2983.660,2983.624,2,059003.000145+059003.000243;059003.000145+059003.000433,sugar_component,2375,2376
33510.631296,*v,33511.091533,+0.4602,2,059003.000148,059003.000248,2983.257,2983.216,1,,sugar_component,2377,2378
33510.631296,*v,33511.541230,+0.9099,2,059003.000148,059003.000248,2983.257,2983.176,1,,sugar_component,2377,2379
33522.107861,*r,33521.520301,-0.5876,1,059003.000183,059003.000285,2982.236,2982.288,1,,sugar_component,2383,2382
33530.078362,*v,33530.581035,+0.5027,2,059003.000161,059003.000264,2981.527,2981.482,1,,sugar_component,2385,2386
33530.078362,*v,33530.988763,+0.9104,2,059003.000161,059003.000264,2981.527,2981.446,1,,sugar_component,2385,2387
33541.211320,*v,33541.598056,+0.3867,2,059003.000139,059003.000227,2980.537,2980.503,1,,sugar_component,2391,2392
33541.211320,*v,33541.968656,+0.7573,2,059003.000139,059003.000227,2980.537,2980.470,1,,sugar_component,2391,2393
33559.562335,*v,33560.118812,+0.5565,2,059003.000182,059003.000285,2978.907,2978.858,1,,sugar_component,2397,2398
33559.562335,*v,33560.621880,+1.0595,2,059003.000182,059003.000285,2978.907,2978.813,1,,sugar_component,2397,2399
33580.361125,*v,33580.859493,+0.4984,1,059003.000142,059003.000235,2977.062,2977.018,1,,sugar_component,2400,2401
33588.429617,*v,33589.028780,+0.5992,2,059003.000182,059003.000286,2976.347,2976.294,1,,sugar_component,2403,2404
33588.429617,*v,33589.479399,+1.0498,2,059003.000182,059003.000286,2976.347,2976.254,1,,sugar_component,2403,2405
33604.630169,*r,33604.189941,-0.4402,1,059003.000140,059003.000233,2974.912,2974.951,1,,sugar_component,2409,2408
33663.289372,*r,33662.550791,-0.7386,2,059003.000125,059003.000202,2969.728,2969.793,1,,sugar_component,2418,2416
33663.289372,*r,33662.859055,-0.4303,2,059003.000125,059003.000202,2969.728,2969.766,1,,sugar_component,2418,2417
33666.870351,*v,33667.279542,+0.4092,2,059003.000145,059003.000245,2969.412,2969.376,1,,sugar_component,2419,2420
33666.870351,*v,33667.609015,+0.7387,2,059003.000145,059003.000245,2969.412,2969.347,1,,sugar_component,2419,2421
33673.438441,*v,33673.842076,+0.4036,1,059003.000127,059003.000205,2968.833,2968.797,1,,sugar_component,2422,2423
33718.691890,*v,33719.048640,+0.3567,1,059003.000145,059003.000247,2964.848,2964.817,1,,sugar_component,2426,2427
33735.281457,*v,33735.808692,+0.5272,1,059003.000142,059003.000236,2963.390,2963.344,1,,sugar_component,2431,2432
33847.280310,*v,33847.739608,+0.4593,1,059003.000148,059003.000251,2953.584,2953.544,1,,sugar_component,2449,2450
33870.500678,*r,33870.212028,-0.2886,1,059003.000134,059003.000219,2951.559,2951.584,1,,sugar_component,2455,2454
33874.000774,*v,33874.588769,+0.5880,2,059003.000191,059003.000656,2951.254,2951.203,1,,sugar_component,2456,2457
33874.000774,*v,33875.010789,+1.0100,2,059003.000191,059003.000656,2951.254,2951.166,1,,sugar_component,2456,2458
33932.398118,*r,33932.028746,-0.3694,1,059003.000141,059003.000234,2946.175,2946.207,1,,sugar_component,2464,2463
33975.618308,*v,33976.079104,+0.4608,1,059003.000139,059003.000230,2942.427,2942.387,1,,sugar_component,2474,2475
33993.301121,*v,33993.890900,+0.5898,2,059003.000191,059003.000302,2940.896,2940.845,1,,sugar_component,2476,2477
33993.301121,*v,33994.378962,+1.0778,2,059003.000191,059003.000302,2940.896,2940.803,1,,sugar_component,2476,2478
34042.648812,*r,34041.918696,-0.7301,1,059003.000188,059003.000448,2936.633,2936.696,1,,sugar_component,2483,2482
34046.680713,*r,34046.170646,-0.5101,2,059003.000149,059003.000253,2936.285,2936.329,1,,sugar_component,2486,2484
34046.680713,*r,34046.369411,-0.3113,2,059003.000149,059003.000253,2936.285,2936.312,1,,sugar_component,2486,2485
34056.931883,*r,34056.459470,-0.4724,1,059003.000140,059003.000236,2935.401,2935.442,1,,sugar_component,2488,2487
34117.471988,*v,34117.961567,+0.4896,3,059003.000148,059003.000252,2930.192,2930.150,1,,sugar_component,2495,2496
34117.471988,*v,34118.391909,+0.9199,3,059003.000148,059003.000252,2930.192,2930.113,1,,sugar_component,2495,2497
34117.471988,*v,34118.730918,+1.2589,3,059003.000148,059003.000252,2930.192,2930.084,1,,sugar_component,2495,2498
34131.520766,*v,34131.999815,+0.4790,3,059003.000133,059003.000219,2928.986,2928.945,1,,sugar_component,2500,2501
34131.520766,*v,34132.408905,+0.8881,3,059003.000133,059003.000219,2928.986,2928.910,1,,sugar_component,2500,2502
34131.520766,*v,34132.758734,+1.2380,3,059003.000133,059003.000219,2928.986,2928.880,1,,sugar_component,2500,2503
34181.991417,*v,34182.761991,+0.7706,3,059003.000187,059003.000447,2924.661,2924.595,1,,sugar_component,2513,2514
34181.991417,*v,34183.328192,+1.3368,3,059003.000187,059003.000447,2924.661,2924.547,1,,sugar_component,2513,2515
34181.991417,*v,34183.570494,+1.5791,3,059003.000187,059003.000447,2924.661,2924.526,1,,sugar_component,2513,2516
34301.289232,*r,34300.661861,-0.6274,2,059003.000134,059003.000221,2914.489,2914.542,1,,sugar_component,2524,2522
34301.289232,*r,34300.921402,-0.3678,2,059003.000134,059003.000221,2914.489,2914.52,1,,sugar_component,2524,2523
34305.360260,*v,34305.949666,+0.5894,2,059003.000142,059003.000240,2914.143,2914.093,1,,sugar_component,2525,2526
34305.360260,*v,34306.360513,+1.0003,2,059003.000142,059003.000240,2914.143,2914.058,1,,sugar_component,2525,2527
34360.810586,*v,34361.471150,+0.6606,2,059003.000187,059003.000654,2909.44,2909.384,1,,sugar_component,2539,2540
34360.810586,*v,34361.991003,+1.1804,2,059003.000187,059003.000654,2909.44,2909.34,1,,sugar_component,2539,2541
34605.418332,*v,34605.832129,+0.4138,1,059003.000145,059003.000253,2888.874,2888.839,1,,sugar_component,2571,2572
34626.979314,*r,34626.248669,-0.7306,2,059003.000140,059003.000240,2887.075,2887.136,1,,sugar_component,2577,2575
34626.979314,*r,34626.531880,-0.4474,2,059003.000140,059003.000240,2887.075,2887.112,1,,sugar_component,2577,2576
34651.870070,*r,34651.411547,-0.4585,1,059003.000165,059003.000267,2885.001,2885.039,1,,sugar_component,2581,2580
34671.699511,*v,34672.239960,+0.5404,2,,,2883.351,2883.306,2,059003.000142+059003.000243;059003.000142+059003.000433,sugar_component,2582,2583
34671.699511,*v,34672.709537,+1.0100,2,,,2883.351,2883.267,2,059003.000142+059003.000243;059003.000142+059003.000433,sugar_component,2582,2584
34686.978490,*v,34687.519134,+0.5406,3,059003.000148,059003.000256,2882.081,2882.036,1,,sugar_component,2587,2588
34686.978490,*v,34687.961302,+0.9828,3,059003.000148,059003.000256,2882.081,2881.999,1,,sugar_component,2587,2589
34686.978490,*v,34688.321738,+1.3432,3,059003.000148,059003.000256,2882.081,2881.969,1,,sugar_component,2587,2590
34708.241158,*v,34708.629360,+0.3882,1,059003.000127,059003.000210,2880.315,2880.283,1,,sugar_component,2593,2594
34832.711629,*r,34832.010059,-0.7016,2,059003.000125,059003.000208,2870.022,2870.08,1,,sugar_component,2603,2601
34832.711629,*r,34832.339115,-0.3725,2,059003.000125,059003.000208,2870.022,2870.053,1,,sugar_component,2603,2602
34854.538539,*v,34854.949811,+0.4113,2,,,2868.225,2868.191,0,,sugar_component,2605,2606
34854.538539,*v,34855.339350,+0.8008,2,,,2868.225,2868.159,0,,sugar_component,2605,2607
34883.480270,*v,34883.848316,+0.3680,1,059003.000127,059003.000211,2865.845,2865.815,1,,sugar_component,2609,2610
34931.880409,*v,34932.199341,+0.3189,1,059003.000127,059003.000212,2861.874,2861.848,1,,sugar_component,2616,2617
35059.130871,*r,35058.800096,-0.3308,1,059003.000141,059003.000246,2851.486,2851.513,1,,sugar_component,2629,2628
35077.691722,*r,35076.820207,-0.8715,3,059003.000141,059003.000247,2849.977,2850.048,1,,sugar_component,2635,2632
35077.691722,*r,35077.090507,-0.6012,3,059003.000141,059003.000247,2849.977,2850.026,1,,sugar_component,2635,2633
35077.691722,*r,35077.388666,-0.3031,3,059003.000141,059003.000247,2849.977,2850.002,1,,sugar_component,2635,2634
35176.900606,*r,35176.458405,-0.4422,1,059003.000125,059003.000209,2841.939,2841.975,1,,sugar_component,2643,2642
35188.810952,*v,35189.270270,+0.4593,3,059003.000133,059003.000223,2840.977,2840.940,1,,sugar_component,2646,2647
35188.810952,*v,35189.668831,+0.8579,3,059003.000133,059003.000223,2840.977,2840.908,1,,sugar_component,2646,2648
35188.810952,*v,35190.011521,+1.2006,3,059003.000133,059003.000223,2840.977,2840.880,1,,sugar_component,2646,2649
35226.358390,*r,35225.571563,-0.7868,2,,,2837.949,2838.012,0,,sugar_component,2655,2653
35226.358390,*r,35225.948551,-0.4098,2,,,2837.949,2837.982,0,,sugar_component,2655,2654
35233.569512,*v,35234.001323,+0.4318,3,059003.000133,059003.000225,2837.368,2837.333,1,,sugar_component,2656,2657
35233.569512,*v,35234.400285,+0.8308,3,059003.000133,059003.000225,2837.368,2837.301,1,,sugar_component,2656,2658
35233.569512,*v,35234.710460,+1.1409,3,059003.000133,059003.000225,2837.368,2837.276,1,,sugar_component,2656,2659
35350.461885,*v,35350.850906,+0.3890,2,059003.000127,059003.000215,2827.985,2827.954,1,,sugar_component,2667,2668
35350.461885,*v,35351.189931,+0.7280,2,059003.000127,059003.000215,2827.985,2827.927,1,,sugar_component,2667,2669
35414.801840,*v,35415.208518,+0.4067,3,059003.000133,059003.000226,2822.847,2822.815,1,,sugar_component,2676,2677
35414.801840,*v,35415.609085,+0.8072,3,059003.000133,059003.000226,2822.847,2822.783,1,,sugar_component,2676,2678
35414.801840,*v,35415.920501,+1.1187,3,059003.000133,059003.000226,2822.847,2822.758,1,,sugar_component,2676,2679
35544.971237,*v,35545.440311,+0.4691,5,059003.000139,059003.000242,2812.509,2812.472,1,,sugar_component,2687,2688
35544.971237,*v,35545.870193,+0.8990,5,059003.000139,059003.000242,2812.509,2812.438,1,,sugar_component,2687,2689
35544.971237,*v,35546.271897,+1.3007,5,059003.000139,059003.000242,2812.509,2812.406,1,,sugar_component,2687,2690
35544.971237,*v,35546.540129,+1.5689,5,059003.000139,059003.000242,2812.509,2812.385,1,,sugar_component,2687,2691
35544.971237,*v,35546.769166,+1.7979,5,059003.000139,059003.000242,2812.509,2812.367,1,,sugar_component,2687,2692
35671.788774,*r,35671.430157,-0.3586,1,059003.000141,059003.000251,2802.510,2802.538,1,,sugar_component,2701,2700
35765.379203,*v,35765.811109,+0.4319,1,059003.000139,059003.000246,2795.176,2795.142,1,,sugar_component,2705,2706
35969.770374,*r,35969.009056,-0.7613,2,059003.000165,059003.000437,2779.292,2779.351,1,,sugar_component,2715,2713
35969.770374,*r,35969.341473,-0.4289,2,059003.000165,059003.000437,2779.292,2779.325,1,,sugar_component,2715,2714
36947.469386,*r,36946.938507,-0.5309,1,,,2705.743,2705.782,0,,sugar_component,2823,2822
37035.651321,*r,37035.281173,-0.3701,1,059003.000165,059003.000277,2699.3,2699.327,1,,sugar_component,2838,2837
37191.600336,*v,37192.081794,+0.4815,1,059003.000161,059003.000276,2687.981,2687.946,1,,sugar_component,2853,2854
