level_id,J,n_patterns,A_fit,u_fit,A_calc,u_calc,A_source
059003.000034,1.5,1,-0.0101,0.0029,+0.0000,0.0000,not determined
059003.000040,5.5,1,+0.0393,0.0112,+0.0000,0.0500,not determined
059003.000043,3.5,2,+0.0533,0.0158,+0.0470,0.0500,not determined
059003.000055,4.5,1,-0.0104,0.0010,+0.0000,0.0000,not determined
059003.000076,2.5,1,+0.0127,0.0037,+0.0000,0.0000,not determined
059003.000125,3.5,7,-0.0005,0.0155,-0.0275,0.0049,Reader & Sugar 1965 (calculated)
059003.000126,4.5,1,+0.0104,0.0010,+0.0000,0.0000,not determined
059003.000127,4.5,13,+0.1007,0.0131,+0.0970,0.0039,Reader & Sugar 1965 (calculated)
059003.000133,5.5,13,+0.0995,0.0113,+0.0816,0.0034,Reader & Sugar 1965 (calculated)
059003.000134,4.5,15,+0.0026,0.0130,-0.0206,0.0038,Reader & Sugar 1965 (calculated)
059003.000139,6.5,12,+0.0872,0.0099,+0.0700,0.0029,Reader & Sugar 1965 (calculated)
059003.000140,1.5,8,-0.0523,0.0240,-0.0826,0.0051,Reader & Sugar 1965 (calculated)
059003.000141,5.5,15,-0.0010,0.0113,-0.0222,0.0032,Reader & Sugar 1965 (calculated)
059003.000142,2.5,15,+0.1581,0.0188,+0.1386,0.0038,Reader & Sugar 1965 (calculated)
059003.000145,3.5,11,+0.1156,0.0155,+0.0994,0.0030,Reader & Sugar 1965 (calculated)
059003.000148,4.5,15,+0.1170,0.0131,+0.0948,0.0032,Reader & Sugar 1965 (calculated)
059003.000149,2.5,12,+0.0050,0.0187,-0.0428,0.0035,Reader & Sugar 1965 (calculated)
059003.000150,3.5,10,+0.0038,0.0154,-0.0329,0.0033,Reader & Sugar 1965 (calculated)
059003.000151,4.5,1,-0.0444,0.0140,+0.0000,0.0000,not determined
059003.000161,4.5,13,+0.1164,0.0129,+0.0942,0.0031,Reader & Sugar 1965 (calculated)
059003.000165,3.5,15,-0.0137,0.0154,-0.0391,0.0039,Reader & Sugar 1965 (calculated)
059003.000182,2.5,6,+0.2262,0.0197,+0.1495,0.0030,Reader & Sugar 1965 (calculated)
059003.000183,1.5,6,-0.0527,0.0245,-0.0947,0.0040,Reader & Sugar 1965 (calculated)
059003.000187,1.5,4,+0.1770,0.0020,+0.2053,0.0021,Reader & Sugar 1965 (calculated)
059003.000188,5.5,7,+0.0078,0.0113,-0.0178,0.0038,Reader & Sugar 1965 (calculated)
059003.000189,6.5,6,+0.0904,0.0098,+0.0758,0.0034,Reader & Sugar 1965 (calculated)
059003.000190,0.5,2,-0.1165,0.0054,-0.0787,0.0022,Reader & Sugar 1965 (calculated)
059003.000191,2.5,3,+0.1788,0.0211,+0.1307,0.0025,Reader & Sugar 1965 (calculated)
059003.000192,1.5,5,-0.0526,0.0266,-0.1060,0.0030,Reader & Sugar 1965 (calculated)
059003.000194,3.5,5,+0.0517,0.0155,+0.0296,0.0083,composition
059003.000195,4.5,2,+0.0723,0.0131,+0.0467,0.0080,composition
059003.000196,4.5,2,+0.0450,0.0132,+0.0223,0.0071,composition
059003.000197,5.5,4,+0.0570,0.0113,+0.0369,0.0070,composition
059003.000199,4.5,4,+0.0534,0.0131,+0.0314,0.0061,composition
059003.000200,3.5,4,+0.0631,0.0155,+0.0381,0.0062,composition
059003.000201,2.5,3,+0.0735,0.0189,+0.0479,0.0080,composition
059003.000202,4.5,3,+0.0579,0.0131,+0.0378,0.0500,not determined
059003.000203,5.5,5,+0.0475,0.0113,+0.0259,0.0059,composition
059003.000204,4.5,1,+0.0559,0.0132,+0.0000,0.0500,not determined
059003.000205,5.5,5,+0.0407,0.0113,+0.0223,0.0061,composition
059003.000206,6.5,3,+0.0456,0.0099,+0.0295,0.0063,composition
059003.000207,1.5,2,+0.0456,0.0247,+0.0192,0.0120,composition
059003.000208,3.5,3,+0.0630,0.0155,+0.0477,0.0500,not determined
059003.000209,2.5,4,+0.0860,0.0188,+0.0509,0.0096,composition
059003.000210,4.5,5,+0.0498,0.0131,+0.0293,0.0057,composition
059003.000211,3.5,6,+0.0558,0.0153,+0.0367,0.0074,composition
059003.000212,5.5,4,+0.0485,0.0113,+0.0312,0.0481,flag interval
059003.000213,5.5,2,+0.0476,0.0114,+0.0000,0.0500,not determined
059003.000214,6.5,2,+0.0460,0.0098,+0.0266,0.0058,composition
059003.000215,4.5,4,+0.0474,0.0131,+0.0284,0.0489,flag interval
059003.000216,2.5,1,+0.0457,0.0190,+0.0123,0.0091,composition
059003.000217,2.5,2,+0.0650,0.0189,+0.0000,0.0500,not determined
059003.000218,4.5,5,+0.0598,0.0130,+0.0336,0.0073,composition
059003.000219,5.5,2,+0.0402,0.0113,+0.0324,0.0492,flag interval
059003.000220,3.5,3,+0.0446,0.0156,+0.0133,0.0078,composition
059003.000221,3.5,3,+0.0598,0.0155,+0.0341,0.0066,composition
059003.000222,2.5,2,+0.0629,0.0188,+0.0000,0.0500,not determined
059003.000223,5.5,4,+0.0434,0.0112,+0.0227,0.0054,"composition, CONFLICTS with own flags"
059003.000224,3.5,3,+0.0478,0.0157,+0.0363,0.0500,not determined
059003.000225,6.5,2,+0.0389,0.0099,+0.0252,0.0439,flag interval
059003.000226,6.5,3,+0.0400,0.0099,+0.0252,0.0439,flag interval
059003.000227,7.5,1,+0.0385,0.0090,+0.0221,0.0055,composition
059003.000229,2.5,2,+0.0864,0.0189,+0.0297,0.0063,composition
059003.000230,6.5,2,+0.0348,0.0102,+0.0223,0.0053,composition
059003.000231,3.5,3,+0.0429,0.0156,+0.0342,0.0500,not determined
059003.000233,2.5,3,+0.0256,0.0190,-0.0462,0.0040,flag interval
059003.000234,4.5,1,+0.0517,0.0136,+0.0000,0.0500,not determined
059003.000235,3.5,2,+0.0531,0.0160,+0.0000,0.0500,not determined
059003.000236,2.5,2,+0.0526,0.0195,+0.0445,0.0500,not determined
059003.000237,4.5,2,+0.0467,0.0132,+0.0261,0.0061,composition
059003.000238,3.5,2,+0.0438,0.0156,+0.0173,0.0080,composition
059003.000239,4.5,3,+0.0508,0.0133,+0.0254,0.0060,composition
059003.000240,1.5,2,+0.0559,0.0241,+0.0293,0.0088,composition
059003.000242,7.5,1,+0.0308,0.0088,+0.0000,0.0500,not determined
059003.000243,3.5,2,+0.0503,0.0158,+0.0000,0.0500,not determined
059003.000244,4.5,2,+0.0551,0.0130,+0.0341,0.0069,composition
059003.000245,3.5,4,+0.0505,0.0154,+0.0242,0.0056,composition
059003.000246,5.5,3,+0.0365,0.0113,+0.0231,0.0058,composition
059003.000247,4.5,2,+0.0463,0.0132,+0.0251,0.0500,not determined
059003.000248,3.5,3,+0.0571,0.0156,+0.0251,0.0055,"composition, CONFLICTS with own flags"
059003.000250,3.5,1,+0.0667,0.0162,+0.0332,0.0500,not determined
059003.000251,4.5,5,+0.0501,0.0130,+0.0243,0.0055,composition
059003.000252,5.5,1,+0.0403,0.0113,+0.0000,0.0500,not determined
059003.000253,3.5,4,+0.0462,0.0154,+0.0344,0.0500,not determined
059003.000255,4.5,2,+0.0412,0.0130,+0.0319,0.0500,not determined
059003.000256,5.5,1,+0.0360,0.0113,+0.0000,0.0500,not determined
059003.000261,2.5,2,+0.0571,0.0190,+0.0299,0.0076,composition
059003.000262,4.5,2,+0.0495,0.0132,+0.0254,0.0056,composition
059003.000263,5.5,2,+0.0443,0.0114,+0.0251,0.0059,composition
059003.000264,3.5,2,+0.0523,0.0154,+0.0264,0.0055,composition
059003.000267,3.5,1,+0.0627,0.0162,+0.0000,0.0500,not determined
059003.000274,2.5,2,+0.0451,0.0194,+0.0464,0.0500,not determined
059003.000275,2.5,2,+0.0860,0.0194,+0.0464,0.0113,composition
059003.000276,5.5,1,+0.0417,0.0119,+0.0000,0.0500,not determined
059003.000277,4.5,1,+0.0412,0.0139,+0.0000,0.0500,not determined
059003.000279,2.5,1,+0.0990,0.0198,+0.0000,0.0500,not determined
059003.000280,0.5,2,+0.0701,0.0341,+0.0299,0.0118,composition
059003.000281,3.5,1,+0.0864,0.0160,+0.0251,0.0067,composition
059003.000282,5.5,2,+0.0476,0.0113,+0.0359,0.0500,not determined
059003.000284,6.5,1,+0.0442,0.0106,+0.0000,0.0500,not determined
059003.000285,2.5,2,+0.1034,0.0198,+0.0251,0.0063,composition
059003.000286,3.5,1,+0.0894,0.0164,+0.0000,0.0500,not determined
059003.000287,0.5,1,+0.0631,0.0369,-0.0084,0.0059,composition
059003.000288,1.5,1,+0.0032,0.0037,+0.0395,0.0168,composition
059003.000289,5.5,2,+0.0455,0.0114,+0.0220,0.0069,composition
059003.000291,6.5,2,+0.0521,0.0099,+0.0360,0.0067,composition
059003.000292,2.5,2,+0.0779,0.0210,+0.0386,0.0112,composition
059003.000293,1.5,2,-0.0078,0.0030,+0.0895,0.0500,not determined
059003.000294,1.5,1,-0.0103,0.0029,+0.0140,0.0089,composition
059003.000296,5.5,2,+0.0545,0.0113,+0.0287,0.0057,composition
059003.000297,6.5,1,+0.0490,0.0101,+0.0293,0.0056,composition
059003.000300,3.5,1,+0.0535,0.0175,+0.0190,0.0065,composition
059003.000302,2.5,2,+0.0598,0.0210,+0.0184,0.0062,composition
059003.000431,1.5,1,+0.0443,0.0252,+0.0000,0.0500,not determined
059003.000433,2.5,2,+0.0467,0.0190,+0.0260,0.0061,composition
059003.000437,4.5,1,+0.0476,0.0133,+0.0000,0.0500,not determined
059003.000440,2.5,1,+0.0473,0.0194,+0.0000,0.0500,not determined
059003.000441,6.5,1,+0.0499,0.0100,+0.0304,0.0454,flag interval
059003.000443,7.5,1,+0.0410,0.0088,+0.0000,0.0500,not determined
059003.000447,1.5,2,-0.0069,0.0025,+0.0157,0.0092,composition
059003.000449,1.5,1,+0.0549,0.0269,+0.0000,0.0500,not determined
