wn_obs,char,class,low_id,upp_id,D_cm-1,residual_cm-1,u_adopted_cm-1,n_sigma
37136.1898,*v,flag,059003.000133,059003.000239,-0.8363,-1.0096,0.0725,-13.9
31558.0793,*v,flag,059003.000149,059003.000233,-0.0212,-0.7509,0.0725,-10.4
25042.9496,*r,flag,059003.000165,059003.000211,+0.6633,+0.7854,0.0858,+9.2
31391.3796,*r,flag,059003.000141,059003.000218,+0.6832,+0.6225,0.0858,+7.3
38006.2791,w,plain,059003.000128,059003.000233,-0.2887,-0.3188,0.0485,-6.6
117645.5125,,plain,059003.000054,059003.000516,+0.0000,-1.5651,0.2454,-6.4
32573.9290,c,c,059003.000150,059003.000244,+0.6715,+1.0104,0.1866,+5.4
36875.8689,w,plain,059003.000134,059003.000239,+0.5175,-0.2481,0.0485,-5.1
45994.3206,,plain,059003.000064,059003.000215,+0.3195,+0.2242,0.0459,+4.9
94650.5226,,plain,059003.000078,059003.000384,+0.0000,-1.0779,0.2454,-4.4
