level_id,cfg,J,n_patterns,n_positions,A_fit,u_fit,A_table,u_table,source_table,flag_lower,flag_upper,A_lines,u_lines,worst_pattern_sigma,status
059003.000034,4f3,1.5,1,1,+0.0180,0.0007,+0.0342,0.0023,"calculated, hfs_A_theory 2026-10-07, tier 1",+0.0031,+0.0585,+0.0132,0.0371,,not determined
059003.000040,4f3,5.5,1,4,+0.0204,0.0014,+0.0204,0.0014,"resolved components, 1 pattern, 4 positions (Step 4 anchored fit, 2026-10-09)",,+0.0644,+0.0208,0.0063,,adopt
059003.000043,4f3,3.5,2,2,+0.0251,0.0022,+0.0251,0.0022,"resolved components, 2 patterns, 2 positions (Step 4 anchored fit, 2026-10-09)",-0.0225,+0.1011,+0.0269,0.0178,+0.08,adopt
059003.000078,f25d,1.5,1,1,-0.0180,0.0007,+0.0031,0.0052,"calculated, hfs_A_theory 2026-10-08, tier 3, a test of the eigenvector",,+0.0342,+0.0031,0.0265,,not determined
059003.000125,f26s,3.5,7,11,-0.0262,0.0023,-0.0262,0.0023,"resolved components, 7 patterns, 11 positions (Step 4 anchored fit, 2026-10-09)",,+0.0268,-0.0313,0.0055,+0.96,adopt
059003.000127,f26s,4.5,13,22,+0.0787,0.0016,+0.0787,0.0017,"resolved components, 13 patterns, 22 positions (Step 4 anchored fit, 2026-10-09)",+0.0371,,+0.0871,0.0032,-1.44,adopt
059003.000133,f26s,5.5,14,41,+0.0800,0.0012,+0.0800,0.0014,"resolved components, 14 patterns, 41 positions (Step 4 anchored fit, 2026-10-09)",+0.0411,,+0.0858,0.0061,+2.11,adopt
059003.000134,f26s,4.5,15,22,-0.0198,0.0015,-0.0198,0.0015,"resolved components, 15 patterns, 22 positions (Step 4 anchored fit, 2026-10-09)",,+0.0164,-0.0169,0.0048,-0.87,adopt
059003.000139,f26s,6.5,12,29,+0.0700,0.0011,+0.0700,0.0012,"resolved components, 12 patterns, 29 positions (Step 4 anchored fit, 2026-10-09)",+0.0317,,+0.0722,0.0046,-1.21,adopt
059003.000140,f26s,1.5,8,12,-0.0888,0.0037,-0.0888,0.0038,"resolved components, 8 patterns, 12 positions (Step 4 anchored fit, 2026-10-09)",,+0.0078,-0.1059,0.0169,+0.62,adopt
059003.000141,f26s,5.5,14,31,-0.0206,0.0012,-0.0206,0.0012,"resolved components, 14 patterns, 31 positions (Step 4 anchored fit, 2026-10-09)",,+0.0171,-0.0133,0.0041,-1.04,adopt
059003.000142,f26s,2.5,15,27,+0.1296,0.0021,+0.1296,0.0023,"resolved components, 15 patterns, 27 positions (Step 4 anchored fit, 2026-10-09)",+0.0566,,+0.1580,0.0108,-1.53,adopt
059003.000145,f26s,3.5,11,17,+0.0890,0.0018,+0.0890,0.0020,"resolved components, 11 patterns, 17 positions (Step 4 anchored fit, 2026-10-09)",+0.0478,,+0.0988,0.0055,+0.67,adopt
059003.000148,f26s,4.5,15,39,+0.0942,0.0012,+0.0942,0.0014,"resolved components, 15 patterns, 39 positions (Step 4 anchored fit, 2026-10-09)",+0.0371,,+0.1118,0.0063,-0.71,adopt
059003.000149,f26s,2.5,11,15,-0.0315,0.0022,-0.0315,0.0023,"resolved components, 11 patterns, 15 positions (Step 4 anchored fit, 2026-10-09)",,+0.0132,-0.0255,0.0066,+1.53,adopt
059003.000150,f26s,3.5,9,11,-0.0206,0.0022,-0.0206,0.0022,"resolved components, 9 patterns, 11 positions (Step 4 anchored fit, 2026-10-09)",,+0.0143,-0.0251,0.0040,+1.11,adopt
059003.000161,f26s,4.5,13,37,+0.0929,0.0013,+0.0929,0.0015,"resolved components, 13 patterns, 37 positions (Step 4 anchored fit, 2026-10-09)",+0.0315,,+0.0957,0.0046,+0.96,adopt
059003.000165,f26s,3.5,15,29,-0.0420,0.0015,-0.0420,0.0016,"resolved components, 15 patterns, 29 positions (Step 4 anchored fit, 2026-10-09)",,+0.0155,-0.0500,0.0046,-0.92,adopt
059003.000182,f26s,2.5,5,11,+0.1492,0.0047,+0.1492,0.0049,"resolved components, 5 patterns, 11 positions (Step 4 anchored fit, 2026-10-09)",+0.0426,,+0.0990,0.0108,+0.72,adopt
059003.000183,f26s,1.5,6,10,-0.0983,0.0047,-0.0983,0.0048,"resolved components, 6 patterns, 10 positions (Step 4 anchored fit, 2026-10-09)",,+0.0047,-0.0756,0.0160,-0.83,adopt
059003.000187,f26s,1.5,5,12,+0.1988,0.0054,+0.1988,0.0056,"resolved components, 5 patterns, 12 positions (Step 4 anchored fit, 2026-10-09)",+0.0377,,+0.2245,0.0281,-0.35,adopt
059003.000188,f26s,5.5,8,16,-0.0134,0.0022,-0.0134,0.0023,"resolved components, 8 patterns, 16 positions (Step 4 anchored fit, 2026-10-09)",,+0.0241,+0.0077,0.0067,+0.82,adopt
059003.000189,f26s,6.5,6,24,+0.0719,0.0018,+0.0719,0.0019,"resolved components, 6 patterns, 24 positions (Step 4 anchored fit, 2026-10-09)",+0.0336,,+0.0834,0.0074,-0.16,adopt
059003.000190,f26s,0.5,1,1,-0.1088,0.0175,-0.1570,0.0100,"resolved F = 3/F = 2 pair 29294.7083/29294.2095 (IDEN2 1089-960), 4f26s_2P_0.5_hfs.md; adopted 2026-10-05 (semiempirical -0.0787)",,-0.0067,-0.1592,0.0433,,
059003.000191,f26s,2.5,5,9,+0.1401,0.0041,+0.1401,0.0043,"resolved components, 5 patterns, 9 positions (Step 4 anchored fit, 2026-10-09)",+0.0395,,+0.1054,0.0185,+0.32,adopt
059003.000192,f26s,1.5,5,8,-0.1010,0.0048,-0.1010,0.0049,"resolved components, 5 patterns, 8 positions (Step 4 anchored fit, 2026-10-09)",,-0.0022,-0.1328,0.0321,+0.88,adopt
059003.000202,f5d2,4.5,3,6,+0.0371,0.0021,+0.0371,0.0021,"resolved components, 3 patterns, 6 positions (Step 4 anchored fit, 2026-10-09)",-0.0160,+0.0787,+0.0458,0.0057,+0.69,adopt
059003.000204,f5d2,4.5,1,3,+0.0332,0.0023,+0.0332,0.0023,"resolved components, 1 pattern, 3 positions (Step 4 anchored fit, 2026-10-09)",,+0.0978,+0.0446,0.0058,,adopt
059003.000208,f5d2,3.5,3,6,+0.0365,0.0023,+0.0365,0.0024,"resolved components, 3 patterns, 6 positions (Step 4 anchored fit, 2026-10-09)",-0.0206,+0.1011,+0.0045,0.0102,+0.17,adopt
059003.000212,f26p,5.5,4,10,+0.0289,0.0014,+0.0289,0.0014,"resolved components, 4 patterns, 10 positions (Step 4 anchored fit, 2026-10-09)",-0.0162,+0.0644,+0.0440,0.0049,+0.67,adopt
059003.000213,f5d2,5.5,3,6,+0.0289,0.0019,+0.0289,0.0019,"resolved components, 3 patterns, 6 positions (Step 4 anchored fit, 2026-10-09)",-0.0162,+0.0800,+0.0348,0.0050,+0.70,adopt
059003.000215,f5d2,4.5,4,7,+0.0248,0.0020,+0.0248,0.0020,"resolved components, 4 patterns, 7 positions (Step 4 anchored fit, 2026-10-09)",-0.0160,+0.0692,+0.0143,0.0057,-1.11,adopt
059003.000217,f5d2,2.5,2,4,+0.0344,0.0033,+0.0344,0.0033,"resolved components, 2 patterns, 4 positions (Step 4 anchored fit, 2026-10-09)",,+0.1246,+0.0321,0.0122,+0.41,adopt
059003.000219,f5d2,5.5,2,4,+0.0207,0.0021,+0.0207,0.0021,"resolved components, 2 patterns, 4 positions (Step 4 anchored fit, 2026-10-09)",-0.0162,+0.0800,+0.0177,0.0050,-0.32,adopt
059003.000222,f5d2,2.5,2,4,+0.0302,0.0036,+0.0302,0.0036,"resolved components, 2 patterns, 4 positions (Step 4 anchored fit, 2026-10-09)",-0.0288,,-0.0088,0.0177,+0.39,adopt
059003.000224,f5d2,3.5,3,8,+0.0211,0.0018,+0.0211,0.0018,"resolved components, 3 patterns, 8 positions (Step 4 anchored fit, 2026-10-09)",+0.0245,+0.0926,+0.0050,0.0067,+0.92,adopt
059003.000225,f5d2,6.5,2,6,+0.0216,0.0015,+0.0216,0.0015,"resolved components, 2 patterns, 6 positions (Step 4 anchored fit, 2026-10-09)",-0.0174,+0.0677,+0.0173,0.0047,+0.38,adopt
059003.000226,f5d2,6.5,3,7,+0.0227,0.0016,+0.0227,0.0016,"resolved components, 3 patterns, 7 positions (Step 4 anchored fit, 2026-10-09)",-0.0174,+0.0677,+0.0261,0.0048,+0.46,adopt
059003.000231,f5d2,3.5,3,4,+0.0176,0.0034,+0.0176,0.0034,"resolved components, 3 patterns, 4 positions (Step 4 anchored fit, 2026-10-09)",-0.0225,+0.0890,+0.0273,0.0077,-1.53,adopt
059003.000233,f5d2,2.5,2,3,+0.0185,0.0046,+0.0185,0.0046,"resolved components, 2 patterns, 3 positions (Step 4 anchored fit, 2026-10-09)",-0.0533,+0.1296,+0.0275,0.0153,-0.15,adopt
059003.000234,f5d2,4.5,1,1,+0.0292,0.0071,+0.0297,0.0015,"calculated, hfs_A_theory 2026-10-07, tier 1",-0.0160,,+0.0201,0.0067,,
059003.000235,f5d2,3.5,2,2,+0.0281,0.0056,+0.0281,0.0056,"resolved components, 2 patterns, 2 positions (Step 4 anchored fit, 2026-10-09)",,+0.0890,+0.0282,0.0070,-0.40,adopt
059003.000236,f5d2,2.5,2,2,+0.0238,0.0072,+0.0238,0.0072,"resolved components, 2 patterns, 2 positions (Step 4 anchored fit, 2026-10-09)",-0.0533,+0.1296,+0.0270,0.0136,-0.04,adopt
059003.000242,f5d2,7.5,1,5,+0.0156,0.0013,+0.0156,0.0013,"resolved components, 1 pattern, 5 positions (Step 4 anchored fit, 2026-10-09)",,+0.0607,+0.0118,0.0064,,adopt
059003.000243,f5d2,3.5,2,9,+0.0221,0.0017,+0.0221,0.0017,"resolved components, 2 patterns, 9 positions (Step 4 anchored fit, 2026-10-09)",,+0.1195,-0.0074,0.0067,-0.09,adopt
059003.000247,f5d2,4.5,2,4,+0.0236,0.0025,+0.0236,0.0025,"resolved components, 2 patterns, 4 positions (Step 4 anchored fit, 2026-10-09)",-0.0252,+0.0692,+0.0156,0.0066,+0.26,adopt
059003.000250,f5d2,3.5,1,1,+0.0423,0.0081,+0.0243,0.0025,"calculated, hfs_A_theory 2026-10-07, tier 1",-0.0206,+0.0890,+0.0175,0.0078,,
059003.000252,f5d2,5.5,1,3,+0.0207,0.0021,+0.0207,0.0021,"resolved components, 1 pattern, 3 positions (Step 4 anchored fit, 2026-10-09)",,+0.0771,+0.0201,0.0066,,adopt
059003.000253,f5d2,3.5,4,7,+0.0171,0.0023,+0.0171,0.0023,"resolved components, 4 patterns, 7 positions (Step 4 anchored fit, 2026-10-09)",-0.0225,+0.0890,+0.0152,0.0072,+1.18,adopt
059003.000255,f5d2,4.5,2,6,+0.0177,0.0016,+0.0177,0.0016,"resolved components, 2 patterns, 6 positions (Step 4 anchored fit, 2026-10-09)",-0.0327,+0.0929,+0.0135,0.0056,-0.33,adopt
059003.000256,f5d2,5.5,1,3,+0.0164,0.0022,+0.0164,0.0022,"resolved components, 1 pattern, 3 positions (Step 4 anchored fit, 2026-10-09)",,+0.0771,+0.0163,0.0059,,adopt
059003.000267,f5d2,3.5,1,1,+0.0344,0.0086,+0.0274,0.0014,"calculated, hfs_A_theory 2026-10-07, tier 1",-0.0420,,+0.0166,0.0096,,
059003.000274,f5d2,2.5,1,2,+0.0227,0.0052,+0.0227,0.0052,"resolved components, 1 pattern, 2 positions (Step 4 anchored fit, 2026-10-09)",-0.0590,+0.1492,+0.0431,0.0113,,adopt
059003.000276,f5d2,5.5,1,1,+0.0211,0.0074,+0.0230,0.0013,"calculated, hfs_A_theory 2026-10-07, tier 1",,+0.0760,+0.0100,0.0073,,
059003.000277,f5d2,4.5,1,1,+0.0169,0.0084,+0.0210,0.0013,"calculated, hfs_A_theory 2026-10-07, tier 1",-0.0327,,+0.0071,0.0067,,
059003.000279,f5d2,2.5,1,3,+0.0220,0.0055,+0.0220,0.0055,"resolved components, 1 pattern, 3 positions (Step 4 anchored fit, 2026-10-09)",,+0.1492,+0.0572,0.0182,,adopt
059003.000282,f5d2,5.5,2,5,+0.0263,0.0022,+0.0263,0.0022,"resolved components, 2 patterns, 5 positions (Step 4 anchored fit, 2026-10-09)",-0.0134,+0.0850,+0.0270,0.0068,-0.82,adopt
059003.000284,f5d2,6.5,1,1,+0.0254,0.0043,+0.0254,0.0043,"resolved components, 1 pattern, 1 position (Step 4 anchored fit, 2026-10-09)",-0.0113,,+0.0201,0.0058,,adopt
059003.000286,f5d2,3.5,1,2,+0.0261,0.0054,+0.0261,0.0054,"resolved components, 1 pattern, 2 positions (Step 4 anchored fit, 2026-10-09)",,+0.1065,+0.0420,0.0091,,adopt
059003.000293,f5d2,1.5,2,3,+0.0109,0.0077,+0.0109,0.0077,"resolved components, 2 patterns, 3 positions (Step 4 anchored fit, 2026-10-09)",-0.0363,+0.1988,-0.0188,0.0202,-0.00,adopt
059003.000431,f5d2,1.5,1,1,+0.0078,0.0113,+0.0078,0.0113,"resolved components, 1 pattern, 1 position (Step 4 anchored fit, 2026-10-09)",-0.0888,,-0.0152,0.0462,,adopt
059003.000437,f5d2,4.5,1,2,+0.0235,0.0039,+0.0235,0.0039,"resolved components, 1 pattern, 2 positions (Step 4 anchored fit, 2026-10-09)",-0.0327,,+0.0369,0.0077,,adopt
059003.000440,f5d2,2.5,1,2,+0.0116,0.0053,+0.0116,0.0053,"resolved components, 1 pattern, 2 positions (Step 4 anchored fit, 2026-10-09)",-0.0590,,+0.0013,0.0138,,adopt
059003.000441,f5d2,6.5,1,3,+0.0313,0.0022,+0.0313,0.0022,"resolved components, 1 pattern, 3 positions (Step 4 anchored fit, 2026-10-09)",-0.0113,+0.0719,+0.0195,0.0089,,adopt
059003.000443,f5d2,7.5,1,3,+0.0245,0.0019,+0.0245,0.0019,"resolved components, 1 pattern, 3 positions (Step 4 anchored fit, 2026-10-09)",,+0.0623,+0.0144,0.0083,,adopt
059003.000448,f5d6s,4.5,1,1,+0.0890,0.0075,+0.0806,0.0115,"calculated, hfs_A_theory 2026-10-07, tier 2",-0.0164,,+0.0324,0.0088,,held
059003.000449,f26p,1.5,1,2,+0.0065,0.0074,+0.0065,0.0074,"resolved components, 1 pattern, 2 positions (Step 4 anchored fit, 2026-10-09)",-0.1010,,+0.0374,0.0179,,adopt
059003.000654,f5d2,2.5,2,4,+0.0226,0.0048,+0.0226,0.0048,"resolved components, 2 patterns, 4 positions (Step 4 anchored fit, 2026-10-09)",,+0.1193,+0.0646,0.0167,+0.35,adopt
059003.000656,f5d2,3.5,1,2,+0.0219,0.0052,+0.0193,0.0016,"calculated, hfs_A_theory 2026-10-07, tier 1",,+0.1001,+0.0071,0.0176,,
