level_id,J,A_cm-1,u_A,A_source,E_setI,E_setII,shift
059003.000189,6.5,+0.0758,0.0034,Reader & Sugar 1965,11433.0816,11431.8459,-1.2295
059003.000133,5.5,+0.0816,0.0034,Reader & Sugar 1965,-8492.0902,-8493.1838,-1.0873
059003.000148,4.5,+0.0948,0.0032,Reader & Sugar 1965,-3934.6477,-3935.7025,-1.0485
059003.000161,4.5,+0.0942,0.0031,Reader & Sugar 1965,-777.2780,-778.3289,-1.0446
059003.000139,6.5,+0.0700,0.0029,Reader & Sugar 1965,-6465.6001,-6466.6349,-1.0285
059003.000127,4.5,+0.0970,0.0039,Reader & Sugar 1965,-10340.4999,-10341.5051,-0.9990
059003.000182,2.5,+0.1495,0.0030,Reader & Sugar 1965,6581.4794,6580.5669,-0.9062
059003.000145,3.5,+0.0994,0.0030,Reader & Sugar 1965,-4400.2074,-4401.0320,-0.8183
059003.000142,2.5,+0.1386,0.0038,Reader & Sugar 1965,-5565.7323,-5566.5340,-0.7954
059003.000191,2.5,+0.1307,0.0025,Reader & Sugar 1965,12087.0991,12086.3451,-0.7478
059003.000187,1.5,+0.2053,0.0021,Reader & Sugar 1965,11002.0800,11001.3678,-0.7060
059003.000291,6.5,+0.0360,0.0067,composition,41763.1760,41762.5902,-0.5796
059003.000195,4.5,+0.0467,0.0080,composition,18948.6763,18948.1347,-0.5354
059003.000301,7.5,+0.0272,0.0057,composition,45766.3835,45765.8747,-0.5026
059003.000441,6.5,+0.0304,0.0454,flag interval,37309.0881,37308.5886,-0.4933
059003.000297,6.5,+0.0293,0.0056,composition,44477.8199,44477.3432,-0.4704
059003.000206,6.5,+0.0295,0.0063,composition,23453.0492,23452.5789,-0.4640
059003.000219,5.5,+0.0324,0.0492,flag interval,25639.5354,25639.0729,-0.4563
059003.000197,5.5,+0.0369,0.0070,composition,21194.1428,21193.7112,-0.4254
059003.000212,5.5,+0.0312,0.0481,flag interval,24591.2815,24590.8639,-0.4114
059003.000225,6.5,+0.0252,0.0439,flag interval,26741.4914,26741.0760,-0.4092
059003.000226,6.5,+0.0252,0.0439,flag interval,26922.7194,26922.3099,-0.4032
059003.000230,6.5,+0.0223,0.0053,composition,27510.2402,27509.8359,-0.3981
059003.000296,5.5,+0.0287,0.0057,composition,44381.6892,44381.2935,-0.3895
059003.000227,7.5,+0.0221,0.0055,composition,27075.6553,27075.2650,-0.3840
059003.000214,6.5,+0.0266,0.0058,composition,24989.7701,24989.3831,-0.3808
059003.000183,1.5,-0.0947,0.0040,Reader & Sugar 1965,6618.9136,6619.2749,+0.3675
059003.000244,4.5,+0.0341,0.0069,composition,29148.9775,29148.6058,-0.3655
059003.000192,1.5,-0.1060,0.0030,Reader & Sugar 1965,12801.3658,12801.7220,+0.3625
059003.000218,4.5,+0.0336,0.0073,composition,25631.5978,25631.2345,-0.3570
059003.000299,4.5,+0.0314,0.0067,composition,45184.9527,45184.5960,-0.3505
059003.000263,5.5,+0.0251,0.0059,composition,32510.7165,32510.3703,-0.3400
059003.000199,4.5,+0.0314,0.0061,composition,22131.4461,22131.1067,-0.3331
059003.000203,5.5,+0.0259,0.0059,composition,23015.2090,23014.8720,-0.3308
059003.000200,3.5,+0.0381,0.0062,composition,22380.0205,22379.6874,-0.3268
059003.000140,1.5,-0.0826,0.0051,Reader & Sugar 1965,-5887.2687,-5886.9517,+0.3233
059003.000221,3.5,+0.0341,0.0066,composition,26070.3222,26069.9971,-0.3188
059003.000165,3.5,-0.0391,0.0039,Reader & Sugar 1965,-499.1573,-498.8502,+0.3133
059003.000215,4.5,+0.0284,0.0489,flag interval,25010.0125,25009.6948,-0.3115
059003.000246,5.5,+0.0231,0.0058,composition,29299.9345,29299.6210,-0.3072
059003.000237,4.5,+0.0261,0.0061,composition,27823.5562,27823.2468,-0.3031
059003.000289,5.5,+0.0220,0.0069,composition,41135.1452,41134.8365,-0.3025
059003.000205,5.5,+0.0223,0.0061,composition,23333.0067,23332.7002,-0.3002
059003.000211,3.5,+0.0367,0.0074,composition,24543.1088,24542.8111,-0.2915
059003.000233,2.5,-0.0462,0.0040,flag interval,27717.2810,27717.5633,+0.2885
059003.000292,2.5,+0.0386,0.0112,composition,42179.0003,42178.7059,-0.2882
059003.000239,4.5,+0.0254,0.0060,composition,28645.0557,28644.7652,-0.2843
059003.000210,4.5,+0.0293,0.0057,composition,24367.6821,24367.3948,-0.2810
059003.000262,4.5,+0.0254,0.0056,composition,32366.7290,32366.4418,-0.2810
059003.000201,2.5,+0.0479,0.0080,composition,22492.3766,22492.0965,-0.2740
059003.000251,4.5,+0.0243,0.0055,composition,29912.6149,29912.3374,-0.2713
059003.000209,2.5,+0.0509,0.0096,composition,24350.6949,24350.4182,-0.2705
059003.000141,5.5,-0.0222,0.0032,Reader & Sugar 1965,-5759.1953,-5758.9320,+0.2695
059003.000194,3.5,+0.0296,0.0083,composition,18932.4218,18932.1717,-0.2439
059003.000196,4.5,+0.0223,0.0071,composition,20940.5298,20940.2818,-0.2418
059003.000188,5.5,-0.0178,0.0038,Reader & Sugar 1965,11421.7603,11421.9956,+0.2415
059003.000275,2.5,+0.0464,0.0113,composition,36389.1058,36388.8589,-0.2407
059003.000149,2.5,-0.0428,0.0035,Reader & Sugar 1965,-3841.3938,-3841.1688,+0.2312
059003.000134,4.5,-0.0206,0.0038,Reader & Sugar 1965,-8231.0021,-8230.7801,+0.2282
059003.000150,3.5,-0.0329,0.0033,Reader & Sugar 1965,-3424.4132,-3424.1950,+0.2243
059003.000264,3.5,+0.0264,0.0055,composition,32752.8409,32752.6110,-0.2236
059003.000125,3.5,-0.0275,0.0049,Reader & Sugar 1965,-10826.1022,-10825.8949,+0.2135
059003.000245,3.5,+0.0242,0.0056,composition,29266.7692,29266.5556,-0.2073
059003.000281,3.5,+0.0251,0.0067,composition,39237.9844,39237.7712,-0.2069
059003.000232,1.5,+0.0329,0.0060,composition,27641.5339,27641.3319,-0.1958
059003.000449,1.5,+0.0000,0.0500,not determined,45578.6304,45578.4321,-0.1920
059003.000261,2.5,+0.0299,0.0076,composition,32310.6910,32310.5044,-0.1803
059003.000229,2.5,+0.0297,0.0063,composition,27455.4987,27455.3173,-0.1752
059003.000433,2.5,+0.0260,0.0061,composition,29106.0493,29105.8701,-0.1730
059003.000228,0.5,+0.0000,0.0000,not determined,27098.8583,27099.0081,+0.1560
059003.000285,2.5,+0.0251,0.0063,composition,40141.0065,40140.8552,-0.1450
059003.000238,3.5,+0.0173,0.0080,composition,28453.5120,28453.3711,-0.1346
059003.000288,1.5,+0.0395,0.0168,composition,40938.3478,40938.2138,-0.1277
059003.000300,3.5,+0.0190,0.0065,composition,45204.2700,45204.1384,-0.1254
059003.000302,2.5,+0.0184,0.0062,composition,46080.4722,46080.3608,-0.1052
059003.000190,0.5,-0.0787,0.0022,Reader & Sugar 1965,11643.6327,11643.7271,+0.1006
059003.000444,0.5,+0.0874,0.0344,composition,40152.6979,40152.5973,-0.0944
059003.000295,2.5,+0.0000,0.0500,not determined,44200.7067,44200.7865,+0.0859
059003.000435,2.5,+0.0000,0.0000,not determined,29450.7714,29450.8478,+0.0826
059003.000213,5.5,+0.0000,0.0500,not determined,24925.3836,24925.2959,-0.0814
059003.000544,1.5,+0.0000,0.0000,not determined,65965.4739,65965.3904,-0.0772
059003.000220,3.5,+0.0133,0.0078,composition,25753.8154,25753.7338,-0.0754
059003.000575,6.5,+0.0000,0.0000,not determined,90992.9633,90992.8826,-0.0745
059003.000249,2.5,+0.0244,0.0062,composition,29752.7938,29752.7139,-0.0736
059003.000204,4.5,+0.0000,0.0500,not determined,23310.0427,23309.9671,-0.0694
059003.000257,6.5,+0.0000,0.0000,not determined,31155.8959,31155.8211,-0.0686
059003.000129,6.5,+0.0000,0.0000,not determined,-9962.5405,-9962.6147,-0.0679
059003.000432,1.5,+0.0000,0.0500,not determined,26539.4652,26539.5250,+0.0661
059003.000570,5.5,+0.0000,0.0000,not determined,87517.5023,87517.4407,-0.0553
059003.000455,6.5,+0.0000,0.0000,not determined,50743.6363,50743.5770,-0.0531
059003.000100,0.5,+0.0000,0.0000,not determined,-15270.2910,-15270.2472,+0.0500
059003.000447,1.5,+0.0157,0.0092,composition,45184.1728,45184.1173,-0.0494
059003.000084,5.5,+0.0000,0.0000,not determined,-17469.6906,-17469.7429,-0.0461
059003.000216,2.5,+0.0123,0.0091,composition,25175.3628,25175.3106,-0.0460
059003.000240,1.5,+0.0293,0.0088,composition,28739.7576,28739.7055,-0.0459
059003.000280,0.5,+0.0299,0.0118,composition,39087.2099,39087.1579,-0.0458
059003.000333,6.5,+0.0000,0.0000,not determined,64579.7110,64579.7498,+0.0450
059003.000172,5.5,+0.0000,0.0000,not determined,507.3513,507.3042,-0.0409
059003.000477,1.5,+0.0000,0.0000,not determined,77551.2375,77551.2710,+0.0398
059003.000539,0.5,+0.0000,0.0000,not determined,-19128.9605,-19128.9270,+0.0398
059003.000555,3.5,+0.0000,0.0000,not determined,67997.5320,67997.5637,+0.0379
059003.000242,7.5,+0.0000,0.0500,not determined,29079.5102,29079.5415,+0.0376
059003.000058,5.5,+0.0000,0.0000,not determined,-21816.5019,-21816.4706,+0.0375
059003.000158,2.5,+0.0000,0.0000,not determined,-2213.6609,-2213.7026,-0.0355
059003.000576,6.5,+0.0000,0.0000,not determined,92562.5689,92562.5979,+0.0352
059003.000184,3.5,+0.0000,0.0000,not determined,7558.0580,7558.0167,-0.0350
059003.000451,3.5,+0.0000,0.0000,not determined,47164.8226,47164.8511,+0.0346
059003.000236,2.5,+0.0445,0.0500,not determined,28169.6213,28169.6495,+0.0344
059003.000102,1.5,+0.0000,0.0000,not determined,-14916.4559,-14916.4280,+0.0342
059003.000453,1.5,+0.0000,0.0500,not determined,47712.8583,47712.8183,-0.0337
059003.000342,6.5,+0.0000,0.0000,not determined,66406.5044,66406.4659,-0.0322
059003.000556,2.5,+0.0000,0.0000,not determined,68037.1822,68037.1438,-0.0321
059003.000566,5.5,+0.0000,0.0000,not determined,81917.7819,81917.7440,-0.0317
059003.000074,1.5,+0.0000,0.0000,not determined,-19065.2283,-19065.2033,+0.0311
059003.000160,3.5,+0.0000,0.0000,not determined,-1306.0849,-1306.1219,-0.0308
059003.000461,0.5,+0.0000,0.0000,not determined,72553.8023,72553.8264,+0.0304
059003.000086,1.5,+0.0000,0.0000,not determined,-16947.9713,-16947.9478,+0.0298
059003.000294,1.5,+0.0140,0.0089,composition,43800.2122,43800.1766,-0.0294
059003.000283,1.5,+0.0000,0.0000,not determined,39663.4214,39663.4445,+0.0293
059003.000224,3.5,+0.0363,0.0500,not determined,26709.6002,26709.5648,-0.0292
059003.000207,1.5,+0.0192,0.0120,composition,23995.5838,23995.5492,-0.0284
059003.000033,7.5,+0.0000,0.0000,not determined,-34771.8443,-34771.8786,-0.0281
059003.000552,7.5,+0.0000,0.0000,not determined,67168.4483,67168.4141,-0.0280
059003.000481,6.5,+0.0000,0.0000,not determined,78171.9807,78171.9465,-0.0280
059003.000490,0.5,+0.0000,0.0000,not determined,79793.4248,79793.4464,+0.0278
059003.000059,7.5,+0.0000,0.0000,not determined,-21690.8226,-21690.8556,-0.0268
059003.000475,1.5,+0.0000,0.0000,not determined,76764.8901,76764.9099,+0.0260
059003.000089,1.5,+0.0000,0.0000,not determined,-16175.0887,-16175.0692,+0.0257
059003.000243,3.5,+0.0000,0.0500,not determined,29106.0403,29106.0590,+0.0249
059003.000057,6.5,+0.0000,0.0000,not determined,-22112.4318,-22112.4629,-0.0248
059003.000339,7.5,+0.0000,0.0000,not determined,65824.0863,65824.0562,-0.0239
059003.000266,4.5,+0.0000,0.0000,not determined,33804.3031,33804.3203,+0.0235
059003.000495,1.5,+0.0000,0.0000,not determined,82357.1133,82357.1304,+0.0234
059003.000399,6.5,+0.0000,0.0000,not determined,78549.6453,78549.6163,-0.0227
059003.000273,1.5,+0.0097,0.0116,composition,36183.8697,36183.8408,-0.0227
059003.000255,4.5,+0.0319,0.0500,not determined,30460.6121,30460.5834,-0.0225
059003.000268,4.5,+0.0000,0.0000,not determined,34380.3881,34380.4041,+0.0222
059003.000267,3.5,+0.0000,0.0500,not determined,34152.6403,34152.6559,+0.0219
059003.000293,1.5,+0.0895,0.0500,not determined,43266.7738,43266.7894,+0.0218
059003.000040,5.5,+0.0000,0.0500,not determined,-26731.0050,-26730.9896,+0.0217
059003.000162,0.5,+0.0000,0.0000,not determined,-675.8094,-675.7941,+0.0215
059003.000420,5.5,+0.0000,0.0000,not determined,91974.5358,91974.5509,+0.0213
059003.000479,7.5,+0.0000,0.0000,not determined,78150.2442,78150.2589,+0.0210
059003.000344,2.5,+0.0000,0.0000,not determined,67519.9394,67519.9539,+0.0207
059003.000434,1.5,+0.0000,0.0000,not determined,29330.6393,29330.6534,+0.0203
059003.000152,1.5,+0.0000,0.0000,not determined,-3361.9431,-3361.9291,+0.0203
059003.000094,0.5,+0.0000,0.0000,not determined,-15760.1858,-15760.1719,+0.0202
059003.000379,6.5,+0.0000,0.0000,not determined,76182.7665,76182.7410,-0.0192
059003.000607,6.5,+0.0000,0.0000,not determined,99562.9245,99562.8990,-0.0192
059003.000362,7.5,+0.0000,0.0000,not determined,73670.7632,73670.7380,-0.0189
059003.000217,2.5,+0.0000,0.0500,not determined,25591.8854,25591.8981,+0.0189
059003.000260,1.5,+0.0000,0.0000,not determined,32275.3960,32275.4086,+0.0188
059003.000063,2.5,+0.0000,0.0000,not determined,-21013.8243,-21013.8118,+0.0187
059003.000202,4.5,+0.0378,0.0500,not determined,22837.0871,22837.0996,+0.0187
059003.000385,5.5,+0.0000,0.0000,not determined,76707.5421,76707.5174,-0.0185
059003.000326,5.5,+0.0000,0.0000,not determined,63391.6132,63391.6255,+0.0185
059003.000402,1.5,+0.0000,0.0000,not determined,78998.4118,78998.4239,+0.0184
059003.000391,2.5,+0.0000,0.0000,not determined,77501.4450,77501.4567,+0.0180
059003.000602,2.5,+0.0000,0.0000,not determined,97394.2930,97394.3047,+0.0180
059003.000393,6.5,+0.0000,0.0000,not determined,78022.5481,78022.5244,-0.0174
059003.000387,7.5,+0.0000,0.0000,not determined,77013.3021,77013.2786,-0.0173
059003.000271,1.5,+0.0000,0.0000,not determined,35238.0604,35238.0714,+0.0173
059003.000241,5.5,+0.0000,0.0000,not determined,29012.4194,29012.4304,+0.0172
059003.000446,3.5,+0.0000,0.0000,not determined,44926.0063,44926.0173,+0.0172
059003.000564,3.5,+0.0000,0.0000,not determined,76214.7183,76214.7293,+0.0172
059003.000287,0.5,-0.0084,0.0059,composition,40516.7435,40516.7544,+0.0171
059003.000485,1.5,+0.0000,0.0000,not determined,78975.7130,78975.7239,+0.0171
059003.000542,1.5,+0.0000,0.0000,not determined,62552.2561,62552.2667,+0.0169
059003.000106,4.5,+0.0000,0.0000,not determined,-14437.6295,-14437.6191,+0.0166
059003.000043,3.5,+0.0470,0.0500,not determined,-25338.0479,-25338.0380,+0.0162
059003.000319,2.5,+0.0000,0.0000,not determined,61845.8302,61845.8402,+0.0162
059003.000078,1.5,+0.0000,0.0000,not determined,-18077.1881,-18077.1782,+0.0162
059003.000457,5.5,+0.0000,0.0000,not determined,60713.0777,60713.0553,-0.0161
059003.000361,6.5,+0.0000,0.0000,not determined,73544.1519,73544.1296,-0.0160
059003.000567,6.5,+0.0000,0.0000,not determined,83707.5619,83707.5717,+0.0160
059003.000412,6.5,+0.0000,0.0000,not determined,82205.6365,82205.6143,-0.0159
059003.000410,7.5,+0.0000,0.0000,not determined,81893.5257,81893.5036,-0.0159
059003.000355,1.5,+0.0000,0.0000,not determined,72043.0555,72043.0651,+0.0159
059003.000322,2.5,+0.0000,0.0000,not determined,62439.8257,62439.8036,-0.0159
059003.000258,4.5,+0.0000,0.0500,not determined,31795.5246,31795.5025,-0.0158
059003.000523,7.5,+0.0000,0.0000,not determined,96808.6060,96808.5841,-0.0157
059003.000121,2.5,+0.0000,0.0000,not determined,-11773.2146,-11773.2053,+0.0155
059003.000454,5.5,+0.0000,0.0000,not determined,48500.9765,48500.9855,+0.0152
059003.000047,2.5,+0.0000,0.0000,not determined,-24179.7537,-24179.7448,+0.0151
059003.000466,2.5,+0.0000,0.0000,not determined,73999.6263,73999.6352,+0.0151
059003.000105,3.5,+0.0000,0.0000,not determined,-14754.7263,-14754.7175,+0.0151
059003.000334,3.5,+0.0000,0.0000,not determined,64670.2068,64670.2154,+0.0148
059003.000395,1.5,+0.0000,0.0000,not determined,78314.8257,78314.8340,+0.0145
059003.000516,3.5,+0.0000,0.0000,not determined,94937.0465,94937.0544,+0.0141
059003.000431,1.5,+0.0000,0.0500,not determined,25847.6044,25847.6123,+0.0141
059003.000104,2.5,+0.0000,0.0000,not determined,-14764.3738,-14764.3660,+0.0140
059003.000378,5.5,+0.0000,0.0000,not determined,76177.6286,76177.6085,-0.0138
059003.000383,7.5,+0.0000,0.0000,not determined,76446.6560,76446.6360,-0.0138
059003.000103,5.5,+0.0000,0.0000,not determined,-14867.6922,-14867.7121,-0.0136
059003.000499,3.5,+0.0000,0.0000,not determined,89687.4868,89687.4672,-0.0134
059003.000491,1.5,+0.0000,0.0000,not determined,79851.4393,79851.4465,+0.0134
059003.000091,6.5,+0.0000,0.0000,not determined,-16050.5330,-16050.5526,-0.0133
059003.000128,1.5,+0.0000,0.0000,not determined,-10289.2397,-10289.2329,+0.0131
059003.000427,5.5,+0.0000,0.0000,not determined,94278.2591,94278.2398,-0.0130
059003.000337,5.5,+0.0000,0.0000,not determined,65678.8941,65678.8749,-0.0130
059003.000538,8.5,+0.0000,0.0000,not determined,99856.1160,99856.0968,-0.0130
059003.000044,2.5,+0.0000,0.0000,not determined,-25038.2998,-25038.2931,+0.0129
059003.000530,8.5,+0.0000,0.0000,not determined,98735.0581,98735.0389,-0.0129
059003.000331,5.5,+0.0000,0.0000,not determined,64118.7318,64118.7128,-0.0128
059003.000374,8.5,+0.0000,0.0000,not determined,75499.9709,75499.9518,-0.0128
059003.000253,3.5,+0.0344,0.0500,not determined,30205.2887,30205.2951,+0.0126
059003.000502,7.5,+0.0000,0.0000,not determined,93557.6017,93557.5829,-0.0126
059003.000323,6.5,+0.0000,0.0000,not determined,62454.8027,62454.7839,-0.0125
059003.000112,2.5,+0.0000,0.0000,not determined,-13290.6906,-13290.6845,+0.0124
059003.000278,1.5,+0.0000,0.0000,not determined,37666.8916,37666.8977,+0.0123
059003.000519,3.5,+0.0000,0.0000,not determined,95643.1010,95643.1071,+0.0123
059003.000101,1.5,+0.0000,0.0000,not determined,-14974.9723,-14974.9662,+0.0123
059003.000390,8.5,+0.0000,0.0000,not determined,77264.1986,77264.1801,-0.0122
059003.000056,1.5,+0.0000,0.0000,not determined,-22130.0322,-22130.0264,+0.0121
059003.000456,4.5,+0.0000,0.0000,not determined,60378.9851,60378.9668,-0.0121
059003.000113,7.5,+0.0000,0.0000,not determined,-13246.3469,-13246.3649,-0.0119
059003.000363,8.5,+0.0000,0.0000,not determined,73797.9866,73797.9685,-0.0118
059003.000418,4.5,+0.0000,0.0000,not determined,89342.9526,89342.9346,-0.0118
059003.000178,8.5,+0.0000,0.0000,not determined,1801.2333,1801.2152,-0.0118
059003.000159,1.5,+0.0000,0.0000,not determined,-2028.0341,-2028.0286,+0.0118
059003.000358,2.5,+0.0000,0.0000,not determined,72269.2067,72269.2123,+0.0118
059003.000231,3.5,+0.0342,0.0500,not determined,27627.2366,27627.2186,-0.0118
059003.000324,5.5,+0.0000,0.0000,not determined,63210.0264,63210.0318,+0.0116
059003.000460,1.5,+0.0000,0.0000,not determined,72547.1487,72547.1541,+0.0116
059003.000400,7.5,+0.0000,0.0000,not determined,78837.2370,78837.2191,-0.0116
059003.000471,6.5,+0.0000,0.0000,not determined,75993.0650,75993.0471,-0.0116
059003.000122,2.5,+0.0000,0.0000,not determined,-11628.5219,-11628.5166,+0.0116
059003.000144,2.5,+0.0000,0.0000,not determined,-4705.3702,-4705.3649,+0.0115
059003.000489,2.5,+0.0000,0.0000,not determined,79761.4196,79761.4248,+0.0115
059003.000067,3.5,+0.0000,0.0000,not determined,-20235.5269,-20235.5216,+0.0115
059003.000156,5.5,+0.0000,0.0000,not determined,-2555.0541,-2555.0489,+0.0115
059003.000290,1.5,-0.0001,0.0106,composition,41672.1507,41672.1558,+0.0113
059003.000492,2.5,+0.0000,0.0000,not determined,81489.9238,81489.9289,+0.0113
059003.000155,2.5,+0.0000,0.0000,not determined,-2573.3450,-2573.3401,+0.0112
059003.000528,7.5,+0.0000,0.0000,not determined,97380.9921,97380.9747,-0.0112
059003.000371,1.5,+0.0000,0.0000,not determined,74597.4719,74597.4768,+0.0111
059003.000168,1.5,+0.0000,0.0000,not determined,-105.1623,-105.1574,+0.0111
059003.000117,1.5,+0.0000,0.0000,not determined,-12304.1995,-12304.1947,+0.0110
059003.000096,6.5,+0.0000,0.0000,not determined,-15577.8249,-15577.8421,-0.0109
059003.000147,1.5,+0.0000,0.0000,not determined,-4087.8291,-4087.8246,+0.0107
059003.000038,1.5,+0.0000,0.0000,not determined,-28275.4312,-28275.4267,+0.0107
059003.000143,0.5,+0.0000,0.0000,not determined,-5027.0751,-5027.0707,+0.0107
059003.000222,2.5,+0.0000,0.0500,not determined,26683.8216,26683.8047,-0.0106
059003.000366,2.5,+0.0000,0.0000,not determined,74331.1657,74331.1701,+0.0106
059003.000520,4.5,+0.0000,0.0000,not determined,95705.8683,95705.8515,-0.0106
059003.000252,5.5,+0.0000,0.0500,not determined,30182.8676,30182.8508,-0.0106
059003.000483,2.5,+0.0000,0.0000,not determined,78460.7697,78460.7740,+0.0105
059003.000462,2.5,+0.0000,0.0000,not determined,72677.2587,72677.2629,+0.0105
059003.000083,2.5,+0.0000,0.0000,not determined,-17614.4604,-17614.4562,+0.0104
059003.000424,7.5,+0.0000,0.0000,not determined,93852.3797,93852.3631,-0.0104
059003.000157,0.5,+0.0000,0.0000,not determined,-2542.5620,-2542.5579,+0.0103
059003.000092,2.5,+0.0000,0.0000,not determined,-15979.6773,-15979.6733,+0.0102
059003.000425,8.5,+0.0000,0.0000,not determined,94147.2959,94147.2796,-0.0100
059003.000336,5.5,+0.0000,0.0000,not determined,65563.0418,65563.0257,-0.0099
059003.000484,3.5,+0.0000,0.0000,not determined,78843.6525,78843.6561,+0.0099
059003.000508,4.5,+0.0000,0.0000,not determined,94285.6267,94285.6107,-0.0098
059003.000234,4.5,+0.0000,0.0500,not determined,28173.1679,28173.1519,-0.0098
059003.000185,1.5,+0.0000,0.0000,not determined,9175.9671,9175.9707,+0.0098
059003.000175,2.5,+0.0000,0.0000,not determined,873.0174,873.0209,+0.0098
059003.000305,4.5,+0.0000,0.0000,not determined,49722.5806,49722.5646,-0.0097
059003.000330,4.5,+0.0000,0.0000,not determined,64109.4424,64109.4459,+0.0097
059003.000343,3.5,+0.0000,0.0000,not determined,67439.4257,67439.4098,-0.0097
059003.000097,3.5,+0.0000,0.0000,not determined,-15573.7742,-15573.7708,+0.0096
059003.000193,3.5,+0.0000,0.0000,not determined,13867.1285,13867.1319,+0.0096
059003.000527,6.5,+0.0000,0.0000,not determined,97259.6111,97259.5953,-0.0096
059003.000066,7.5,+0.0000,0.0000,not determined,-20304.3411,-20304.3568,-0.0095
059003.000540,0.5,+0.0000,0.0000,not determined,-17626.9788,-17626.9757,+0.0093
059003.000382,3.5,+0.0000,0.0000,not determined,76444.4068,76444.4099,+0.0093
059003.000137,0.5,+0.0000,0.0000,not determined,-7421.9106,-7421.9075,+0.0093
059003.000440,2.5,+0.0000,0.0500,not determined,37185.2983,37185.3014,+0.0093
059003.000054,3.5,+0.0000,0.0000,not determined,-22709.4661,-22709.4631,+0.0093
059003.000034,1.5,+0.0000,0.0000,not determined,-29854.9270,-29854.9241,+0.0091
059003.000577,6.5,+0.0000,0.0000,not determined,92844.9050,92844.8898,-0.0090
059003.000170,0.5,+0.0000,0.0000,not determined,259.8341,259.8368,+0.0090
059003.000068,2.5,+0.0000,0.0000,not determined,-20179.5217,-20179.5190,+0.0089
059003.000079,6.5,+0.0000,0.0000,not determined,-17986.8620,-17986.8771,-0.0089
059003.000317,3.5,+0.0000,0.0000,not determined,61563.3864,61563.3890,+0.0087
059003.000090,1.5,+0.0000,0.0000,not determined,-16133.9770,-16133.9745,+0.0087
059003.000550,4.5,+0.0000,0.0000,not determined,67080.7804,67080.7654,-0.0087
059003.000049,6.5,+0.0000,0.0000,not determined,-23771.3701,-23771.3850,-0.0087
059003.000356,7.5,+0.0000,0.0000,not determined,72109.4353,72109.4204,-0.0086
059003.000135,3.5,+0.0000,0.0000,not determined,-7970.9397,-7970.9373,+0.0086
059003.000464,3.5,+0.0000,0.0000,not determined,73838.9797,73838.9821,+0.0086
059003.000398,2.5,+0.0000,0.0000,not determined,78367.1726,78367.1750,+0.0086
059003.000604,1.5,+0.0000,0.0000,not determined,97503.0542,97503.0566,+0.0086
059003.000373,2.5,+0.0000,0.0000,not determined,74688.4172,74688.4196,+0.0086
059003.000098,2.5,+0.0000,0.0000,not determined,-15474.1529,-15474.1506,+0.0085
059003.000560,4.5,+0.0000,0.0000,not determined,69348.4120,69348.3973,-0.0085
059003.000164,6.5,+0.0000,0.0000,not determined,-524.0445,-524.0593,-0.0085
059003.000254,2.5,+0.0000,0.0000,not determined,30455.9730,30455.9751,+0.0084
059003.000476,5.5,+0.0000,0.0000,not determined,76852.9410,76852.9265,-0.0083
059003.000562,6.5,+0.0000,0.0000,not determined,71967.5585,71967.5439,-0.0083
059003.000076,2.5,+0.0000,0.0000,not determined,-18377.1608,-18377.1588,+0.0082
059003.000493,3.5,+0.0000,0.0000,not determined,82186.9404,82186.9424,+0.0081
059003.000494,3.5,+0.0000,0.0000,not determined,82354.2684,82354.2703,+0.0081
059003.000507,5.5,+0.0000,0.0000,not determined,94144.7970,94144.7827,-0.0081
059003.000572,4.5,+0.0000,0.0000,not determined,90229.0029,90228.9886,-0.0081
059003.000504,5.5,+0.0000,0.0000,not determined,93811.6114,93811.6132,+0.0080
059003.000338,6.5,+0.0000,0.0000,not determined,65793.4119,65793.3976,-0.0080
059003.000316,5.5,+0.0000,0.0000,not determined,61399.4269,61399.4286,+0.0080
059003.000526,2.5,+0.0000,0.0000,not determined,97209.5254,97209.5271,+0.0080
059003.000132,5.5,+0.0000,0.0000,not determined,-8719.9087,-8719.9069,+0.0080
059003.000486,2.5,+0.0000,0.0000,not determined,79362.9033,79362.9050,+0.0079
059003.000500,3.5,+0.0000,0.0000,not determined,93189.7151,93189.7167,+0.0079
059003.000372,7.5,+0.0000,0.0000,not determined,74608.3452,74608.3311,-0.0079
059003.000181,4.5,+0.0000,0.0000,not determined,6580.3676,6580.3535,-0.0079
059003.000136,3.5,+0.0000,0.0000,not determined,-7437.7014,-7437.7155,-0.0079
059003.000061,7.5,+0.0000,0.0000,not determined,-21583.5731,-21583.5871,-0.0078
059003.000303,3.5,+0.0000,0.0000,not determined,48285.8173,48285.8033,-0.0078
059003.000256,5.5,+0.0000,0.0500,not determined,30752.3766,30752.3627,-0.0077
059003.000119,3.5,+0.0000,0.0000,not determined,-12087.0693,-12087.0679,+0.0076
059003.000487,3.5,+0.0000,0.0000,not determined,79635.3890,79635.3904,+0.0076
059003.000405,4.5,+0.0000,0.0000,not determined,79243.2559,79243.2573,+0.0076
059003.000130,2.5,+0.0000,0.0000,not determined,-9957.7772,-9957.7759,+0.0076
059003.000171,7.5,+0.0000,0.0000,not determined,500.3810,500.3672,-0.0075
059003.000488,4.5,+0.0000,0.0000,not determined,79659.1230,79659.1241,+0.0074
059003.000438,3.5,+0.0000,0.0000,not determined,36757.1698,36757.1709,+0.0073
059003.000340,5.5,+0.0000,0.0000,not determined,66224.5148,66224.5013,-0.0073
059003.000351,6.5,+0.0000,0.0000,not determined,71305.3498,71305.3362,-0.0073
059003.000578,5.5,+0.0000,0.0000,not determined,95181.1868,95181.1732,-0.0073
059003.000166,7.5,+0.0000,0.0000,not determined,-439.8419,-439.8554,-0.0072
059003.000327,4.5,+0.0000,0.0000,not determined,63604.8538,63604.8548,+0.0072
059003.000531,6.5,+0.0000,0.0000,not determined,98809.5642,98809.5508,-0.0072
059003.000354,6.5,+0.0000,0.0000,not determined,71884.5272,71884.5138,-0.0072
059003.000308,3.5,+0.0000,0.0000,not determined,53216.0723,53216.0732,+0.0071
059003.000176,1.5,+0.0000,0.0000,not determined,980.0778,980.0787,+0.0071
059003.000428,3.5,+0.0000,0.0000,not determined,96219.5367,96219.5375,+0.0070
059003.000380,3.5,+0.0000,0.0000,not determined,76195.1721,76195.1728,+0.0070
059003.000350,3.5,+0.0000,0.0000,not determined,71107.8397,71107.8403,+0.0068
059003.000036,2.5,+0.0000,0.0000,not determined,-29087.4820,-29087.4814,+0.0068
059003.000548,4.5,+0.0000,0.0000,not determined,66928.1176,66928.1046,-0.0068
059003.000284,6.5,+0.0000,0.0500,not determined,39910.5726,39910.5597,-0.0067
059003.000397,3.5,+0.0000,0.0000,not determined,78421.5420,78421.5425,+0.0067
059003.000052,6.5,+0.0000,0.0000,not determined,-23136.4918,-23136.5048,-0.0067
059003.000065,0.5,+0.0000,0.0000,not determined,-20531.9827,-20531.9823,+0.0066
059003.000180,2.5,+0.0000,0.0000,not determined,5677.6910,5677.6914,+0.0066
059003.000329,3.5,+0.0000,0.0000,not determined,64082.9213,64082.9216,+0.0065
059003.000549,3.5,+0.0000,0.0000,not determined,66998.6131,66998.6133,+0.0064
059003.000450,2.5,+0.0000,0.0000,not determined,46756.7327,46756.7329,+0.0064
059003.000069,5.5,+0.0000,0.0000,not determined,-19916.6594,-19916.6720,-0.0063
059003.000392,3.5,+0.0000,0.0000,not determined,77819.0127,77819.0128,+0.0063
059003.000272,3.5,+0.0000,0.0000,not determined,36068.3747,36068.3748,+0.0063
059003.000151,4.5,+0.0000,0.0000,not determined,-3397.2193,-3397.2318,-0.0063
059003.000621,9.5,+0.0000,0.0000,not determined,0.0000,0.0000,+0.0062
059003.000169,4.5,+0.0000,0.0000,not determined,0.0000,0.0000,+0.0062
059003.000073,3.5,+0.0000,0.0000,not determined,-19353.1380,-19353.1380,+0.0062
059003.000116,8.5,+0.0000,0.0000,not determined,-112448.4990,-112448.4990,+0.0062
059003.000554,4.5,+0.0000,0.0000,not determined,67952.2140,67952.2016,-0.0062
059003.000270,2.5,+0.0000,0.0000,not determined,34879.5633,34879.5632,+0.0061
059003.000037,3.5,+0.0000,0.0000,not determined,-28366.5900,-28366.5901,+0.0061
059003.000368,3.5,+0.0000,0.0000,not determined,74405.2980,74405.2979,+0.0061
059003.000282,5.5,+0.0359,0.0500,not determined,39468.8984,39468.8862,-0.0061
059003.000416,5.5,+0.0000,0.0000,not determined,89156.0497,89156.0495,+0.0060
059003.000081,2.5,+0.0000,0.0000,not determined,-17806.8120,-17806.8122,+0.0060
059003.000474,4.5,+0.0000,0.0000,not determined,76655.9825,76655.9823,+0.0060
059003.000415,4.5,+0.0000,0.0000,not determined,89127.3171,89127.3169,+0.0060
059003.000332,7.5,+0.0000,0.0000,not determined,64258.5433,64258.5312,-0.0059
059003.000108,4.5,+0.0000,0.0000,not determined,-14191.7196,-14191.7200,+0.0059
059003.000498,2.5,+0.0000,0.0000,not determined,89574.2561,89574.2557,+0.0058
059003.000138,1.5,+0.0000,0.0000,not determined,-6936.7599,-6936.7603,+0.0058
059003.000557,5.5,+0.0000,0.0000,not determined,68178.3290,68178.3170,-0.0058
059003.000035,4.5,+0.0000,0.0000,not determined,-29192.7103,-29192.7109,+0.0056
059003.000408,6.5,+0.0000,0.0000,not determined,81272.9888,81272.9770,-0.0056
059003.000085,3.5,+0.0000,0.0000,not determined,-17144.6815,-17144.6821,+0.0056
059003.000406,6.5,+0.0000,0.0000,not determined,79385.3347,79385.3230,-0.0055
059003.000046,5.5,+0.0000,0.0000,not determined,-24365.6692,-24365.6810,-0.0055
059003.000095,2.5,+0.0000,0.0000,not determined,-15692.8171,-15692.8179,+0.0055
059003.000313,3.5,+0.0000,0.0000,not determined,57604.6873,57604.6865,+0.0054
059003.000177,3.5,+0.0000,0.0000,not determined,1798.3291,1798.3283,+0.0054
059003.000375,6.5,+0.0000,0.0000,not determined,75571.5591,75571.5475,-0.0054
059003.000608,7.5,+0.0000,0.0000,not determined,99562.3761,99562.3645,-0.0054
059003.000001,4.5,+0.0000,0.0000,not determined,-39225.6329,-39225.6338,+0.0053
059003.000411,4.5,+0.0000,0.0000,not determined,82156.8847,82156.8837,+0.0053
059003.000517,6.5,+0.0000,0.0000,not determined,94994.7347,94994.7232,-0.0053
059003.000120,5.5,+0.0000,0.0000,not determined,-11845.3088,-11845.3203,-0.0053
059003.000503,3.5,+0.0000,0.0000,not determined,93650.7587,93650.7473,-0.0052
059003.000250,3.5,+0.0332,0.0500,not determined,29761.3762,29761.3649,-0.0051
059003.000259,3.5,+0.0000,0.0000,not determined,32159.9734,32159.9723,+0.0051
059003.000341,4.5,+0.0000,0.0000,not determined,66340.9544,66340.9432,-0.0050
059003.000235,3.5,+0.0000,0.0500,not determined,28014.6740,28014.6727,+0.0050
059003.000594,6.5,+0.0000,0.0000,not determined,97332.4914,97332.4802,-0.0049
059003.000543,2.5,+0.0000,0.0000,not determined,64747.7301,64747.7288,+0.0049
059003.000111,3.5,+0.0000,0.0000,not determined,-13815.8970,-13815.8984,+0.0048
059003.000123,4.5,+0.0000,0.0000,not determined,-11621.3670,-11621.3684,+0.0048
059003.000346,3.5,+0.0000,0.0000,not determined,68073.4231,68073.4216,+0.0048
059003.000311,3.5,+0.0000,0.0000,not determined,54741.7077,54741.7063,+0.0048
059003.000472,3.5,+0.0000,0.0000,not determined,76264.1464,76264.1450,+0.0048
059003.000312,4.5,+0.0000,0.0000,not determined,55922.0521,55922.0411,-0.0047
059003.000571,3.5,+0.0000,0.0000,not determined,89783.8784,89783.8769,+0.0047
059003.000328,6.5,+0.0000,0.0000,not determined,63756.2718,63756.2609,-0.0047
059003.000075,4.5,+0.0000,0.0000,not determined,-18909.9645,-18909.9661,+0.0047
059003.000413,5.5,+0.0000,0.0000,not determined,82306.9977,82306.9868,-0.0047
059003.000367,6.5,+0.0000,0.0000,not determined,74374.6526,74374.6417,-0.0047
059003.000357,3.5,+0.0000,0.0000,not determined,72117.0545,72117.0529,+0.0046
059003.000448,4.5,+0.0000,0.0500,not determined,45464.5054,45464.5038,+0.0046
059003.000565,4.5,+0.0000,0.0000,not determined,79741.7412,79741.7304,-0.0045
059003.000429,4.5,+0.0000,0.0000,not determined,96643.0859,96643.0842,+0.0045
059003.000032,6.5,+0.0000,0.0000,not determined,-36332.4759,-36332.4866,-0.0045
059003.000381,4.5,+0.0000,0.0000,not determined,76274.0892,76274.0786,-0.0045
059003.000612,5.5,+0.0000,0.0000,not determined,99574.3792,99574.3686,-0.0045
059003.000173,4.5,+0.0000,0.0000,not determined,644.6150,644.6132,+0.0044
059003.000389,4.5,+0.0000,0.0000,not determined,77227.5713,77227.5694,+0.0043
059003.000388,5.5,+0.0000,0.0000,not determined,77083.6492,77083.6387,-0.0043
059003.000163,2.5,+0.0000,0.0000,not determined,-531.1600,-531.1619,+0.0043
059003.000534,5.5,+0.0000,0.0000,not determined,99185.1885,99185.1780,-0.0043
059003.000124,5.5,+0.0000,0.0000,not determined,-11123.8616,-11123.8721,-0.0043
059003.000174,3.5,+0.0000,0.0000,not determined,715.1233,715.1213,+0.0042
059003.000563,4.5,+0.0000,0.0000,not determined,74628.7489,74628.7469,+0.0042
059003.000082,4.5,+0.0000,0.0000,not determined,-17690.4711,-17690.4732,+0.0042
059003.000062,4.5,+0.0000,0.0000,not determined,-21162.2378,-21162.2482,-0.0042
059003.000529,4.5,+0.0000,0.0000,not determined,97417.8542,97417.8438,-0.0042
059003.000470,4.5,+0.0000,0.0000,not determined,75950.2047,75950.2025,+0.0041
059003.000426,6.5,+0.0000,0.0000,not determined,94167.4933,94167.4911,+0.0040
059003.000482,4.5,+0.0000,0.0000,not determined,78282.2488,78282.2466,+0.0040
059003.000276,5.5,+0.0000,0.0500,not determined,36414.3205,36414.3103,-0.0040
059003.000080,3.5,+0.0000,0.0000,not determined,-17930.7087,-17930.7110,+0.0039
059003.000437,4.5,+0.0000,0.0500,not determined,35470.6076,35470.5975,-0.0039
059003.000048,3.5,+0.0000,0.0000,not determined,-23782.1118,-23782.1141,+0.0039
059003.000179,3.5,+0.0000,0.0000,not determined,5454.2874,5454.2850,+0.0038
059003.000467,5.5,+0.0000,0.0000,not determined,74629.2425,74629.2325,-0.0038
059003.000496,4.5,+0.0000,0.0000,not determined,82915.5958,82915.5932,+0.0037
059003.000279,2.5,+0.0000,0.0500,not determined,38596.2974,38596.2948,+0.0036
059003.000401,4.5,+0.0000,0.0000,not determined,78855.3605,78855.3578,+0.0036
059003.000167,4.5,+0.0000,0.0000,not determined,-201.3553,-201.3651,-0.0036
059003.000307,4.5,+0.0000,0.0000,not determined,51403.5862,51403.5834,+0.0035
059003.000146,3.5,+0.0000,0.0000,not determined,-4201.1336,-4201.1364,+0.0035
059003.000573,4.5,+0.0000,0.0000,not determined,90518.5265,90518.5168,-0.0035
059003.000480,5.5,+0.0000,0.0000,not determined,78159.4528,78159.4431,-0.0034
059003.000514,5.5,+0.0000,0.0000,not determined,94843.8314,94843.8217,-0.0034
059003.000099,4.5,+0.0000,0.0000,not determined,-15381.0282,-15381.0310,+0.0034
059003.000115,3.5,+0.0000,0.0000,not determined,-12778.7151,-12778.7180,+0.0034
059003.000064,5.5,+0.0000,0.0000,not determined,-20984.0523,-20984.0619,-0.0033
059003.000071,8.5,+0.0000,0.0000,not determined,-19575.8966,-19575.9061,-0.0033
059003.000376,9.5,+0.0000,0.0000,not determined,75745.1874,75745.1779,-0.0033
059003.000532,9.5,+0.0000,0.0000,not determined,98852.0994,98852.0899,-0.0033
059003.000039,4.5,+0.0000,0.0000,not determined,-27463.9297,-27463.9327,+0.0033
059003.000347,4.5,+0.0000,0.0000,not determined,68628.8332,68628.8303,+0.0033
059003.000370,4.5,+0.0000,0.0000,not determined,74554.9211,74554.9182,+0.0033
059003.000309,2.5,+0.0000,0.0000,not determined,53328.9491,53328.9461,+0.0033
059003.000439,5.5,+0.0000,0.0000,not determined,36904.7574,36904.7543,+0.0032
059003.000045,4.5,+0.0000,0.0000,not determined,-24666.7537,-24666.7631,-0.0032
059003.000087,3.5,+0.0000,0.0000,not determined,-16697.8983,-16697.9014,+0.0032
059003.000536,5.5,+0.0000,0.0000,not determined,99614.0140,99614.0047,-0.0031
059003.000072,5.5,+0.0000,0.0000,not determined,-19524.6780,-19524.6873,-0.0031
059003.000060,4.5,+0.0000,0.0000,not determined,-21598.6110,-21598.6204,-0.0031
059003.000369,5.5,+0.0000,0.0000,not determined,74438.9530,74438.9436,-0.0031
059003.000070,6.5,+0.0000,0.0000,not determined,-19865.5202,-19865.5296,-0.0031
059003.000306,5.5,+0.0000,0.0000,not determined,50894.1014,50894.0983,+0.0031
059003.000430,2.5,+0.0000,0.0000,not determined,-8622.9218,-8622.9250,+0.0031
059003.000269,5.5,+0.0000,0.0000,not determined,34383.5112,34383.5019,-0.0031
059003.000208,3.5,+0.0477,0.0500,not determined,24006.5759,24006.5666,-0.0031
059003.000360,5.5,+0.0000,0.0000,not determined,73417.5738,73417.5705,+0.0030
059003.000601,4.5,+0.0000,0.0000,not determined,97371.1178,97371.1145,+0.0030
059003.000126,4.5,+0.0000,0.0000,not determined,-10504.8686,-10504.8778,-0.0030
059003.000442,4.5,+0.0000,0.0000,not determined,37668.8905,37668.8872,+0.0029
059003.000352,5.5,+0.0000,0.0000,not determined,71655.5644,71655.5553,-0.0029
059003.000409,5.5,+0.0000,0.0000,not determined,81869.2729,81869.2694,+0.0027
059003.000377,4.5,+0.0000,0.0000,not determined,76098.6755,76098.6720,+0.0027
059003.000274,2.5,+0.0464,0.0500,not determined,36335.0766,36335.0730,+0.0026
059003.000501,6.5,+0.0000,0.0000,not determined,93425.7987,93425.7898,-0.0026
059003.000223,5.5,+0.0227,0.0054,"composition, CONFLICTS with own flags",26696.7381,26696.7292,-0.0026
059003.000597,4.5,+0.0000,0.0000,not determined,97346.6104,97346.6015,-0.0026
059003.000247,4.5,+0.0251,0.0500,not determined,29318.5461,29318.5425,+0.0026
059003.000298,1.5,+0.0000,0.0000,not determined,45044.8080,45044.8044,+0.0026
059003.000277,4.5,+0.0000,0.0500,not determined,36536.5644,36536.5557,-0.0025
059003.000558,5.5,+0.0000,0.0000,not determined,68471.4810,68471.4723,-0.0025
059003.000031,5.5,+0.0000,0.0000,not determined,-37827.2736,-37827.2774,+0.0024
059003.000153,3.5,+0.0000,0.0000,not determined,-2585.2535,-2585.2573,+0.0024
059003.000110,6.5,+0.0000,0.0000,not determined,-13833.8354,-13833.8441,-0.0024
059003.000154,6.5,+0.0000,0.0000,not determined,-2583.4864,-2583.4950,-0.0024
059003.000518,7.5,+0.0000,0.0000,not determined,95276.8056,95276.7970,-0.0024
059003.000109,7.5,+0.0000,0.0000,not determined,-13981.0673,-13981.0758,-0.0023
059003.000452,4.5,+0.0000,0.0000,not determined,47230.1108,47230.1068,+0.0023
059003.000335,6.5,+0.0000,0.0000,not determined,65373.3289,65373.3205,-0.0022
059003.000248,3.5,+0.0251,0.0055,"composition, CONFLICTS with own flags",29576.0606,29576.0565,+0.0022
059003.000051,4.5,+0.0000,0.0000,not determined,-23520.4818,-23520.4859,+0.0022
059003.000505,6.5,+0.0000,0.0000,not determined,93925.3038,93925.2998,+0.0022
059003.000579,6.5,+0.0000,0.0000,not determined,95176.7906,95176.7864,+0.0021
059003.000349,5.5,+0.0000,0.0000,not determined,71070.0036,71069.9994,+0.0021
059003.000198,3.5,+0.0000,0.0500,not determined,21294.7150,21294.7109,+0.0021
059003.000265,2.5,+0.0000,0.0000,not determined,32769.1354,32769.1312,+0.0021
059003.000559,6.5,+0.0000,0.0000,not determined,68752.8735,68752.8653,-0.0020
059003.000088,4.5,+0.0000,0.0000,not determined,-16477.9132,-16477.9175,+0.0020
059003.000107,3.5,+0.0000,0.0000,not determined,-14339.1481,-14339.1563,-0.0019
059003.000053,3.5,+0.0000,0.0000,not determined,-23089.6181,-23089.6224,+0.0019
059003.000469,5.5,+0.0000,0.0000,not determined,75868.6008,75868.5927,-0.0019
059003.000421,4.5,+0.0000,0.0000,not determined,92000.6133,92000.6052,-0.0019
059003.000050,5.5,+0.0000,0.0000,not determined,-23700.0514,-23700.0594,-0.0019
059003.000353,4.5,+0.0000,0.0000,not determined,71696.7374,71696.7330,+0.0018
059003.000417,3.5,+0.0000,0.0000,not determined,89227.5497,89227.5416,-0.0018
059003.000593,5.5,+0.0000,0.0000,not determined,97329.9063,97329.8983,-0.0018
059003.000318,4.5,+0.0000,0.0000,not determined,61721.5536,61721.5456,-0.0018
059003.000304,4.5,+0.0000,0.0000,not determined,48984.1745,48984.1666,-0.0017
059003.000093,5.5,+0.0000,0.0000,not determined,-15783.3788,-15783.3834,+0.0017
059003.000407,5.5,+0.0000,0.0000,not determined,79653.4827,79653.4749,-0.0015
059003.000364,4.5,+0.0000,0.0000,not determined,73933.0245,73933.0168,-0.0015
059003.000510,3.5,+0.0000,0.0000,not determined,94369.4124,94369.4047,-0.0015
059003.000396,5.5,+0.0000,0.0000,not determined,78348.8630,78348.8554,-0.0014
059003.000114,5.5,+0.0000,0.0000,not determined,-13130.4073,-13130.4121,+0.0014
059003.000286,3.5,+0.0000,0.0500,not determined,40169.8878,40169.8830,+0.0014
059003.000574,5.5,+0.0000,0.0000,not determined,90708.9922,90708.9845,-0.0014
059003.000348,5.5,+0.0000,0.0000,not determined,69333.8462,69333.8413,+0.0014
059003.000365,3.5,+0.0000,0.0000,not determined,74066.1196,74066.1148,+0.0014
059003.000359,4.5,+0.0000,0.0000,not determined,72767.1023,72767.0973,+0.0013
059003.000541,3.5,+0.0000,0.0000,not determined,60989.4681,60989.4631,+0.0012
059003.000445,3.5,+0.0000,0.0000,not determined,42857.1356,42857.1282,-0.0012
059003.000394,5.5,+0.0000,0.0000,not determined,78097.3748,78097.3696,+0.0010
059003.000131,4.5,+0.0000,0.0000,not determined,-9390.5192,-9390.5244,+0.0010
059003.000512,4.5,+0.0000,0.0000,not determined,94775.7218,94775.7166,+0.0010
059003.000404,3.5,+0.0000,0.0000,not determined,79092.9372,79092.9300,-0.0010
059003.000459,3.5,+0.0000,0.0000,not determined,72502.6866,72502.6813,+0.0009
059003.000386,3.5,+0.0000,0.0000,not determined,76796.0271,76796.0216,+0.0008
059003.000511,6.5,+0.0000,0.0000,not determined,94424.6635,94424.6565,-0.0007
059003.000580,5.5,+0.0000,0.0000,not determined,95176.8965,95176.8910,+0.0007
059003.000055,4.5,+0.0000,0.0000,not determined,-22461.7095,-22461.7150,+0.0007
059003.000443,7.5,+0.0000,0.0500,not determined,40151.5368,40151.5300,-0.0006
059003.000321,3.5,+0.0000,0.0000,not determined,62220.7070,62220.7002,-0.0006
059003.000320,5.5,+0.0000,0.0000,not determined,61939.7963,61939.7906,+0.0006
059003.000463,4.5,+0.0000,0.0000,not determined,73611.6569,73611.6502,-0.0006
059003.000345,4.5,+0.0000,0.0000,not determined,67856.3040,67856.2972,-0.0005
059003.000186,2.5,+0.0000,0.0000,not determined,9519.8512,9519.8445,-0.0005
059003.000077,1.5,+0.0000,0.0000,not determined,-18368.7988,-18368.8055,-0.0005
059003.000042,5.5,+0.0000,0.0000,not determined,-25873.4174,-25873.4232,+0.0005
059003.000384,2.5,+0.0000,0.0000,not determined,76574.2770,76574.2703,-0.0005
059003.000458,4.5,+0.0000,0.0000,not determined,72292.6826,72292.6759,-0.0005
059003.000325,4.5,+0.0000,0.0000,not determined,63259.0448,63259.0383,-0.0003
059003.000436,3.5,+0.0000,0.0000,not determined,35394.0297,35394.0232,-0.0003
059003.000465,5.5,+0.0000,0.0000,not determined,73986.0193,73986.0133,+0.0002
059003.000041,4.5,+0.0000,0.0000,not determined,-26378.8650,-26378.8715,-0.0002
059003.000310,5.5,+0.0000,0.0000,not determined,54070.8360,54070.8300,+0.0002
059003.000419,4.5,+0.0000,0.0000,not determined,89880.4313,89880.4252,+0.0002
059003.000315,4.5,+0.0000,0.0000,not determined,61204.7098,61204.7035,-0.0001
059003.000403,5.5,+0.0000,0.0000,not determined,79045.9422,79045.9360,+0.0000
059003.000314,4.5,+0.0000,0.0000,not determined,61095.4838,61095.4775,-0.0000
059003.000468,4.5,+0.0000,0.0000,not determined,74669.1016,74669.0953,+0.0000
