wn_key,unc_wn,char,tagged_hfs,n_class,low_id,upp_id,low_iden2,upp_iden2,D,span,dWO-C,A_estimated,attribution,responsible_id,responsible_iden2,responsible_label,note
94650.5226,1.2542,,,1,000078,000384,1204,755,,,-0.967,,no hfs evidence,,,,
46172.4502,0.12,,,1,000062,000215,1221,1062,,,+0.083,,hfs possible,000215,1062,f5d2 ~3F4H,
45994.3206,0.12,,,1,000064,000215,1220,1062,,,+0.095,,hfs possible,000215,1062,f5d2 ~3F4H,
44652.5408,0.1948,w,,1,000108,000255,1173,1012,,,+0.250,,no hfs evidence,,,,
40374.4801,0.1461,w,,1,000093,000212,1187,1066,,,-0.127,,hfs possible,000212,1066,f26p ~3H2I,
40150.6097,0.1461,w,,1,000101,000216,1178,1063,,,+0.229,,no hfs evidence,,,,
38825.7505,0.0844,,,1,000111,000215,1170,1062,,,-0.175,,hfs possible,000215,1062,f5d2 ~3F4H,
38701.8602,0.1948,w,,1,000038,000642,1245,1093,,,-0.269,,hfs possible,000642,1093,f26s _3P4P,A = +0.505 measured from the F=3/F=2 pair
38873.0195,0.1917,w,,1,000255,000348,1012,822,,,-0.213,,no hfs evidence,,,,
52321.7549,0.5,,,1,000142,000450,1139,933,-1.44,3.36,-0.577,yes,hfs,000142,1139,f26s _3F4F,
57582.2533,0.5,,,1,000125,000450,1156,933,-0.33,1.12,-0.524,yes,hfs,000450,933,f5d6s~3G4G,
56820.89,0.5,,,1,000142,000629,1139,918,-0.07,1.30,-0.362,yes,hfs,000142,1139,f26s _3F4F,
60205.3864,0.5,,,1,000172,000457,1107,897,,,-0.451,yes,hfs possible,000457,897,f5d6s~1H2H,
49280.699,0.4,,,1,000189,000457,1090,897,-0.43,1.43,+0.563,yes,hfs,000189,1090,f26s _1I2I,
66262.2386,0.5,cl,,1,000127,000312,1154,904,-1.36,3.02,-0.609,yes,hfs,000127,1154,f26s _3H4H,
35206.6198,0.5,c,,1,000454,000567,926,626,,,+0.519,yes,hfs possible,000454,926,f5d6s~3H4H,
92660.89,0.5,,,4,000126,000411,1155,642,,,,,no hfs evidence,,,,blend of 4
82334.2053,0.5,,,2,000155,000489,1124,681,,,,,no hfs evidence,,,,blend of 2
96306.0913,0.5,,,2,000106,000409,1175,646,,,,,no hfs evidence,,,,blend of 2
82020.47,0.5,,,2,000163,000492,1117,653,,,,,no hfs evidence,,,,blend of 2
93576.7973,0.5,,,1,000111,000489,1170,681,,,-0.520,,no hfs evidence,,,,
94526.6138,0.5,cl,,1,000104,000489,1177,681,,,+0.793,,no hfs evidence,,,,
91281.42,0.5,,,2,000159,000497,1121,541,,,,,no hfs evidence,,,,blend of 2
95038.7919,0.5,cl,,2,000099,000488,1182,682,,,,,no hfs evidence,,,,blend of 2
97588.5,0.5,h,,2,000080,000488,1201,682,,,,,no hfs evidence,,,,blend of 2
98910.8,0.5,,,2,000070,000403,1213,699,,,,,no hfs evidence,,,,blend of 2
95437.08,0.5,**,,4,000114,000413,1169,636,,,,,no hfs evidence,,,,blend of 4
54434.39,0.4,,,1,000215,000678,1062,690,,,+0.331,,hfs possible,000215,1062,f5d2 ~3F4H,
97471.11,0.5,,,3,000096,000410,1183,645,,,,,no hfs evidence,,,,blend of 3
97636.21,0.5,,,1,000073,000482,1207,726,,,+0.824,,no hfs evidence,,,,
93035.8028,0.5,,,2,000105,000482,1179,726,,,,,no hfs evidence,,,,blend of 2
97191.0897,0.5,,,2,000075,000482,1209,726,,,,,no hfs evidence,,,,blend of 2
12609.2196,0.039748105,ch,,1,000336,000481,869,729,,,+0.087,,no hfs evidence,,,,
100548.5,0.5,,,2,000050,000630,1233,747,,,,,no hfs evidence,,,,blend of 2
91530.77,0.5,**,,4,000180,000526,1100,323,,,,,no hfs evidence,,,,blend of 4
91210.32,0.5,h,,2,000085,000365,1196,784,,,,,no hfs evidence,,,,blend of 2
79029.7,0.5,**,,3,000154,000383,1126,754,,,,,no hfs evidence,,,,blend of 3
100444.8853,0.5,,,2,000041,000365,1242,784,,,,,no hfs evidence,,,,blend of 2
94127.21,0.5,cl,,3,000104,000486,1177,694,,,,,no hfs evidence,,,,blend of 3
94678.03,0.5,,,2,000066,000367,1217,779,,,,,no hfs evidence,,,,blend of 2
12046.213,0.03,ch,,2,000320,000465,888,783,,,,,no hfs evidence,,,,blend of 2
97687.72,0.5,cl,,2,000099,000413,1182,636,,,,,no hfs evidence,,,,blend of 2
96774.6,0.5,,,2,000054,000365,1229,784,,,,,no hfs evidence,,,,blend of 2
88831.6258,0.5,,,2,000179,000508,1101,464,,,,,no hfs evidence,,,,blend of 2
41386.719,0.08,,,2,000255,000673,1012,809,,,,,no hfs evidence,,,,blend of 2
38716.051,0.06,w,,2,000211,000325,1065,882,,,,,hfs possible,000211,1065,f26p ~3H2G,blend of 2
41473.79906049907,0.105,w,,2,000199,000327,1079,879,,,,,hfs possible,000199,1079,f26p ~3H2H,blend of 2
37863.34865254375,0.076,w,,2,000212,000323,1066,884,,,,,hfs possible,000212,1066,f26p ~3H2I,blend of 2
24991.6901,0.12,,,1,000035,000146,1248,1134,,,+0.132,,no hfs evidence,,,,
53657.57,0.5,,,1,000148,000305,1131,923,-0.66,1.82,+0.790,yes,hfs,000148,1131,f26s _3F4F,
58215.0102,0.5,,,1,000133,000305,1148,923,-0.71,1.79,+0.722,yes,hfs,000133,1148,f26s _3H4H,
11397.5807,0.08,,,1,000109,000154,1172,1126,,,+0.117,,no hfs evidence,,,,
56639.7988,0.5,,,1,000150,000308,1129,912,+0.49,1.13,-0.499,yes,hfs,000150,1129,f26s _3F2F,A is a cancellation residue; 13 inflated lines share it
85804.0749,0.5,,,1,000132,000388,1149,745,,,+0.632,,no hfs evidence,,,,
98068.1768,0.5,,,1,000064,000388,1220,745,,,+0.634,,no hfs evidence,,,,
87425.1129,0.5,,,1,000127,000388,1154,745,,,+0.678,,hfs possible,000127,1154,f26s _3H4H,
11513.7962,0.03,ch,,1,000541,000459,895,797,,,-0.055,,no hfs evidence,,,,
17331.44354164608,0.0718,w,,1,000468,000421,775,503,,,+0.098,,no hfs evidence,,,,
34395.482,0.2,w,,1,000148,000255,1131,1012,,,+0.246,,hfs possible,000148,1131,f26s _3F4F,
91634.4111,0.5,**,,3,000132,000496,1149,628,,,,,no hfs evidence,,,,blend of 3
97566.3032,0.5,h,,2,000099,000493,1182,644,,,,,no hfs evidence,,,,blend of 2
93959.4233,0.5,,,2,000121,000493,1161,644,,,,,no hfs evidence,,,,blend of 2
84402.0022,0.5,,,3,000129,000369,1151,778,,,,,no hfs evidence,,,,blend of 3
94964.8822,0.5,,,4,000115,000493,1165,644,,,,,no hfs evidence,,,,blend of 4
96942.8061,0.5,,,2,000042,000349,1241,817,,,,,no hfs evidence,,,,blend of 2
94935.771,0.5,,,2,000097,000486,1186,694,,,,,no hfs evidence,,,,blend of 2
70186.5166,0.3,,,3,000212,000663,1066,447,,,,,hfs possible,000212,1066,f26p ~3H2I,blend of 3
97022.6817,0.5,,,2,000080,000404,1201,700,,,,,no hfs evidence,,,,blend of 2
98089.7996,0.5,,,2,000093,000413,1187,636,,,,,no hfs evidence,,,,blend of 2
98015.0001,0.5,,,3,000070,000479,1213,727,,,,,no hfs evidence,,,,blend of 3
95033.3814,0.5,,,2,000099,000407,1182,685,,,,,no hfs evidence,,,,blend of 2
94472.4105,0.5,,,3,000070,000372,1213,774,,,,,no hfs evidence,,,,blend of 3
94081.2304,0.5,,,2,000055,000671,1228,813,,,,,no hfs evidence,,,,blend of 2
39307.2813,0.066,w,,2,000104,000211,1177,1065,,,,,hfs possible,000211,1065,f26p ~3H2G,blend of 2
47252.2896,0.22,,,1,000054,000211,1229,1065,,,-0.205,,hfs possible,000211,1065,f26p ~3H2G,
38333.6093,0.1,w,,2,000213,000325,1064,882,,,,,no hfs evidence,,,,blend of 2
42117.349,0.12,,,2,000088,000219,1194,1060,,,,,hfs possible,000219,1060,f5d2 ~3F4H,blend of 2
38940.38,0.084,,,1,000219,000333,1060,872,,,+0.102,,hfs possible,000219,1060,f5d2 ~3F4H,
37336.7713,0.3,c,,2,000226,000332,1048,874,,,,,hfs possible,000226,1048,f5d2 ~3F4H,blend of 2
41260.6109,0.16,w,,2,000197,000323,1080,884,,,,,hfs possible,000197,1080,f26p ~3H4I,blend of 2
38496.7892,0.084,w,,2,000201,000541,1078,895,,,,,no hfs evidence,,,,blend of 2
61938.6035,0.3,,,1,000150,000644,1129,900,+0.02,0.38,-0.284,yes,hfs,000150,1129,f26s _3F2F,A is a cancellation residue; 13 inflated lines share it
59012.8194,0.2,,,2,000113,000301,1168,935,,,,,hfs possible,000301,935,f26p ~1I2K,blend of 2
57952.4325,0.5,bl,,1,000134,000305,1145,923,+0.64,1.43,-0.755,yes,hfs,000305,923,f5d6s~3G4G,
68213.5741,0.5,,,1,000064,000452,1220,930,,,-0.526,yes,no hfs evidence,,,,
56993.5991,0.5,,,1,000133,000454,1148,926,-0.73,1.94,+0.459,yes,hfs,000133,1148,f26s _3H4H,
43594.5694,0.18,,,1,000150,000286,1129,961,,,+0.244,,hfs,000150,1129,f26s _3F2F,A is a cancellation residue; 13 inflated lines share it
37577.0988,0.3,,yes,1,000150,000267,1129,992,,,-0.090,,hfs,000150,1129,f26s _3F2F,A is a cancellation residue; 13 inflated lines share it
24719.2296,0.3,,yes,1,000150,000198,1129,1081,,,+0.191,,hfs,000150,1129,f26s _3F2F,A is a cancellation residue; 13 inflated lines share it
25555.9702,0.3,,yes,1,000150,000199,1129,1079,+0.64,1.44,+0.198,,hfs,000150,1129,f26s _3F2F,A is a cancellation residue; 13 inflated lines share it
22372.6908,0.3,,yes,1,000150,000195,1129,1083,+0.81,1.83,-0.135,,hfs,000150,1129,f26s _3F2F,A is a cancellation residue; 13 inflated lines share it
59346.0167,0.3,,yes,1,000150,000312,1129,904,+0.02,0.38,-0.318,yes,hfs,000150,1129,f26s _3F2F,A is a cancellation residue; 13 inflated lines share it
39960.6491,0.3,w,yes,1,000150,000277,1129,978,,,-0.308,,hfs,000150,1129,f26s _3F2F,A is a cancellation residue; 13 inflated lines share it
36193.2901,0.3,d,yes,1,000150,000265,1129,999,,,-0.306,,hfs,000150,1129,f26s _3F2F,A is a cancellation residue; 13 inflated lines share it
50210.3292,0.3,,yes,1,000150,000676,1129,932,-0.33,1.03,-0.412,yes,hfs,000150,1129,f26s _3F2F,A is a cancellation residue; 13 inflated lines share it
32572.7602,0.5,d,yes,2,000150,000244,1129,1027,+0.67,1.51,,,hfs,000150,1129,f26s _3F2F,blend of 2; A is a cancellation residue; 13 inflated lines share it
29056.1776,0.3,*r,yes,1,000150,000218,1129,1057,+0.67,1.50,+0.293,,hfs,000150,1129,f26s _3F2F,A is a cancellation residue; 13 inflated lines share it
39768.8314,0.2,,,2,000163,000281,1117,969,,,,,no hfs evidence,,,,blend of 2
44690.3295,0.2,,,1,000143,000283,1137,968,,,-0.175,,no hfs evidence,,,,
37374.7104,0.18,,,1,000160,000272,1120,981,,,+0.183,,no hfs evidence,,,,
42564.3613,0.25,,,1,000128,000260,1153,1000,,,-0.243,,no hfs evidence,,,,
34861.8898,0.5,c,,2,000448,000650,938,672,,,,yes,hfs,000448,938,f5d6s~1G2G,"blend of 2; A is an LS estimate; four inflated lines share it, the two unblended at O-C +0.58 and +0.71"
36219.3018,0.5,c,,1,000141,000255,1138,1012,,,-0.519,,hfs possible,000141,1138,f26s _3H2H,
40266.5397,0.15,w,,2,000123,000239,1158,1033,,,,,no hfs evidence,,,,blend of 2
45334.941,0.23,,,1,000097,000250,1186,1019,,,-0.226,,no hfs evidence,,,,
43043.3695,0.18,,,2,000112,000249,1167,1024,,,,,no hfs evidence,,,,blend of 2
33520.0809,0.23,c,,2,000126,000203,1155,1075,,,,,hfs possible,000203,1075,f26p ~3H4H,blend of 2
38038.6285,0.115,,,1,000132,000247,1149,1025,,,+0.113,,no hfs evidence,,,,
36875.8689,0.3,w,,1,000134,000239,1145,1033,+0.52,1.15,-0.328,,hfs,000239,1033,f26p ~3F4G,
44931.6803,0.1,w,,2,000060,000205,1225,1073,,,,,hfs possible,000205,1073,f26p ~3H4G,blend of 2
40169.1908,0.13,w,,2,000096,000212,1183,1066,,,,,hfs possible,000212,1066,f26p ~3H2I,blend of 2
33207.6503,0.5,c,,2,000142,000232,1139,1043,-0.74,1.78,,,hfs,000142,1139,f26s _3F4F,blend of 2
32105.4086,0.35,*v,,2,000139,000219,1141,1060,-0.69,1.77,,,hfs,000139,1141,f26s _3H4H,blend of 2
35980.6308,0.5,c,,1,000127,000219,1154,1060,-0.65,1.94,+0.511,,hfs,000127,1154,f26s _3H4H,
24866.9222,0.17,,,1,000165,000210,1116,1067,+0.67,1.51,+0.141,,hfs,000165,1116,f26s _1G2G,
36887.6208,0.5,c,yes,2,000165,000275,1116,979,+0.63,1.48,,,hfs,000165,1116,f26s _1G2G,blend of 2
30260.0502,0.5,c,yes,1,000165,000250,1116,1019,,,-0.514,,hfs possible,000165,1116,f26s _1G2G,
26937.8332,0.3,c,,1,000160,000218,1120,1057,,,+0.299,,hfs possible,000218,1057,f26p ~3F2G,
33818.0984,0.1,,,1,000152,000254,1130,1013,,,+0.153,,no hfs evidence,,,,
59111.2243,0.3,,,1,000125,000303,1156,927,+0.21,0.51,-0.461,yes,no hfs evidence,,,,
96710.6875,1,cl,,2,000054,000466,1229,782,,,,,no hfs evidence,,,,blend of 2
56516.3974,0.3,,,1,000134,000303,1145,927,+0.20,0.46,-0.328,yes,no hfs evidence,,,,
67195.1827,0.5,,,1,000075,000303,1209,927,,,-0.648,yes,no hfs evidence,,,,
44840.8392,0.3,w,,2,000054,000199,1229,1079,,,,,hfs possible,000199,1079,f26p ~3H2H,blend of 2
51766.8259,0.4,,,1,000083,000267,1197,992,,,-0.396,,no hfs evidence,,,,
31636.6609,0.5,c,,1,000142,000221,1139,1055,-0.57,1.77,+0.739,,hfs,000142,1139,f26s _3F4F,
31177.3707,0.5,c,,1,000187,000292,1092,956,-0.53,1.73,+0.676,,hfs,000187,1092,f26s _3P4P,
55805.502,0.5,,yes,1,000127,000448,1154,938,-0.29,1.36,+0.578,yes,hfs,000448,938,f5d6s~1G2G,"A is an LS estimate; four inflated lines share it, the two unblended at O-C +0.58 and +0.71"
49399.839,0.5,,yes,1,000148,000448,1131,938,-0.27,1.30,+0.707,yes,hfs,000448,938,f5d6s~1G2G,"A is an LS estimate; four inflated lines share it, the two unblended at O-C +0.58 and +0.71"
53957.0443,0.3,,yes,2,000133,000448,1148,938,-0.32,1.22,,yes,hfs,000448,938,f5d6s~1G2G,"blend of 2; A is an LS estimate; four inflated lines share it, the two unblended at O-C +0.58 and +0.71"
40402.9389,0.14,,,1,000180,000302,1100,934,,,+0.172,,no hfs evidence,,,,
36468.7598,0.14,w,,2,000226,000326,1048,880,,,,,hfs possible,000226,1048,f5d2 ~3F4H,blend of 2
35327.7691,0.5,c,yes,1,000142,000250,1139,1019,,,+0.653,,hfs possible,000142,1139,f26s _3F4F,
39719.0502,0.5,d,yes,1,000142,000267,1139,992,,,+0.617,,hfs possible,000142,1139,f26s _3F4F,
55224.9751,0.5,,yes,1,000145,000657,1135,919,-0.38,1.10,+0.554,yes,hfs,000145,1135,f26s _3F4F,
94414.7050,0.5,,,2,000096,000400,1183,702,,,,,no hfs evidence,,,,blend of 2
45604.9993,0.15,,,1,000074,000432,1210,1053,,,+0.163,,no hfs evidence,,,,
40048.5715,0.1,,,2,000246,000560,1026,823,,,,,hfs possible,000246,1026,f26p ~3F4G,blend of 2
39870.8909,0.082,,,1,000145,000437,1135,989,,,+0.119,,hfs possible,000145,1135,f26s _3F4F,
33602.5509,0.4,,yes,4,000191,000665,1088,937,-0.78,1.91,,yes,hfs,000191,1088,f26s _3P4P,blend of 4
