level_id,E,n_drop,n_pred,n_obs,n_seen,n_miss,n_match,n_claimed,ln_R,ln_R_match,ln_R_miss,sum_lnG,scan_width,n_alt,ln_R_alt,d_ln_R,dE_alt,near_level,near_dE,question,scanned,n_free,free_gain,top_share,gain,look,n_obs_alt,n_seen_alt,n_miss_alt,n_own,n_kept,kept_light,n_vacant,z_alt,action
059003.000477,116777.5442,0,65,21,6,15,13,10,-6.311,6.552,-12.855,-1.089,619.5,88,6.455,-12.766,100.5281,059003.000477,100.5281,?,this run,4.0,14.787,0.277,12.766,8.288,21.0,9.0,12.0,4.0,0.0,0.0,0.0,1.87,relocate
059003.000228,66324.8685,0,31,7,5,2,10,4,5.914,8.053,-2.239,-7.233,674.8,6,11.654,-5.74,218.834,059003.000229,-137.4239,?,this run,4.0,14.721,0.369,5.74,3.948,7.0,5.0,2.0,6.0,0.0,0.0,0.0,0.29,relocate
059003.000613,138822.3318,0,143,9,5,4,20,14,-2.865,2.036,-4.9,-0.612,143.7,128,0.433,-3.298,73.103,059003.000621,-0.4485,?,this run,2.0,7.765,0.735,3.298,-1.554,9.0,2.0,7.0,4.0,0.0,0.0,0.0,3.0,interchange
059003.000585,134454.3362,0,119,5,2,3,19,5,3.917,7.542,-3.591,-0.514,143.7,16,3.426,0.49,41.6586,059003.000591,-0.3285,?,this run,2.0,7.972,0.551,-0.49,-3.263,5.0,2.0,3.0,2.0,0.0,0.0,0.0,0.9,interchange
059003.000611,138799.4259,0,82,8,4,4,13,6,6.326,9.859,-3.525,-1.361,143.7,1,2.945,3.381,40.8489,059003.000536,0.2709,?,this run,3.0,9.518,0.405,-3.381,-3.381,8.0,4.0,4.0,3.0,0.0,0.0,0.0,2.31,interchange
059003.000493,121412.7717,0,110,26,16,10,23,15,4.811,13.608,-8.711,4.523,619.5,1,0.053,4.758,-30.4395,059003.000411,-0.1932,?,this run,0.0,0.0,0.252,-4.758,-4.758,27.0,15.0,12.0,13.0,0.0,0.0,0.0,-0.57,interchange
059003.000538,139081.5127,0,12,4,2,2,4,0,12.905,14.362,-1.409,2.82,272.6,1,8.863,4.042,1.0268,059003.000538,1.0268,?,this run,2.0,6.637,0.4,-4.042,-4.042,4.0,2.0,2.0,4.0,3.0,0.918,0.0,1.96,refit
059003.000408,120498.6763,0,79,15,9,6,13,10,13.695,18.269,-4.535,5.707,619.5,1,9.17,4.525,-0.7441,059003.000408,-0.7441,?,this run,2.0,7.04,0.326,-4.525,-4.525,15.0,9.0,6.0,8.0,8.0,1.0,0.0,-1.43,refit
059003.000457,99938.9784,0,83,11,5,6,15,9,2.928,8.631,-5.713,5.101,1064.0,2,1.199,1.729,-0.5137,059003.000457,-0.5137,?,this run,2.0,4.45,0.392,-1.729,-2.422,11.0,6.0,5.0,7.0,6.0,0.155,0.0,0.46,top line
059003.000118,26979.7142,0,82,19,2,17,7,5,-7.514,7.559,-15.06,0.112,584.0,86,8.161,-15.675,109.9875,059003.000119,-48.8462,?,this run,3.0,18.388,0.5,15.675,11.221,20.0,4.0,16.0,2.0,0.0,0.0,0.0,1.93,weak
059003.000494,121581.0478,0,110,26,11,15,16,12,-8.536,3.206,-11.741,-3.898,619.5,53,-0.214,-8.322,92.2645,059003.000495,90.5622,?,this run,4.0,14.585,0.4,8.322,4.352,26.0,9.0,17.0,6.0,0.0,0.0,1.0,-0.61,weak
059003.000434,68556.3068,0,61,9,5,4,14,6,9.528,12.857,-3.3,-0.773,1276.2,2,14.285,-4.758,333.904,059003.000249,-88.3247,?,this run,2.0,8.469,0.232,4.758,4.065,9.0,4.0,5.0,6.0,0.0,0.0,0.0,0.12,weak
059003.000478,117359.3069,0,30,7,4,3,6,3,6.733,9.18,-2.399,1.886,619.5,3,7.88,-1.148,-431.3747,059003.000392,-116.6849,?,this run,2.0,9.386,0.481,1.148,0.049,7.0,3.0,4.0,3.0,0.0,0.0,0.0,-2.7,weak
059003.000561,111039.6497,0,107,8,4,4,19,14,-4.401,-0.193,-4.208,-3.111,366.1,409,1.634,-6.035,-5.3314,059003.000561,-5.3314,?,this run,3.0,7.284,0.481,6.035,0.021,8.0,3.0,5.0,2.0,0.0,0.0,0.0,2.14,weak
059003.000602,136620.1491,0,122,8,5,3,21,10,0.989,3.903,-2.895,0.477,143.7,62,5.068,-4.079,-36.6342,059003.000598,-5.9557,?,this run,2.0,5.672,0.57,4.079,-0.048,8.0,3.0,5.0,4.0,0.0,0.0,1.0,-2.38,weak
059003.000553,106468.405,0,144,13,4,9,11,5,0.544,8.987,-8.419,-1.287,366.1,18,3.33,-2.787,-29.2868,059003.000553,-29.2868,?,this run,3.0,12.101,0.418,2.787,-0.104,13.0,3.0,10.0,2.0,0.0,0.0,0.0,-0.28,weak
059003.000617,138851.2053,0,126,10,3,7,21,13,4.062,10.165,-6.07,-1.133,143.7,8,5.608,-1.546,19.8095,059003.000618,-3.8849,?,this run,3.0,10.721,0.385,1.546,-0.534,10.0,4.0,6.0,3.0,0.0,0.0,0.0,0.18,weak
059003.000566,121143.3571,0,100,17,4,13,10,5,2.272,11.228,-9.257,-0.115,2425.4,30,4.827,-2.555,-338.1817,059003.000492,89.5057,?,this run,6.0,11.149,0.23,2.555,-0.846,17.0,7.0,10.0,4.0,0.0,0.0,1.0,-0.48,weak
059003.000614,138822.3928,0,106,7,5,2,18,11,4.273,7.596,-3.317,-1.59,143.7,5,4.975,-0.703,48.662,059003.000618,-3.8449,?,this run,3.0,7.626,0.31,0.703,-0.907,8.0,3.0,5.0,5.0,0.0,0.0,0.0,1.99,weak
059003.000391,116727.101,0,97,31,14,17,19,12,5.133,18.064,-12.859,2.442,619.5,2,4.806,0.326,-109.9088,059003.000391,-109.9088,?,this run,7.0,17.381,0.263,-0.326,-1.019,31.0,17.0,14.0,10.0,0.0,0.0,0.0,0.81,weak
059003.000580,134403.0859,0,120,6,5,1,17,8,8.839,11.187,-2.337,-0.847,143.7,2,7.996,0.843,24.5489,059003.000583,-1.1948,?,this run,3.0,13.377,0.416,-0.843,-1.536,6.0,3.0,3.0,4.0,0.0,0.0,0.0,1.35,weak
059003.000603,136641.8097,0,126,5,2,3,16,8,1.361,5.602,-4.221,-3.056,143.7,66,3.849,-2.488,52.6252,059003.000604,-34.342,?,this run,2.0,6.48,0.431,2.488,-1.702,5.0,3.0,2.0,2.0,0.0,0.0,0.0,0.86,weak
059003.000551,106384.5394,0,120,10,3,7,20,11,0.267,7.413,-7.158,-4.957,366.1,48,2.384,-2.117,-18.7412,059003.000551,-18.7412,?,this run,2.0,6.87,0.482,2.117,-1.754,10.0,4.0,6.0,3.0,0.0,0.0,0.0,0.07,weak
059003.000347,107854.4582,0,145,22,7,15,24,13,9.434,20.263,-10.759,-2.219,366.1,2,8.23,1.204,-99.1599,059003.000558,58.2475,?,this run,6.0,18.37,0.208,-1.204,-1.897,21.0,10.0,11.0,11.0,0.0,0.0,1.0,-1.95,weak
059003.000587,134480.1647,0,77,3,2,1,12,3,3.783,5.72,-1.908,-2.309,143.7,62,5.797,-2.014,47.0301,059003.000518,24.7491,?,this run,2.0,7.588,0.581,2.014,-2.113,3.0,2.0,1.0,2.0,0.0,0.0,0.0,0.43,weak
059003.000516,134162.7882,0,97,11,6,5,15,10,1.865,5.946,-4.069,1.513,619.5,20,2.663,-0.798,107.584,059003.000517,50.0897,?,this run,2.0,5.523,0.348,0.798,-2.197,11.0,6.0,5.0,6.0,0.0,0.0,0.0,-0.97,weak
059003.000455,89969.6105,0,71,12,5,7,12,6,3.958,10.562,-6.775,2.134,1064.0,3,2.774,1.183,-312.7659,059003.000455,-312.7659,?,this run,4.0,8.745,0.37,-1.183,-2.282,12.0,5.0,7.0,5.0,0.0,0.0,0.0,-2.2,weak
059003.000586,134454.8288,0,133,6,2,4,16,10,6.01,10.081,-4.05,-0.255,143.7,5,5.206,0.804,-12.334,059003.000584,8.8704,?,this run,2.0,10.394,0.573,-0.804,-2.414,6.0,2.0,4.0,2.0,0.0,0.0,0.0,-1.33,weak
059003.000506,133307.5041,0,98,10,3,7,10,7,3.968,8.362,-4.381,1.974,619.5,5,2.942,1.026,-160.8918,059003.000505,-4.1999,?,this run,2.0,7.962,0.523,-1.026,-2.636,10.0,5.0,5.0,4.0,0.0,0.0,0.0,-0.08,weak
059003.000529,136643.7046,0,95,12,3,9,9,7,0.901,6.047,-5.111,0.485,272.6,27,1.275,-0.374,-97.3451,059003.000592,-8.6787,?,this run,2.0,5.558,0.481,0.374,-2.921,12.0,5.0,7.0,3.0,0.0,0.0,0.0,-1.02,weak
059003.000376,114970.896,1,9,4,2,2,2,0,13.073,14.094,-0.987,7.02,619.5,1,10.125,2.949,0.7162,059003.000376,0.7162,?,this run,2.0,11.152,0.581,-2.949,-2.949,4.0,2.0,2.0,3.0,1.0,0.994,0.0,-1.03,weak
059003.000558,107697.0507,0,119,17,6,11,14,5,13.058,21.321,-8.164,-1.347,366.1,1,10.021,3.037,58.2875,059003.000558,58.2875,?,this run,5.0,17.668,0.284,-3.037,-3.037,17.0,6.0,11.0,7.0,0.0,0.0,0.0,-0.04,weak
059003.000564,115439.4772,0,123,11,5,6,16,11,7.344,12.309,-4.915,0.443,2425.4,2,4.948,2.397,783.1582,059003.000387,-16.234,?,this run,3.0,9.214,0.292,-2.397,-3.09,13.0,4.0,9.0,4.0,0.0,0.0,0.0,1.12,weak
059003.000572,129454.5004,0,147,13,5,8,13,5,5.805,14.058,-8.401,0.052,2425.4,12,4.937,0.868,-268.7851,059003.000419,79.7838,?,this run,3.0,11.051,0.338,-0.868,-3.353,13.0,6.0,7.0,5.0,0.0,0.0,1.0,-0.5,weak
059003.000542,101777.9784,0,79,12,4,8,10,6,1.809,9.836,-8.049,-1.145,366.1,1,-1.654,3.464,-66.0602,059003.000323,31.4675,?,this run,2.0,9.131,0.592,-3.464,-3.464,12.0,2.0,10.0,3.0,0.0,0.0,0.0,-0.1,weak
059003.000616,138833.518,0,18,6,3,3,3,2,3.397,6.015,-2.6,0.951,143.7,32,3.29,0.107,-59.1232,059003.000608,-13.5532,?,this run,2.0,7.014,0.525,-0.107,-3.572,6.0,3.0,3.0,2.0,0.0,0.0,0.0,-1.77,weak
059003.000545,105338.4974,0,126,8,6,2,19,9,9.952,13.275,-3.376,-1.643,351.8,1,6.274,3.678,76.1613,059003.000340,-35.5456,?,this run,2.0,9.347,0.42,-3.678,-3.678,7.0,2.0,5.0,6.0,0.0,0.0,1.0,0.51,weak
059003.000600,136638.4906,0,140,7,3,4,16,9,5.666,10.226,-4.644,-2.201,143.7,5,3.43,2.236,51.4442,059003.000604,-38.842,?,this run,2.0,7.32,0.406,-2.236,-3.846,7.0,3.0,4.0,3.0,0.0,0.0,0.0,2.34,weak
059003.000534,138410.7007,0,80,9,4,5,16,8,5.094,7.58,-2.569,-1.862,272.6,2,1.68,3.413,85.8188,059003.000535,51.1518,?,this run,2.0,4.914,0.458,-3.413,-4.107,9.0,3.0,6.0,4.0,0.0,0.0,0.0,2.37,weak
059003.000550,106306.5054,0,148,15,5,10,19,13,1.989,12.211,-10.186,2.207,366.1,1,-2.201,4.191,-91.5272,059003.000549,-9.207,?,this run,2.0,5.986,0.416,-4.191,-4.191,14.0,5.0,9.0,5.0,0.0,0.0,0.0,-2.01,weak
059003.000521,135896.656,0,80,6,3,3,8,6,3.626,6.62,-2.96,0.939,272.6,8,1.386,2.24,12.8835,059003.000521,12.8835,?,this run,2.0,4.361,0.451,-2.24,-4.319,6.0,4.0,2.0,2.0,0.0,0.0,0.0,0.23,weak
059003.000461,111779.1395,0,28,10,6,4,8,4,7.595,12.683,-5.096,2.132,619.5,1,3.233,4.362,72.1928,059003.000462,-51.6967,?,this run,2.0,7.923,0.471,-4.362,-4.362,10.0,4.0,6.0,4.0,0.0,0.0,0.0,1.09,weak
059003.000568,124594.4792,0,71,7,3,4,10,7,2.541,5.341,-2.784,-0.506,2425.4,187,3.195,-0.654,1031.4362,059003.000569,480.7284,?,this run,2.0,6.61,0.502,0.654,-4.577,6.0,3.0,3.0,3.0,0.0,0.0,0.0,0.5,weak
059003.000491,119077.5657,0,63,15,7,8,13,7,3.107,9.857,-6.78,1.01,619.5,1,-1.511,4.618,-80.3135,059003.000489,10.0448,?,this run,2.0,7.14,0.39,-4.618,-4.618,15.0,6.0,9.0,5.0,0.0,0.0,0.0,0.01,weak
059003.000569,125145.1869,0,39,4,3,1,4,0,9.035,11.213,-2.123,1.604,2425.4,1,4.268,4.767,-1453.0916,059003.000567,759.4677,?,this run,2.0,6.726,0.512,-4.767,-4.767,4.0,2.0,2.0,3.0,0.0,0.0,1.0,-2.45,weak
059003.000446,84150.7327,0,113,20,9,11,15,7,2.893,11.68,-8.763,3.075,1064.0,2,-1.288,4.182,409.512,059003.000448,-130.0304,?,this run,4.0,12.453,0.456,-4.182,-4.875,19.0,8.0,11.0,6.0,0.0,0.0,0.0,2.35,weak
059003.000604,136728.7768,0,80,3,3,0,11,5,7.997,9.067,-1.03,-1.544,143.7,1,3.083,4.915,-34.342,059003.000604,-34.342,?,this run,2.0,5.357,0.55,-4.915,-4.915,3.0,2.0,1.0,3.0,0.0,0.0,1.0,1.12,weak
059003.000619,138883.8257,0,118,5,2,3,16,6,5.529,8.728,-3.158,-1.769,143.7,16,3.326,2.203,-26.9309,059003.000617,5.6895,?,this run,2.0,7.412,0.543,-2.203,-4.976,5.0,2.0,3.0,2.0,0.0,0.0,0.0,-2.37,weak
059003.000592,136555.0382,0,82,8,2,6,13,6,3.842,10.535,-6.664,1.26,143.7,5,-0.279,4.121,-10.3434,059003.000592,-10.3434,?,this run,2.0,6.68,0.501,-4.121,-5.73,8.0,2.0,6.0,2.0,0.0,0.0,0.0,0.75,weak
059003.000575,130218.7825,0,78,9,4,5,8,4,1.766,8.052,-6.271,-0.564,527.3,29,7.426,-5.661,-139.9134,059003.000575,-139.9134,?,this run,2.0,9.85,0.647,5.661,2.293,9.0,4.0,5.0,4.0,0.0,0.0,0.0,-0.2,no support
059003.000591,134496.3233,0,16,2,1,1,1,1,-0.394,1.016,-1.41,-0.191,143.7,100,5.001,-5.396,78.6515,059003.000518,72.5291,?,this run,1.0,6.541,1.0,5.396,0.791,2.0,1.0,1.0,1.0,0.0,0.0,0.0,2.74,no support
059003.000589,134488.5262,0,76,4,2,2,9,3,1.978,4.694,-2.714,-1.203,143.7,71,4.623,-2.645,120.5286,059003.000518,106.6091,?,this run,1.0,5.153,0.784,2.645,-1.618,4.0,3.0,1.0,2.0,0.0,0.0,0.0,2.53,no support
059003.000535,138445.3677,0,93,3,2,1,16,12,2.591,4.656,-2.025,-0.978,272.6,29,3.882,-1.29,51.3118,059003.000535,51.3118,?,this run,1.0,4.639,0.765,1.29,-2.077,3.0,2.0,1.0,3.0,0.0,0.0,0.0,2.2,no support
059003.000513,134008.0879,0,83,5,3,2,9,7,0.987,4.077,-3.08,0.037,619.5,57,2.733,-1.747,15.9443,059003.000513,15.9443,?,this run,0.0,0.0,0.316,1.747,-2.296,5.0,4.0,1.0,4.0,0.0,0.0,0.0,-2.61,no support
059003.000422,133194.2964,0,9,2,2,0,5,3,5.316,5.36,-0.045,5.455,619.5,12,5.425,-0.109,108.2758,059003.000506,-4.9318,?,this run,1.0,4.956,0.89,0.109,-2.376,2.0,2.0,0.0,2.0,0.0,0.0,0.0,2.11,no support
059003.000605,136649.5951,0,5,1,1,0,1,0,6.731,6.817,-0.068,1.754,143.7,4,5.702,1.03,-72.6603,059003.000597,4.6904,?,this run,1.0,5.739,1.0,-1.03,-2.416,1.0,1.0,0.0,1.0,0.0,0.0,0.0,-3.0,no support
059003.000620,138888.923,0,1,1,1,0,1,0,6.854,6.873,0.0,2.328,143.7,2,5.032,1.822,-52.4282,059003.000616,2.9768,?,this run,1.0,5.02,1.0,-1.822,-2.515,1.0,1.0,0.0,1.0,0.0,0.0,0.0,-2.52,no support
059003.000515,134163.2138,0,98,9,5,4,12,11,0.475,3.357,-2.882,0.713,619.5,50,1.313,-0.837,338.6984,059003.000518,-0.5335,?,this run,1.0,3.353,0.726,0.837,-3.075,9.0,5.0,4.0,3.0,0.0,0.0,1.0,1.9,no support
059003.000536,138840.0039,0,82,8,2,6,11,7,2.739,6.366,-3.622,1.237,272.6,9,1.861,0.878,-164.9243,059003.000608,-112.8685,?,this run,1.0,2.552,0.581,-0.878,-3.076,7.0,1.0,6.0,3.0,0.0,0.0,0.0,-1.58,no support
059003.000562,111193.2033,0,73,5,2,3,7,1,6.191,10.347,-4.211,1.411,366.1,1,3.067,3.123,-175.2251,059003.000561,-21.6714,?,this run,1.0,7.271,0.973,-3.123,-3.123,5.0,2.0,3.0,2.0,0.0,0.0,0.0,-2.6,no support
059003.000547,105534.6417,0,144,8,3,5,15,5,4.062,10.8,-6.705,-1.924,366.1,2,0.741,3.321,186.6566,059003.000342,89.1847,?,this run,2.0,8.27,0.606,-3.321,-4.014,8.0,2.0,6.0,3.0,0.0,0.0,0.0,1.23,no support
059003.000556,107262.7042,0,124,13,5,8,18,10,3.803,11.518,-7.685,3.604,366.1,1,-0.403,4.207,181.7141,059003.000557,40.4476,?,this run,2.0,8.337,0.713,-4.207,-4.207,14.0,2.0,12.0,4.0,0.0,0.0,0.0,2.8,no support
059003.000622,141440.8304,0,39,4,2,2,7,4,5.031,8.758,-3.734,-0.847,143.7,6,2.538,2.492,-58.5156,059003.000622,-58.5156,?,this run,1.0,6.115,0.888,-2.492,-4.284,4.0,2.0,2.0,2.0,0.0,0.0,0.0,-2.4,no support
059003.000599,136589.5087,0,41,8,4,4,9,6,6.283,9.1,-2.893,-1.474,143.7,2,2.302,3.981,-39.7139,059003.000592,-5.2434,?,this run,1.0,6.369,0.937,-3.981,-4.674,8.0,2.0,6.0,3.0,0.0,0.0,0.0,-0.58,no support
059003.000473,115711.9565,0,30,9,5,4,10,6,7.193,9.411,-2.18,2.526,619.5,1,2.412,4.781,86.9957,059003.000384,-1.2223,?,this run,1.0,5.211,0.836,-4.781,-4.781,9.0,2.0,7.0,5.0,0.0,0.0,0.0,2.25,no support
059003.000532,138077.9694,0,3,1,1,0,2,0,7.658,7.616,-0.015,1.581,272.6,2,3.296,4.362,119.4501,059003.000532,119.4501,?,this run,0.0,0.0,0.89,-4.362,-5.055,1.0,1.0,0.0,2.0,0.0,0.0,0.0,2.83,no support
059003.000533,138342.8029,0,56,5,2,3,6,2,3.485,6.612,-3.103,0.394,272.6,14,1.017,2.468,104.2566,059003.000535,1.6918,?,this run,1.0,2.361,0.648,-2.468,-5.107,5.0,3.0,2.0,3.0,0.0,0.0,0.0,2.94,no support
059003.000522,135926.9219,0,58,6,3,3,10,4,3.115,5.735,-2.577,0.897,272.6,28,1.202,1.913,89.8577,059003.000523,-17.4439,?,this run,1.0,2.917,0.669,-1.913,-5.245,7.0,2.0,5.0,3.0,0.0,0.0,0.0,1.91,no support
059003.000590,134492.8751,0,42,2,1,1,3,1,5.961,6.887,-0.906,1.594,143.7,3,1.224,4.738,-56.1603,059003.000584,3.0904,?,this run,1.0,2.071,1.0,-4.738,-5.836,2.0,1.0,1.0,1.0,0.0,0.0,0.0,-2.67,no support
059003.000001,0.0,0,86,28,21,7,24,4,145.686,151.738,-5.891,43.415,584.0,0,,,,,,,this run,,,,,,,,,,,,,,
059003.000031,1398.3439,0,81,27,20,7,26,4,158.417,165.423,-6.723,53.861,584.0,0,,,,,,,this run,,,,,,,,,,,,,,
059003.000032,2893.1416,0,56,25,20,5,24,6,147.445,151.161,-3.453,45.691,584.0,0,,,,,,,this run,,,,,,,,,,,,,,
059003.000033,4453.7568,0,32,13,12,1,13,1,106.02,107.653,-1.512,38.866,584.0,0,,,,,,,this run,,,,,,,,,,,,,,
059003.000034,9370.6548,0,51,30,17,13,20,5,100.486,109.794,-9.079,23.81,584.0,0,,,,,,,this run,,,,,,,,,,,,,,
059003.000035,10032.9249,0,91,41,23,18,29,6,104.28,117.386,-13.189,16.083,584.0,0,,,,,,,this run,,,,,,,,,,,,,,
059003.000036,10138.1742,0,72,38,25,13,34,11,152.067,163.926,-11.587,27.498,584.0,0,,,,,,,this run,,,,,,,,,,,,,,
059003.000037,10859.0577,0,82,39,27,12,36,10,151.782,162.955,-10.827,23.807,584.0,0,,,,,,,this run,,,,,,,,,,,,,,
059003.000038,10950.2444,0,48,26,19,7,24,6,100.682,107.212,-6.32,16.847,584.0,0,,,,,,,this run,,,,,,,,,,,,,,
059003.000039,11761.686,0,82,34,22,12,36,17,100.295,110.333,-9.791,16.233,584.0,0,,,,,,,this run,,,,,,,,,,,,,,
059003.000040,12494.627,0,77,28,17,11,25,9,92.714,100.933,-8.04,26.399,584.0,0,,,,,,,this run,,,,,,,,,,,,,,
059003.000043,13887.5974,0,87,35,22,13,34,14,94.827,109.238,-14.133,14.184,584.0,0,,,,,,,this run,,,,,,,,,,,,,,
059003.000044,14187.3353,0,65,23,14,9,20,8,59.017,65.539,-6.575,9.914,584.0,0,,,,,,,this run,,,,,,,,,,,,,,
059003.000048,15443.477,0,85,29,15,14,29,17,62.725,73.657,-10.771,16.325,584.0,0,,,,,,,this run,,,,,,,,,,,,,,
059003.000051,15705.1303,0,89,27,14,13,28,11,94.105,104.775,-10.451,28.554,584.0,0,,,,,,,this run,,,,,,,,,,,,,,
059003.000052,16089.124,0,58,20,11,9,21,8,87.054,92.699,-5.581,31.737,584.0,0,,,,,,,this run,,,,,,,,,,,,,,
059003.000055,16763.9787,0,88,26,13,13,24,10,71.013,81.467,-10.427,23.697,584.0,0,,,,,,,this run,,,,,,,,,,,,,,
059003.000056,17095.6377,0,44,17,12,5,14,2,55.983,60.248,-4.121,13.312,584.0,0,,,,,,,this run,,,,,,,,,,,,,,
059003.000058,17409.571,0,86,18,9,9,18,5,32.045,40.653,-8.548,12.666,584.0,0,,,,,,,this run,,,,,,,,,,,,,,
059003.000061,17642.0464,0,43,14,8,6,16,6,51.639,55.09,-3.327,21.701,584.0,0,,,,,,,this run,,,,,,,,,,,,,,
059003.000065,18693.6365,0,21,10,9,1,10,1,50.264,52.371,-1.952,5.029,584.0,0,,,,,,,this run,,,,,,,,,,,,,,
059003.000068,19046.0963,0,63,21,12,9,20,4,65.546,73.817,-8.107,12.35,584.0,0,,,,,,,this run,,,,,,,,,,,,,,
059003.000077,20856.8521,0,41,19,9,10,11,2,46.63,52.669,-5.924,9.274,584.0,0,,,,,,,this run,,,,,,,,,,,,,,
059003.000090,23091.6957,0,41,17,10,7,13,4,48.314,52.718,-4.271,5.105,584.0,0,,,,,,,this run,,,,,,,,,,,,,,
059003.000092,23245.995,0,63,22,12,10,14,2,66.099,74.538,-8.309,8.426,584.0,0,,,,,,,this run,,,,,,,,,,,,,,
059003.000094,23465.4199,0,20,9,4,5,4,0,20.489,23.387,-3.0,5.054,584.0,0,,,,,,,this run,,,,,,,,,,,,,,
059003.000103,24357.9689,0,82,24,12,12,13,2,73.206,79.99,-6.977,16.425,584.0,0,,,,,,,this run,,,,,,,,,,,,,,
059003.000107,24886.5311,0,76,25,8,17,10,3,38.467,46.716,-8.128,9.737,584.0,0,,,,,,,this run,,,,,,,,,,,,,,
059003.000109,25244.6338,0,42,8,5,3,6,1,36.783,40.346,-3.471,12.313,584.0,0,,,,,,,this run,,,,,,,,,,,,,,
059003.000110,25391.7426,0,65,11,6,5,8,1,49.404,53.645,-4.179,14.006,584.0,0,,,,,,,this run,,,,,,,,,,,,,,
059003.000116,26447.8896,0,23,5,4,1,6,1,34.057,36.094,-1.963,13.652,584.0,0,,,,,,,this run,,,,,,,,,,,,,,
059003.000117,26921.4755,0,34,18,10,8,11,2,44.994,48.999,-3.886,3.238,584.0,0,,,,,,,this run,,,,,,,,,,,,,,
059003.000122,27597.1278,0,57,19,9,10,10,1,40.938,48.092,-7.265,4.373,584.0,0,,,,,,,this run,,,,,,,,,,,,,,
059003.000124,28101.7815,0,79,14,9,5,20,6,49.957,55.631,-5.574,9.805,584.0,0,,,,,,,this run,,,,,,,,,,,,,,
059003.000430,30602.8315,0,51,20,8,12,10,1,23.046,33.581,-10.543,-0.222,584.0,0,,,,,,,this run,,,,,,,,,,,,,,
059003.000136,31787.9193,0,74,16,6,10,13,5,20.055,29.614,-9.47,1.324,584.0,0,,,,,,,this run,,,,,,,,,,,,,,
059003.000169,39225.5975,0,95,25,12,13,26,14,27.99,38.334,-10.417,1.756,584.0,0,,,,,,,this run,,,,,,,,,,,,,,
059003.000174,39940.7303,0,81,20,10,10,21,8,44.717,52.858,-8.195,-0.747,584.0,0,,,,,,,this run,,,,,,,,,,,,,,
059003.000193,53092.7987,0,112,16,6,10,15,6,26.96,33.21,-6.504,1.689,584.0,0,,,,,,,this run,,,,,,,,,,,,,,
059003.000194,58158.0602,0,106,43,34,9,42,7,146.087,152.435,-6.015,25.412,674.8,0,,,,,,,this run,,,,,,,,,,,,,,
059003.000195,58174.1611,0,119,41,32,9,41,14,107.779,116.507,-8.533,18.284,674.8,0,,,,,,,this run,,,,,,,,,,,,,,
059003.000196,60166.1725,0,120,58,41,17,46,7,161.788,175.301,-13.071,25.238,674.8,0,,,,,,,this run,,,,,,,,,,,,,,
059003.000197,60419.7107,0,113,47,42,5,51,9,171.296,175.881,-5.021,26.016,674.8,0,,,,,,,this run,,,,,,,,,,,,,,
059003.000198,60520.3165,0,115,38,25,13,31,10,88.616,97.665,-8.836,10.57,1276.2,0,,,,,,,this run,,,,,,,,,,,,,,
059003.000199,61357.0212,0,123,60,39,21,52,13,139.665,156.37,-16.421,34.403,674.8,0,,,,,,,this run,,,,,,,,,,,,,,
059003.000200,61605.6631,0,117,46,31,15,41,7,126.626,136.214,-10.076,19.901,674.8,0,,,,,,,this run,,,,,,,,,,,,,,
059003.000201,61717.982,0,86,30,24,6,32,9,92.274,98.509,-5.942,17.626,674.8,0,,,,,,,this run,,,,,,,,,,,,,,
059003.000202,62062.6544,0,124,37,29,8,43,15,97.636,105.239,-7.416,14.23,1276.2,0,,,,,,,this run,,,,,,,,,,,,,,
059003.000203,62240.8145,0,113,61,42,19,54,12,161.027,176.062,-14.832,34.889,674.8,0,,,,,,,this run,,,,,,,,,,,,,,
059003.000204,62535.6247,0,124,39,19,20,30,13,34.152,50.138,-15.975,2.734,1276.2,0,,,,,,,this run,,,,,,,,,,,,,,
059003.000205,62558.6548,0,114,56,47,9,55,8,211.0,216.838,-5.359,48.029,674.8,0,,,,,,,this run,,,,,,,,,,,,,,
059003.000206,62678.6909,0,82,34,31,3,40,3,149.993,153.466,-3.292,30.89,674.8,0,,,,,,,this run,,,,,,,,,,,,,,
059003.000207,63221.2727,0,66,31,21,10,28,3,105.895,111.266,-5.717,19.52,674.8,0,,,,,,,this run,,,,,,,,,,,,,,
059003.000208,63232.1626,0,120,49,24,25,33,8,68.152,84.692,-16.73,2.2,1276.2,0,,,,,,,this run,,,,,,,,,,,,,,
059003.000209,63576.2658,0,95,44,28,16,38,6,103.006,113.205,-10.004,14.684,674.8,0,,,,,,,this run,,,,,,,,,,,,,,
059003.000210,63593.3409,0,125,53,40,13,49,9,175.14,186.446,-11.684,25.245,674.8,0,,,,,,,this run,,,,,,,,,,,,,,
059003.000211,63768.6596,0,119,62,50,12,56,14,169.744,178.433,-8.226,28.439,674.8,0,,,,,,,this run,,,,,,,,,,,,,,
059003.000212,63816.8803,0,114,56,40,16,48,9,161.461,172.109,-10.205,25.848,674.8,0,,,,,,,this run,,,,,,,,,,,,,,
059003.000213,64150.9108,0,113,46,32,14,41,14,92.659,101.78,-8.81,20.269,1276.2,0,,,,,,,this run,,,,,,,,,,,,,,
059003.000214,64215.4137,0,81,31,23,8,36,10,107.62,115.463,-8.013,29.823,674.8,0,,,,,,,this run,,,,,,,,,,,,,,
059003.000215,64235.624,0,124,44,30,14,42,7,107.802,120.247,-12.462,6.175,1276.2,0,,,,,,,this run,,,,,,,,,,,,,,
059003.000216,64401.0353,0,98,43,29,14,37,4,124.436,135.589,-11.169,22.605,674.8,0,,,,,,,this run,,,,,,,,,,,,,,
059003.000217,64817.5329,0,96,31,21,10,30,8,75.416,83.029,-8.381,11.358,1276.2,0,,,,,,,this run,,,,,,,,,,,,,,
059003.000218,64857.1406,0,124,62,49,13,57,6,191.212,199.993,-8.314,38.919,674.8,0,,,,,,,this run,,,,,,,,,,,,,,
059003.000219,64865.1413,0,111,41,33,8,42,8,113.717,122.035,-8.715,5.691,1276.2,0,,,,,,,this run,,,,,,,,,,,,,,
059003.000220,64979.5173,0,119,40,28,12,39,13,87.497,97.295,-9.479,13.347,674.8,0,,,,,,,this run,,,,,,,,,,,,,,
059003.000431,65073.2717,0,63,16,10,6,15,2,33.602,37.448,-3.699,2.267,1276.2,0,,,,,,,this run,,,,,,,,,,,,,,
059003.000221,65295.8871,0,115,49,34,15,43,9,148.375,158.877,-10.119,28.541,674.8,0,,,,,,,this run,,,,,,,,,,,,,,
059003.000432,65765.1353,0,63,14,11,3,15,4,39.705,42.533,-2.659,4.319,1276.2,0,,,,,,,this run,,,,,,,,,,,,,,
059003.000222,65909.4362,0,95,23,14,9,22,3,40.378,46.586,-6.092,0.263,1276.2,0,,,,,,,this run,,,,,,,,,,,,,,
059003.000223,65922.3975,0,116,44,40,4,54,8,158.391,163.735,-4.894,27.233,674.8,0,,,,,,,this run,,,,,,,,,,,,,,
059003.000224,65935.2126,0,119,35,25,10,43,13,95.189,103.11,-7.664,5.56,1276.2,0,,,,,,,this run,,,,,,,,,,,,,,
059003.000225,65967.1165,0,86,35,19,16,24,5,39.995,57.597,-18.568,-2.459,1276.2,0,,,,,,,this run,,,,,,,,,,,,,,
059003.000226,66148.3504,0,85,27,24,3,42,9,91.494,95.801,-5.492,13.226,1276.2,0,,,,,,,this run,,,,,,,,,,,,,,
059003.000227,66301.3139,0,47,15,13,2,20,5,52.884,54.605,-1.57,19.479,674.8,0,,,,,,,this run,,,,,,,,,,,,,,
059003.000229,66681.1264,0,96,31,25,6,38,10,94.962,101.938,-6.987,10.831,674.8,0,,,,,,,this run,,,,,,,,,,,,,,
059003.000230,66735.8401,0,83,31,29,2,37,10,103.804,107.204,-3.544,7.43,1276.2,0,,,,,,,this run,,,,,,,,,,,,,,
059003.000231,66852.849,0,118,40,21,19,36,10,68.306,86.464,-18.394,-2.82,1276.2,0,,,,,,,this run,,,,,,,,,,,,,,
059003.000232,66867.0983,0,62,15,13,2,22,6,52.006,56.304,-4.184,9.23,674.8,0,,,,,,,this run,,,,,,,,,,,,,,
059003.000233,66942.9903,0,95,21,14,7,23,3,36.316,42.34,-8.018,1.662,1276.2,0,,,,,,,this run,,,,,,,,,,,,,,
059003.000234,67398.7894,0,122,35,20,15,35,10,56.001,67.448,-11.285,3.412,1276.2,0,,,,,,,this run,,,,,,,,,,,,,,
059003.000235,67240.331,0,118,34,18,16,39,4,92.289,100.806,-9.283,25.08,1276.2,0,,,,,,,this run,,,,,,,,,,,,,,
059003.000236,67395.2928,0,96,32,27,5,37,7,114.948,120.391,-5.245,15.039,1276.2,0,,,,,,,this run,,,,,,,,,,,,,,
059003.000237,67049.1609,0,124,54,44,10,52,10,162.818,172.021,-8.757,26.152,674.8,0,,,,,,,this run,,,,,,,,,,,,,,
059003.000238,67679.2103,0,120,41,29,12,41,12,113.38,122.498,-9.141,22.322,674.8,0,,,,,,,this run,,,,,,,,,,,,,,
059003.000239,67870.7253,0,122,44,31,13,45,14,92.954,102.121,-9.865,8.892,674.8,0,,,,,,,this run,,,,,,,,,,,,,,
059003.000240,67965.4452,0,62,27,19,8,23,4,63.846,68.726,-4.624,8.873,674.8,0,,,,,,,this run,,,,,,,,,,,,,,
059003.000241,68238.0849,0,113,30,16,14,23,7,34.207,43.91,-10.522,-0.39,1276.2,0,,,,,,,this run,,,,,,,,,,,,,,
059003.000242,68305.1994,0,52,12,9,3,17,7,27.845,33.693,-5.719,4.25,1276.2,0,,,,,,,this run,,,,,,,,,,,,,,
059003.000433,68331.6756,0,96,34,32,2,41,30,49.148,51.895,-2.706,11.655,674.8,0,,,,,,,this run,,,,,,,,,,,,,,
059003.000243,68331.7347,0,118,35,27,8,51,31,48.429,54.278,-6.793,1.724,1276.2,0,,,,,,,this run,,,,,,,,,,,,,,
059003.000244,68374.5395,0,125,49,33,16,44,7,145.402,154.592,-8.776,23.607,674.8,0,,,,,,,this run,,,,,,,,,,,,,,
059003.000245,68492.43,0,119,44,26,18,41,12,74.099,92.245,-18.434,13.148,674.8,0,,,,,,,this run,,,,,,,,,,,,,,
059003.000246,68525.5963,0,113,39,25,14,36,6,109.591,118.704,-8.95,16.404,674.8,0,,,,,,,this run,,,,,,,,,,,,,,
059003.000247,68544.1678,0,124,41,25,16,42,12,71.756,85.298,-13.424,9.89,1276.2,0,,,,,,,this run,,,,,,,,,,,,,,
059003.000435,68676.5475,0,96,26,11,15,23,6,28.88,41.577,-12.741,4.771,1276.2,0,,,,,,,this run,,,,,,,,,,,,,,
059003.000248,68801.6449,0,116,45,34,11,47,12,128.872,136.169,-7.07,20.241,674.8,0,,,,,,,this run,,,,,,,,,,,,,,
059003.000249,68978.5355,0,96,39,22,17,30,5,74.399,83.718,-9.033,8.837,674.8,0,,,,,,,this run,,,,,,,,,,,,,,
059003.000250,68987.0451,0,120,34,26,8,42,13,71.947,76.378,-4.239,1.972,1276.2,0,,,,,,,this run,,,,,,,,,,,,,,
059003.000251,69138.2365,0,123,44,32,12,46,7,126.67,134.826,-7.893,24.277,674.8,0,,,,,,,this run,,,,,,,,,,,,,,
059003.000252,69408.4896,0,114,27,15,12,27,8,51.535,63.524,-11.768,14.871,1276.2,0,,,,,,,this run,,,,,,,,,,,,,,
059003.000253,69430.9649,0,117,36,22,14,31,5,65.974,75.62,-9.488,3.272,1276.2,0,,,,,,,this run,,,,,,,,,,,,,,
059003.000254,69681.5762,0,93,12,6,6,9,1,22.225,27.22,-5.013,4.553,1276.2,0,,,,,,,this run,,,,,,,,,,,,,,
059003.000255,69686.2324,0,124,35,23,12,38,9,75.713,87.044,-11.02,2.434,1276.2,0,,,,,,,this run,,,,,,,,,,,,,,
059003.000256,69977.9934,0,111,25,17,8,29,8,51.008,55.605,-5.05,3.296,1276.2,0,,,,,,,this run,,,,,,,,,,,,,,
059003.000257,70381.4671,0,83,24,17,7,22,4,53.21,57.759,-4.944,2.656,1276.2,0,,,,,,,this run,,,,,,,,,,,,,,
059003.000258,71021.1429,0,124,22,11,11,29,12,29.782,40.097,-10.156,2.738,1276.2,0,,,,,,,this run,,,,,,,,,,,,,,
059003.000259,71385.6321,0,117,21,11,10,23,10,30.661,38.831,-8.966,0.665,1276.2,0,,,,,,,this run,,,,,,,,,,,,,,
059003.000260,71501.0064,0,63,16,11,5,22,7,28.17,32.626,-4.301,0.773,1276.2,0,,,,,,,this run,,,,,,,,,,,,,,
059003.000261,71536.3536,0,94,28,18,10,27,6,71.997,80.458,-8.272,11.679,674.8,0,,,,,,,this run,,,,,,,,,,,,,,
059003.000262,71592.3374,0,124,36,21,15,31,8,70.79,85.03,-13.991,16.271,674.8,0,,,,,,,this run,,,,,,,,,,,,,,
059003.000263,71736.4029,0,112,29,23,6,27,7,89.453,93.806,-4.22,16.885,674.8,0,,,,,,,this run,,,,,,,,,,,,,,
059003.000264,71978.4996,0,118,32,22,10,34,6,88.314,95.496,-6.851,9.761,674.8,0,,,,,,,this run,,,,,,,,,,,,,,
059003.000265,71994.8015,0,95,30,16,14,23,6,42.483,53.138,-10.435,1.761,1276.2,0,,,,,,,this run,,,,,,,,,,,,,,
059003.000266,73029.9667,0,124,26,17,9,27,10,29.782,38.006,-8.053,-3.307,1276.2,0,,,,,,,this run,,,,,,,,,,,,,,
059003.000267,73378.3846,0,118,26,13,13,20,9,23.692,32.856,-9.233,-2.223,1276.2,0,,,,,,,this run,,,,,,,,,,,,,,
059003.000268,73606.0849,0,122,26,12,14,25,7,10.579,21.747,-10.998,-4.318,1276.2,0,,,,,,,this run,,,,,,,,,,,,,,
059003.000269,73609.131,0,115,22,12,10,18,4,37.296,43.592,-6.257,8.334,1276.2,0,,,,,,,this run,,,,,,,,,,,,,,
059003.000270,74105.2542,0,94,25,15,10,24,10,23.942,33.174,-9.949,-2.922,1276.2,0,,,,,,,this run,,,,,,,,,,,,,,
059003.000436,74619.6803,0,115,23,14,9,27,12,36.711,44.489,-7.623,3.807,1276.2,0,,,,,,,this run,,,,,,,,,,,,,,
059003.000271,74463.7116,0,64,11,6,5,15,6,9.098,14.34,-5.185,0.818,1276.2,0,,,,,,,this run,,,,,,,,,,,,,,
059003.000437,74696.2125,0,122,24,13,11,23,10,19.465,25.598,-6.918,2.244,1276.2,0,,,,,,,this run,,,,,,,,,,,,,,
059003.000272,75294.0299,0,114,26,17,9,26,6,36.659,43.039,-7.11,3.231,1276.2,0,,,,,,,this run,,,,,,,,,,,,,,
059003.000273,75409.5756,0,63,29,16,13,23,4,49.481,59.621,-9.896,6.484,674.8,0,,,,,,,this run,,,,,,,,,,,,,,
059003.000274,75560.7194,0,94,23,14,9,24,8,18.198,29.936,-11.752,-4.148,1276.2,0,,,,,,,this run,,,,,,,,,,,,,,
059003.000275,75614.79,0,96,26,19,7,25,4,61.856,69.165,-7.116,9.648,674.8,0,,,,,,,this run,,,,,,,,,,,,,,
059003.000276,75639.9583,0,115,19,10,9,25,9,36.931,46.629,-9.539,8.26,1276.2,0,,,,,,,this run,,,,,,,,,,,,,,
059003.000277,75762.2042,0,126,25,11,14,18,6,19.632,31.377,-11.67,2.417,1276.2,0,,,,,,,this run,,,,,,,,,,,,,,
059003.000438,75982.8596,0,114,25,12,13,24,11,15.937,25.586,-9.885,-1.387,1276.2,0,,,,,,,this run,,,,,,,,,,,,,,
059003.000439,76130.4539,0,114,19,8,11,19,8,4.593,16.036,-11.397,-3.189,1276.2,0,,,,,,,this run,,,,,,,,,,,,,,
059003.000440,76411.0232,0,93,28,12,16,18,7,4.311,17.994,-13.591,-5.482,1276.2,0,,,,,,,this run,,,,,,,,,,,,,,
059003.000441,76534.705,0,83,9,6,3,13,6,25.027,27.925,-2.813,8.752,1276.2,0,,,,,,,this run,,,,,,,,,,,,,,
059003.000278,76892.4668,0,65,19,6,13,9,5,9.923,17.669,-7.863,0.059,1276.2,0,,,,,,,this run,,,,,,,,,,,,,,
059003.000442,76894.5857,0,114,16,8,8,18,7,23.208,29.084,-5.794,3.18,1276.2,0,,,,,,,this run,,,,,,,,,,,,,,
059003.000279,77821.9554,0,96,23,13,10,18,5,32.526,40.798,-8.169,3.319,1276.2,0,,,,,,,this run,,,,,,,,,,,,,,
059003.000280,78312.8588,0,29,14,8,6,10,2,27.001,30.238,-3.126,2.14,674.8,0,,,,,,,this run,,,,,,,,,,,,,,
059003.000281,78463.634,0,112,26,17,9,26,7,44.706,52.935,-8.071,3.745,674.8,0,,,,,,,this run,,,,,,,,,,,,,,
059003.000282,78694.5514,0,114,25,15,10,27,10,52.817,60.115,-7.35,8.491,1276.2,0,,,,,,,this run,,,,,,,,,,,,,,
059003.000283,78889.124,0,64,18,12,6,21,0,41.206,45.107,-3.71,0.774,674.8,0,,,,,,,this run,,,,,,,,,,,,,,
059003.000284,79136.2033,0,85,22,16,6,20,4,44.82,49.147,-4.333,4.751,1276.2,0,,,,,,,this run,,,,,,,,,,,,,,
059003.000285,79366.6419,0,89,19,13,6,23,9,33.19,38.235,-4.922,-0.003,674.8,0,,,,,,,this run,,,,,,,,,,,,,,
059003.000443,79377.1242,0,53,8,5,3,7,0,20.881,22.723,-1.968,1.218,1276.2,0,,,,,,,this run,,,,,,,,,,,,,,
059003.000444,79378.3925,0,31,11,7,4,11,2,28.911,32.374,-3.385,3.008,674.8,0,,,,,,,this run,,,,,,,,,,,,,,
059003.000286,79395.5073,0,117,24,17,7,25,7,35.295,41.039,-5.678,5.393,1276.2,0,,,,,,,this run,,,,,,,,,,,,,,
059003.000287,79742.3979,0,32,8,7,1,7,1,28.062,30.093,-1.941,1.939,674.8,0,,,,,,,this run,,,,,,,,,,,,,,
059003.000288,80164.0255,0,65,25,13,12,16,3,41.58,48.208,-6.579,1.809,674.8,0,,,,,,,this run,,,,,,,,,,,,,,
059003.000289,80360.7963,0,113,26,17,9,26,9,51.992,58.749,-6.673,10.614,674.8,0,,,,,,,this run,,,,,,,,,,,,,,
059003.000290,80897.8087,0,63,21,11,10,16,4,40.867,45.9,-4.857,5.153,674.8,0,,,,,,,this run,,,,,,,,,,,,,,
059003.000291,80988.7465,0,86,18,10,8,22,11,42.414,48.207,-5.739,10.616,674.8,0,,,,,,,this run,,,,,,,,,,,,,,
059003.000292,81404.5096,0,91,21,16,5,21,6,54.184,58.652,-4.244,8.812,674.8,0,,,,,,,this run,,,,,,,,,,,,,,
059003.000445,82082.7336,0,120,21,11,10,24,5,22.639,28.193,-5.579,0.32,1276.2,0,,,,,,,this run,,,,,,,,,,,,,,
059003.000293,82492.5302,0,65,15,9,6,17,3,15.944,20.711,-4.644,-0.062,1276.2,0,,,,,,,this run,,,,,,,,,,,,,,
059003.000294,83025.9018,0,58,15,9,6,13,2,30.452,33.34,-2.869,3.243,674.8,0,,,,,,,this run,,,,,,,,,,,,,,
059003.000295,83426.5966,0,92,18,8,10,21,11,18.092,29.318,-11.133,5.324,1276.2,0,,,,,,,this run,,,,,,,,,,,,,,
059003.000296,83607.3324,0,108,15,11,4,21,7,37.442,41.991,-4.532,6.454,674.8,0,,,,,,,this run,,,,,,,,,,,,,,
059003.000297,83703.4297,0,80,11,11,0,16,4,34.505,35.851,-1.249,4.507,674.8,0,,,,,,,this run,,,,,,,,,,,,,,
059003.000447,84409.9085,0,64,16,10,6,13,2,27.055,31.948,-4.739,-1.623,674.8,0,,,,,,,this run,,,,,,,,,,,,,,
059003.000298,84270.5135,0,65,12,6,6,14,6,15.373,19.76,-4.395,2.707,1064.0,0,,,,,,,this run,,,,,,,,,,,,,,
059003.000299,84410.693,0,122,20,13,7,23,8,32.569,39.574,-6.84,4.47,674.8,0,,,,,,,this run,,,,,,,,,,,,,,
059003.000300,84429.901,0,113,13,6,7,19,11,14.474,19.626,-5.069,5.558,674.8,0,,,,,,,this run,,,,,,,,,,,,,,
059003.000448,84690.2751,0,119,25,13,12,22,11,8.154,18.979,-10.695,0.833,1064.0,0,,,,,,,this run,,,,,,,,,,,,,,
059003.000449,84804.137,0,61,13,8,5,16,5,21.739,26.286,-4.398,0.561,674.8,0,,,,,,,this run,,,,,,,,,,,,,,
059003.000301,84992.0198,0,51,6,6,0,11,4,25.315,25.881,-0.629,7.411,674.8,0,,,,,,,this run,,,,,,,,,,,,,,
059003.000302,85306.1651,0,93,16,10,6,13,4,29.43,33.591,-4.177,2.083,674.8,0,,,,,,,this run,,,,,,,,,,,,,,
059003.000450,85982.1525,0,90,13,8,5,15,5,8.303,12.378,-3.966,3.349,1064.0,0,,,,,,,this run,,,,,,,,,,,,,,
059003.000451,86390.5296,0,114,20,8,12,14,7,9.415,17.824,-8.322,3.43,1064.0,0,,,,,,,this run,,,,,,,,,,,,,,
059003.000452,86455.5726,0,120,19,10,9,15,4,13.915,20.109,-6.124,3.202,1064.0,0,,,,,,,this run,,,,,,,,,,,,,,
059003.000453,86938.5323,0,65,9,5,4,8,2,17.14,20.118,-2.891,2.736,1276.2,0,,,,,,,this run,,,,,,,,,,,,,,
059003.000303,87511.5232,0,108,23,16,7,23,9,25.605,33.115,-7.418,10.627,1064.0,0,,,,,,,this run,,,,,,,,,,,,,,
059003.000454,87726.8548,0,108,15,9,6,18,8,10.991,15.954,-4.984,0.049,1064.0,0,,,,,,,this run,,,,,,,,,,,,,,
059003.000304,88209.9566,0,116,19,9,10,21,13,10.903,19.95,-9.039,5.909,1064.0,0,,,,,,,this run,,,,,,,,,,,,,,
059003.000305,88948.1797,0,119,24,12,12,22,10,14.479,22.356,-7.865,6.852,1064.0,0,,,,,,,this run,,,,,,,,,,,,,,
059003.000306,90119.9474,0,93,17,13,4,19,7,29.726,34.696,-5.025,7.631,1064.0,0,,,,,,,this run,,,,,,,,,,,,,,
059003.000307,90629.2163,0,117,23,16,7,21,4,26.985,33.288,-6.314,2.437,1064.0,0,,,,,,,this run,,,,,,,,,,,,,,
059003.000308,92441.6642,0,110,30,18,12,24,4,35.031,43.898,-9.781,7.691,1064.0,0,,,,,,,this run,,,,,,,,,,,,,,
059003.000309,92554.6841,0,90,28,19,9,29,9,31.016,37.457,-6.746,0.204,1276.2,0,,,,,,,this run,,,,,,,,,,,,,,
059003.000310,93296.4612,0,102,13,7,6,16,3,17.312,22.85,-6.612,-0.276,1064.0,0,,,,,,,this run,,,,,,,,,,,,,,
059003.000311,93967.3483,0,105,35,18,17,23,6,31.991,45.767,-13.551,4.885,1276.2,0,,,,,,,this run,,,,,,,,,,,,,,
059003.000312,95147.7586,0,105,29,18,11,23,6,25.911,34.691,-8.65,5.556,1064.0,0,,,,,,,this run,,,,,,,,,,,,,,
059003.000313,96830.393,0,97,25,18,7,30,10,20.95,28.514,-7.45,4.24,1144.5,0,,,,,,,this run,,,,,,,,,,,,,,
059003.000456,99604.4511,0,89,11,6,5,12,6,8.47,13.094,-4.605,1.342,1064.0,0,,,,,,,this run,,,,,,,,,,,,,,
059003.000349,110295.4106,0,78,25,13,12,18,8,31.824,45.18,-13.372,7.976,619.5,0,,,,,,,this run,,,,,,,,,,,,,,
059003.000350,110333.5906,0,85,31,16,15,18,7,36.648,51.699,-15.014,10.688,619.5,0,,,,,,,this run,,,,,,,,,,,,,,
059003.000351,110531.1547,1,55,12,9,3,11,5,20.32,24.507,-4.129,10.683,619.5,0,,,,,,,this run,,,,,,,,,,,,,,
059003.000352,110881.1091,0,84,36,25,11,30,14,63.717,72.3,-8.369,16.804,619.5,0,,,,,,,this run,,,,,,,,,,,,,,
059003.000353,110922.4339,0,92,32,18,14,24,10,45.123,57.077,-11.769,10.863,619.5,0,,,,,,,this run,,,,,,,,,,,,,,
059003.000354,111110.1599,0,64,29,17,12,18,6,39.169,50.361,-11.148,10.861,619.5,0,,,,,,,this run,,,,,,,,,,,,,,
059003.000355,111268.5994,0,58,22,14,8,18,6,29.389,35.925,-6.757,2.002,619.5,0,,,,,,,this run,,,,,,,,,,,,,,
059003.000356,111335.076,1,41,15,10,5,15,6,44.857,48.65,-3.638,13.558,619.5,0,,,,,,,this run,,,,,,,,,,,,,,
059003.000357,111342.5058,0,94,42,27,15,33,16,51.331,66.933,-15.449,6.919,619.5,0,,,,,,,this run,,,,,,,,,,,,,,
059003.000358,111494.6242,0,81,31,19,12,25,7,56.99,67.077,-10.887,3.974,619.5,0,,,,,,,this run,,,,,,,,,,,,,,
059003.000458,111518.4025,0,92,17,8,9,19,7,26.195,35.226,-9.119,5.533,193.2,0,,,,,,,this run,,,,,,,,,,,,,,
059003.000459,111728.8763,0,91,18,7,11,14,7,3.387,13.337,-9.877,-1.729,193.2,0,,,,,,,this run,,,,,,,,,,,,,,
059003.000460,111772.6869,0,59,25,12,13,14,5,15.507,25.727,-10.518,-3.411,619.5,0,,,,,,,this run,,,,,,,,,,,,,,
059003.000462,111903.0289,0,83,34,13,21,19,6,22.454,38.587,-16.048,6.418,619.5,0,,,,,,,this run,,,,,,,,,,,,,,
059003.000359,111993.0188,0,94,32,21,11,30,12,72.208,80.682,-8.244,13.865,619.5,0,,,,,,,this run,,,,,,,,,,,,,,
059003.000360,112643.1621,0,89,33,21,12,27,11,52.566,62.386,-9.838,14.687,619.5,0,,,,,,,this run,,,,,,,,,,,,,,
059003.000361,112769.7426,0,69,35,20,15,22,7,60.305,73.78,-13.288,13.259,619.5,0,,,,,,,this run,,,,,,,,,,,,,,
059003.000463,112837.4557,0,98,24,11,13,20,9,20.428,30.892,-10.336,-0.561,193.2,0,,,,,,,this run,,,,,,,,,,,,,,
059003.000362,112896.3618,0,46,21,12,9,15,3,43.353,51.401,-7.875,11.609,619.5,0,,,,,,,this run,,,,,,,,,,,,,,
059003.000363,113023.7086,1,22,9,5,4,6,1,24.653,28.201,-3.523,12.206,619.5,0,,,,,,,this run,,,,,,,,,,,,,,
059003.000464,113064.696,0,95,26,14,12,23,10,34.815,42.556,-7.592,-0.992,193.2,0,,,,,,,this run,,,,,,,,,,,,,,
059003.000364,113158.5757,0,100,50,26,24,31,10,57.336,77.626,-20.014,10.704,619.5,0,,,,,,,this run,,,,,,,,,,,,,,
059003.000465,113211.6698,0,93,25,13,12,18,10,23.574,33.077,-9.557,-0.657,193.2,0,,,,,,,this run,,,,,,,,,,,,,,
059003.000466,113225.7058,0,81,20,13,7,20,15,20.518,25.378,-4.788,-0.481,193.2,0,,,,,,,this run,,,,,,,,,,,,,,
059003.000365,113291.713,0,97,46,29,17,32,15,58.22,70.766,-12.489,7.755,619.5,0,,,,,,,this run,,,,,,,,,,,,,,
059003.000366,113556.8568,0,85,39,19,20,24,8,34.677,51.619,-16.767,3.852,619.5,0,,,,,,,this run,,,,,,,,,,,,,,
059003.000367,113600.2087,0,71,34,24,10,26,7,61.93,70.775,-8.639,5.622,619.5,0,,,,,,,this run,,,,,,,,,,,,,,
059003.000368,113630.9368,0,100,38,19,19,24,10,38.741,54.665,-15.728,4.099,619.5,0,,,,,,,this run,,,,,,,,,,,,,,
059003.000369,113664.5961,0,93,37,16,21,22,8,43.849,61.714,-18.109,14.117,619.5,0,,,,,,,this run,,,,,,,,,,,,,,
059003.000370,113780.3414,0,100,46,26,20,32,12,60.469,76.72,-16.299,5.354,193.2,0,,,,,,,this run,,,,,,,,,,,,,,
059003.000371,113823.166,0,58,23,12,11,17,8,20.594,30.863,-10.147,4.399,619.5,0,,,,,,,this run,,,,,,,,,,,,,,
059003.000372,113833.9415,0,45,20,7,13,12,5,32.564,43.344,-10.692,15.651,619.5,0,,,,,,,this run,,,,,,,,,,,,,,
059003.000467,113854.8544,0,93,41,15,26,19,9,22.296,42.67,-20.488,-0.973,619.5,0,,,,,,,this run,,,,,,,,,,,,,,
059003.000468,113894.7351,0,101,46,24,22,30,10,43.651,60.207,-16.844,3.137,619.5,0,,,,,,,this run,,,,,,,,,,,,,,
059003.000373,113914.1463,0,85,35,19,16,24,6,52.518,66.201,-13.491,5.607,619.5,0,,,,,,,this run,,,,,,,,,,,,,,
059003.000374,114725.6483,0,23,10,9,1,9,2,39.668,41.825,-2.033,13.745,619.5,0,,,,,,,this run,,,,,,,,,,,,,,
059003.000375,114797.0926,0,76,35,20,15,25,6,60.082,70.955,-10.749,6.437,619.5,0,,,,,,,this run,,,,,,,,,,,,,,
059003.000469,115094.083,0,99,25,14,11,21,11,26.563,36.42,-9.719,0.114,193.2,0,,,,,,,this run,,,,,,,,,,,,,,
059003.000470,115176.165,0,106,31,15,16,20,12,21.147,32.113,-10.848,-2.093,193.2,0,,,,,,,this run,,,,,,,,,,,,,,
059003.000471,115218.6871,0,76,31,14,17,18,6,38.57,50.8,-12.073,4.765,193.2,0,,,,,,,this run,,,,,,,,,,,,,,
059003.000377,115324.468,0,105,42,23,19,26,11,37.918,54.737,-16.697,6.385,619.5,0,,,,,,,this run,,,,,,,,,,,,,,
059003.000378,115403.2121,0,98,37,25,12,29,13,56.526,67.735,-11.047,11.84,619.5,0,,,,,,,this run,,,,,,,,,,,,,,
059003.000379,115408.4148,0,75,37,22,15,25,6,65.722,75.776,-9.911,8.695,619.5,0,,,,,,,this run,,,,,,,,,,,,,,
059003.000380,115420.8983,0,101,42,23,19,27,7,39.396,52.579,-13.124,-3.134,619.5,0,,,,,,,this run,,,,,,,,,,,,,,
059003.000472,115489.8008,0,100,28,13,15,24,13,31.852,43.298,-11.402,-1.151,193.2,0,,,,,,,this run,,,,,,,,,,,,,,
059003.000381,115499.632,0,107,46,29,17,38,12,69.6,84.515,-14.711,9.201,619.5,0,,,,,,,this run,,,,,,,,,,,,,,
059003.000382,115670.0327,0,107,29,10,19,17,11,18.706,30.303,-11.512,8.598,619.5,0,,,,,,,this run,,,,,,,,,,,,,,
059003.000383,115672.2769,0,50,24,17,7,17,4,65.506,71.851,-6.148,14.172,619.5,0,,,,,,,this run,,,,,,,,,,,,,,
059003.000384,115800.1745,0,90,40,24,16,25,8,35.855,47.193,-11.264,5.331,619.5,0,,,,,,,this run,,,,,,,,,,,,,,
059003.000474,115881.7257,0,110,27,10,17,18,12,1.146,13.968,-12.766,1.874,619.5,0,,,,,,,this run,,,,,,,,,,,,,,
059003.000385,115933.164,0,99,41,22,19,27,8,40.339,57.275,-16.834,4.726,619.5,0,,,,,,,this run,,,,,,,,,,,,,,
059003.000475,115990.6446,0,61,17,11,6,14,7,8.632,13.543,-4.838,1.247,619.5,0,,,,,,,this run,,,,,,,,,,,,,,
059003.000386,116021.7673,0,110,40,17,23,23,11,25.754,43.728,-17.82,2.179,619.5,0,,,,,,,this run,,,,,,,,,,,,,,
059003.000476,116078.59,0,100,37,18,19,22,14,22.857,39.594,-16.619,4.393,193.2,0,,,,,,,this run,,,,,,,,,,,,,,
059003.000387,116238.8694,0,48,21,12,9,14,6,29.562,37.577,-7.894,8.398,619.5,0,,,,,,,this run,,,,,,,,,,,,,,
059003.000388,116309.1744,0,101,40,24,16,28,8,49.547,64.509,-14.853,9.524,619.5,0,,,,,,,this run,,,,,,,,,,,,,,
059003.000389,116453.2381,0,112,40,23,17,30,16,30.037,43.124,-13.241,4.086,619.5,0,,,,,,,this run,,,,,,,,,,,,,,
059003.000390,116489.7709,0,26,11,9,2,10,2,47.518,49.209,-1.565,14.472,619.5,0,,,,,,,this run,,,,,,,,,,,,,,
059003.000392,117044.6171,0,114,38,18,20,28,14,27.044,42.666,-15.564,8.97,619.5,0,,,,,,,this run,,,,,,,,,,,,,,
059003.000393,117248.0136,0,76,23,8,15,13,4,23.998,40.732,-16.584,11.024,619.5,0,,,,,,,this run,,,,,,,,,,,,,,
059003.000394,117322.9767,0,106,28,11,17,20,11,11.37,28.787,-17.593,2.666,619.5,0,,,,,,,this run,,,,,,,,,,,,,,
059003.000479,117375.9266,0,47,13,9,4,12,5,36.285,39.577,-3.193,6.496,193.2,0,,,,,,,this run,,,,,,,,,,,,,,
059003.000480,117385.0734,0,106,28,14,14,20,7,35.54,45.377,-9.959,-3.572,193.2,0,,,,,,,this run,,,,,,,,,,,,,,
059003.000481,117397.7318,0,78,23,14,9,16,8,25.072,30.416,-5.262,-1.459,193.2,0,,,,,,,this run,,,,,,,,,,,,,,
059003.000482,117507.9194,0,117,41,19,22,25,13,22.029,38.599,-17.627,1.116,619.5,0,,,,,,,this run,,,,,,,,,,,,,,
059003.000395,117540.5204,0,66,17,9,8,15,6,18.356,27.088,-8.64,0.999,619.5,0,,,,,,,this run,,,,,,,,,,,,,,
059003.000396,117574.6073,0,103,30,17,13,23,11,16.465,27.191,-10.595,1.194,619.5,0,,,,,,,this run,,,,,,,,,,,,,,
059003.000483,117686.4999,0,97,33,14,19,21,12,13.681,27.488,-13.736,-0.521,619.5,0,,,,,,,this run,,,,,,,,,,,,,,
059003.000397,117647.2159,0,116,38,20,18,28,15,18.524,33.87,-15.197,5.913,619.5,0,,,,,,,this run,,,,,,,,,,,,,,
059003.000398,117593.0337,0,96,29,14,15,19,13,4.737,17.731,-12.971,2.473,619.5,0,,,,,,,this run,,,,,,,,,,,,,,
059003.000399,117775.2378,0,77,23,15,8,19,5,46.489,54.177,-7.681,7.843,619.5,0,,,,,,,this run,,,,,,,,,,,,,,
059003.000400,118063.1922,0,50,20,8,12,11,3,27.413,36.775,-9.336,8.294,619.5,0,,,,,,,this run,,,,,,,,,,,,,,
059003.000484,118069.0695,0,117,35,17,18,21,15,-0.934,14.103,-15.114,5.021,619.5,0,,,,,,,this run,,,,,,,,,,,,,,
059003.000401,118080.9801,0,119,31,17,14,24,10,29.364,41.859,-12.342,6.072,619.5,0,,,,,,,this run,,,,,,,,,,,,,,
059003.000402,118224.0784,0,64,17,8,9,17,8,11.908,19.333,-7.529,0.702,619.5,0,,,,,,,this run,,,,,,,,,,,,,,
059003.000485,118201.5015,0,63,23,15,8,19,12,16.904,21.802,-4.877,1.579,619.5,0,,,,,,,this run,,,,,,,,,,,,,,
059003.000403,118271.6397,0,106,31,17,14,19,8,32.563,44.216,-11.487,8.854,619.5,0,,,,,,,this run,,,,,,,,,,,,,,
059003.000404,118318.6146,0,118,34,18,16,23,10,30.13,45.566,-15.595,6.319,619.5,0,,,,,,,this run,,,,,,,,,,,,,,
059003.000405,118468.9525,0,116,36,19,17,24,10,30.694,44.933,-14.262,3.457,619.5,0,,,,,,,this run,,,,,,,,,,,,,,
059003.000486,118588.7702,0,95,26,14,12,19,14,6.424,18.036,-11.59,2.547,619.5,0,,,,,,,this run,,,,,,,,,,,,,,
059003.000406,118610.9236,0,78,22,15,7,20,6,53.544,60.09,-6.447,9.089,619.5,0,,,,,,,this run,,,,,,,,,,,,,,
059003.000487,118861.0149,0,116,33,18,15,22,13,18.313,30.305,-11.868,7.136,619.5,0,,,,,,,this run,,,,,,,,,,,,,,
059003.000407,118878.9952,0,103,27,18,9,24,13,35.772,43.102,-7.198,5.347,619.5,0,,,,,,,this run,,,,,,,,,,,,,,
059003.000488,118884.9383,0,117,31,16,15,20,10,22.018,30.955,-8.938,1.4,619.5,0,,,,,,,this run,,,,,,,,,,,,,,
059003.000489,118987.2074,0,96,25,14,11,24,13,20.186,29.82,-9.497,2.179,619.5,0,,,,,,,this run,,,,,,,,,,,,,,
059003.000490,119019.1958,0,32,10,8,2,11,5,17.213,18.92,-1.661,1.692,619.5,0,,,,,,,this run,,,,,,,,,,,,,,
059003.000492,120715.6696,0,92,25,11,14,17,8,12.082,20.263,-8.136,4.285,619.5,0,,,,,,,this run,,,,,,,,,,,,,,
059003.000409,121095.1774,0,101,24,11,13,15,9,19.572,28.768,-9.095,6.117,619.5,0,,,,,,,this run,,,,,,,,,,,,,,
059003.000410,121119.3832,0,51,10,7,3,11,4,30.626,34.123,-3.417,10.179,619.5,0,,,,,,,this run,,,,,,,,,,,,,,
059003.000411,121382.5254,0,113,28,20,8,26,15,34.907,40.907,-6.344,-0.174,619.5,0,,,,,,,this run,,,,,,,,,,,,,,
059003.000412,121431.2462,0,75,17,12,5,14,7,33.042,36.296,-3.218,5.06,619.5,0,,,,,,,this run,,,,,,,,,,,,,,
059003.000413,121532.6527,0,103,25,16,9,22,10,34.444,41.05,-6.698,1.622,619.5,0,,,,,,,this run,,,,,,,,,,,,,,
059003.000495,121582.75,0,64,15,7,8,11,6,7.259,12.59,-5.277,2.337,619.5,0,,,,,,,this run,,,,,,,,,,,,,,
059003.000496,122141.5749,0,107,25,11,14,16,7,9.472,21.098,-11.72,2.675,619.5,0,,,,,,,this run,,,,,,,,,,,,,,
059003.000414,128214.1846,0,57,7,3,4,8,5,9.079,12.016,-2.917,3.006,619.5,0,,,,,,,this run,,,,,,,,,,,,,,
059003.000415,128352.8109,0,100,9,5,4,18,13,10.935,15.26,-4.278,4.208,619.5,0,,,,,,,this run,,,,,,,,,,,,,,
059003.000416,128381.6763,0,87,9,6,3,14,8,12.78,15.578,-2.742,4.775,619.5,0,,,,,,,this run,,,,,,,,,,,,,,
059003.000417,128453.1578,0,99,14,8,6,13,7,16.461,20.245,-3.776,3.214,619.5,0,,,,,,,this run,,,,,,,,,,,,,,
059003.000497,128479.5325,0,82,11,6,5,19,14,8.06,11.422,-3.323,1.579,619.5,0,,,,,,,this run,,,,,,,,,,,,,,
059003.000418,128568.6972,0,101,12,8,4,17,7,15.807,19.683,-3.778,4.458,619.5,0,,,,,,,this run,,,,,,,,,,,,,,
059003.000498,128800.3072,0,81,9,5,4,14,8,11.739,14.711,-2.944,1.159,619.5,0,,,,,,,this run,,,,,,,,,,,,,,
059003.000499,128913.1268,0,101,11,6,5,18,9,18.527,23.141,-4.535,3.298,619.5,0,,,,,,,this run,,,,,,,,,,,,,,
059003.000500,132415.5656,0,97,8,4,4,15,10,6.793,11.23,-4.415,0.992,619.5,0,,,,,,,this run,,,,,,,,,,,,,,
059003.000501,132651.532,0,57,8,7,1,8,6,9.314,10.562,-1.23,1.84,619.5,0,,,,,,,this run,,,,,,,,,,,,,,
059003.000502,132783.0782,0,31,6,5,1,10,4,8.413,9.437,-0.973,0.718,619.5,0,,,,,,,this run,,,,,,,,,,,,,,
059003.000503,132876.5686,0,96,11,9,2,20,9,21.313,24.437,-3.002,3.019,619.5,0,,,,,,,this run,,,,,,,,,,,,,,
059003.000504,133037.5056,0,83,7,4,3,10,5,9.185,12.633,-3.399,3.602,619.5,0,,,,,,,this run,,,,,,,,,,,,,,
059003.000505,133150.8122,0,57,7,5,2,11,8,10.173,12.512,-2.303,2.588,619.5,0,,,,,,,this run,,,,,,,,,,,,,,
059003.000423,133242.2945,0,3,1,1,0,1,0,8.97,9.01,-0.03,4.934,619.5,0,,,,,,,this run,,,,,,,,,,,,,,
059003.000424,133078.0864,0,30,3,3,0,10,5,14.222,14.956,-0.778,7.076,619.5,0,,,,,,,this run,,,,,,,,,,,,,,
059003.000507,133370.4219,0,85,8,8,0,13,6,20.853,22.032,-1.089,3.851,619.5,0,,,,,,,this run,,,,,,,,,,,,,,
059003.000425,133373.1381,0,11,3,3,0,6,1,16.356,16.618,-0.188,4.158,619.5,0,,,,,,,this run,,,,,,,,,,,,,,
059003.000508,133511.6089,0,98,11,9,2,14,10,7.768,10.407,-2.619,1.024,619.5,0,,,,,,,this run,,,,,,,,,,,,,,
059003.000509,133566.5838,0,79,7,3,4,9,2,10.977,13.605,-2.598,3.356,272.6,0,,,,,,,this run,,,,,,,,,,,,,,
059003.000510,133595.1387,0,96,7,5,2,19,9,12.113,13.813,-1.874,0.818,272.6,0,,,,,,,this run,,,,,,,,,,,,,,
059003.000511,133650.3151,0,51,2,2,0,8,4,10.866,11.485,-0.613,-0.222,272.6,0,,,,,,,this run,,,,,,,,,,,,,,
059003.000512,134001.2975,0,99,8,5,3,14,7,9.701,13.215,-3.442,0.912,272.6,0,,,,,,,this run,,,,,,,,,,,,,,
059003.000514,134069.3993,0,84,11,7,4,13,6,8.592,11.23,-2.605,0.49,272.6,0,,,,,,,this run,,,,,,,,,,,,,,
059003.000517,134220.2825,0,57,7,4,3,8,2,10.095,13.615,-3.464,0.812,272.6,0,,,,,,,this run,,,,,,,,,,,,,,
059003.000518,134502.4457,0,30,6,4,2,6,1,9.399,11.492,-2.02,2.063,272.6,0,,,,,,,this run,,,,,,,,,,,,,,
059003.000519,134868.7671,0,96,10,6,4,16,10,13.371,16.686,-3.243,1.313,619.5,0,,,,,,,this run,,,,,,,,,,,,,,
059003.000520,134932.2188,0,98,5,5,0,17,11,14.149,15.986,-1.786,1.919,619.5,0,,,,,,,this run,,,,,,,,,,,,,,
059003.000523,136034.2234,0,33,6,4,2,8,3,16.609,17.813,-1.114,2.787,272.6,0,,,,,,,this run,,,,,,,,,,,,,,
059003.000524,136110.9941,0,12,5,3,2,3,1,8.166,9.229,-1.046,2.341,272.6,0,,,,,,,this run,,,,,,,,,,,,,,
059003.000525,136326.7316,0,95,6,3,3,12,6,6.967,9.763,-2.764,0.201,619.5,0,,,,,,,this run,,,,,,,,,,,,,,
059003.000526,136435.3502,0,81,7,4,3,15,10,9.715,12.413,-2.666,0.871,677.2,0,,,,,,,this run,,,,,,,,,,,,,,
059003.000527,136485.2428,0,59,7,6,1,8,3,13.11,14.758,-1.625,0.446,272.6,0,,,,,,,this run,,,,,,,,,,,,,,
059003.000528,136606.7414,0,32,7,4,3,10,4,11.096,13.839,-2.666,0.735,272.6,0,,,,,,,this run,,,,,,,,,,,,,,
059003.000530,137960.6845,0,12,3,3,0,5,1,14.861,15.075,-0.168,1.904,272.6,0,,,,,,,this run,,,,,,,,,,,,,,
059003.000531,138035.0522,0,53,4,3,1,6,3,7.872,9.504,-1.576,1.73,272.6,0,,,,,,,this run,,,,,,,,,,,,,,
059003.000537,138900.3726,0,30,5,3,2,6,3,11.538,12.672,-1.082,1.991,272.6,0,,,,,,,this run,,,,,,,,,,,,,,
059003.000041,12846.663,0,160,68,52,16,59,14,174.866,190.98,-15.813,50.403,886.7,0,,,,,,,this run,,,,,,,,,,,,,,
059003.000042,13352.1013,0,132,47,29,18,39,16,78.555,95.582,-16.917,31.149,886.7,0,,,,,,,this run,,,,,,,,,,,,,,
059003.000045,14558.8215,0,165,80,46,34,57,10,163.284,193.1,-29.586,55.371,886.7,0,,,,,,,this run,,,,,,,,,,,,,,
059003.000046,14859.9782,0,139,72,59,13,71,13,218.964,232.689,-13.174,53.224,886.7,0,,,,,,,this run,,,,,,,,,,,,,,
059003.000047,15045.8438,0,125,51,29,22,45,16,65.533,80.888,-15.105,19.016,886.7,0,,,,,,,this run,,,,,,,,,,,,,,
059003.000049,15454.1708,0,95,35,26,9,39,14,95.922,105.134,-9.386,33.912,886.7,0,,,,,,,this run,,,,,,,,,,,,,,
059003.000050,15525.5008,0,139,74,48,26,59,17,140.289,159.494,-19.062,46.571,886.7,0,,,,,,,this run,,,,,,,,,,,,,,
059003.000053,16135.9548,0,158,77,43,34,52,14,113.875,137.573,-23.428,36.431,886.7,0,,,,,,,this run,,,,,,,,,,,,,,
059003.000054,16516.1456,0,158,70,40,30,57,19,99.97,127.513,-27.296,21.63,886.7,0,,,,,,,this run,,,,,,,,,,,,,,
059003.000057,17113.1881,0,99,49,36,13,41,9,139.291,152.51,-13.461,53.178,886.7,0,,,,,,,this run,,,,,,,,,,,,,,
059003.000059,17534.7563,0,59,24,20,4,32,11,93.462,98.103,-4.383,34.974,886.7,0,,,,,,,this run,,,,,,,,,,,,,,
059003.000060,17626.9928,0,163,87,57,30,68,26,148.161,168.618,-20.004,32.284,886.7,0,,,,,,,this run,,,,,,,,,,,,,,
059003.000062,18063.3741,0,164,85,54,31,72,24,144.515,172.269,-27.699,41.035,886.7,0,,,,,,,this run,,,,,,,,,,,,,,
059003.000063,18211.7784,0,130,82,54,28,59,11,132.559,153.66,-20.789,17.327,981.2,0,,,,,,,this run,,,,,,,,,,,,,,
059003.000064,18241.5419,0,143,94,66,28,76,19,202.351,220.474,-19.303,30.272,886.7,0,,,,,,,this run,,,,,,,,,,,,,,
059003.000066,18921.242,0,59,28,23,5,29,8,95.974,101.899,-5.769,39.37,886.7,0,,,,,,,this run,,,,,,,,,,,,,,
059003.000067,18990.0765,0,152,46,28,18,41,20,77.865,93.907,-15.816,25.895,886.7,0,,,,,,,this run,,,,,,,,,,,,,,
059003.000069,19308.9383,0,140,81,53,28,61,18,138.575,163.667,-24.742,28.318,886.7,0,,,,,,,this run,,,,,,,,,,,,,,
059003.000070,19360.0954,0,101,62,45,17,51,13,175.775,189.196,-12.974,54.484,886.7,0,,,,,,,this run,,,,,,,,,,,,,,
059003.000071,19649.6667,0,29,12,8,4,11,1,45.894,51.417,-5.41,23.982,886.7,0,,,,,,,this run,,,,,,,,,,,,,,
059003.000072,19700.9073,0,143,79,56,23,71,23,137.701,159.012,-20.968,43.187,886.7,0,,,,,,,this run,,,,,,,,,,,,,,
059003.000073,19872.4296,0,161,99,73,26,86,20,205.964,227.755,-21.378,27.107,893.6,0,,,,,,,this run,,,,,,,,,,,,,,
059003.000539,20096.7062,0,39,16,11,5,13,7,18.599,21.317,-2.636,7.18,886.7,0,,,,,,,this run,,,,,,,,,,,,,,
059003.000074,20160.3556,0,78,32,22,10,29,11,64.806,72.769,-8.411,10.806,886.7,0,,,,,,,this run,,,,,,,,,,,,,,
059003.000075,20315.6482,0,162,67,35,32,47,21,82.416,104.78,-22.084,33.24,886.7,0,,,,,,,this run,,,,,,,,,,,,,,
059003.000076,20848.3767,0,134,70,45,25,51,19,94.637,116.559,-21.738,20.663,886.7,0,,,,,,,this run,,,,,,,,,,,,,,
059003.000078,21148.4305,0,82,39,24,15,31,13,52.854,61.071,-8.481,5.366,886.7,0,,,,,,,this run,,,,,,,,,,,,,,
059003.000079,21238.7844,0,101,54,44,10,53,18,145.671,150.602,-4.537,35.095,886.7,0,,,,,,,this run,,,,,,,,,,,,,,
059003.000080,21294.888,0,162,85,62,23,77,25,166.977,188.324,-21.009,23.397,886.7,0,,,,,,,this run,,,,,,,,,,,,,,
059003.000081,21418.8336,0,133,66,32,34,43,15,103.233,127.31,-23.762,21.768,886.7,0,,,,,,,this run,,,,,,,,,,,,,,
059003.000082,21535.1633,0,171,91,61,30,81,28,188.109,212.349,-24.192,34.677,886.7,0,,,,,,,this run,,,,,,,,,,,,,,
059003.000540,21598.5826,0,40,19,9,10,17,9,25.282,30.386,-5.027,4.791,886.7,0,,,,,,,this run,,,,,,,,,,,,,,
059003.000083,21611.1793,0,134,68,48,20,60,20,126.176,142.309,-15.941,10.514,886.7,0,,,,,,,this run,,,,,,,,,,,,,,
059003.000084,21755.838,0,140,65,34,31,45,20,88.251,113.285,-24.757,30.85,886.7,0,,,,,,,this run,,,,,,,,,,,,,,
059003.000085,22080.9382,0,162,85,56,29,65,24,152.562,175.647,-22.911,24.392,886.7,0,,,,,,,this run,,,,,,,,,,,,,,
059003.000086,22277.6638,0,80,39,27,12,34,14,70.472,81.2,-10.884,11.356,886.7,0,,,,,,,this run,,,,,,,,,,,,,,
059003.000087,22527.7029,0,161,86,56,30,67,22,155.07,179.762,-24.839,24.806,886.7,0,,,,,,,this run,,,,,,,,,,,,,,
059003.000088,22747.6779,0,170,79,54,25,69,23,145.72,164.483,-18.689,20.372,886.7,0,,,,,,,this run,,,,,,,,,,,,,,
059003.000089,23050.6171,0,81,47,30,17,32,13,56.58,70.659,-14.431,2.089,886.7,0,,,,,,,this run,,,,,,,,,,,,,,
059003.000091,23175.0854,0,102,57,41,16,51,24,123.754,137.34,-13.25,42.868,886.7,0,,,,,,,this run,,,,,,,,,,,,,,
059003.000093,23442.2484,0,145,76,54,22,64,16,182.007,197.05,-15.427,35.27,886.7,0,,,,,,,this run,,,,,,,,,,,,,,
059003.000095,23532.8668,0,135,78,43,35,55,15,108.308,134.456,-25.763,13.723,886.7,0,,,,,,,this run,,,,,,,,,,,,,,
059003.000096,23647.7667,0,102,50,45,5,60,24,161.526,168.759,-7.252,34.778,886.7,0,,,,,,,this run,,,,,,,,,,,,,,
059003.000097,23651.8846,0,164,87,63,24,74,20,209.219,227.538,-18.061,32.422,886.7,0,,,,,,,this run,,,,,,,,,,,,,,
059003.000098,23751.547,0,135,69,35,34,48,16,71.7,100.016,-28.689,14.907,886.7,0,,,,,,,this run,,,,,,,,,,,,,,
059003.000099,23844.5893,0,170,86,67,19,81,28,190.163,205.274,-14.589,23.829,886.7,0,,,,,,,this run,,,,,,,,,,,,,,
059003.000100,23955.3111,0,39,12,7,5,11,3,27.545,32.286,-4.63,6.971,886.7,0,,,,,,,this run,,,,,,,,,,,,,,
059003.000101,24250.6153,0,81,46,24,22,34,14,54.273,71.675,-17.256,9.96,886.7,0,,,,,,,this run,,,,,,,,,,,,,,
059003.000102,24309.1961,0,82,39,24,15,33,13,81.233,92.248,-11.219,19.757,886.7,0,,,,,,,this run,,,,,,,,,,,,,,
059003.000104,24461.2248,0,133,72,54,18,64,17,165.967,181.676,-15.258,27.494,886.7,0,,,,,,,this run,,,,,,,,,,,,,,
059003.000105,24470.8886,0,162,79,48,31,61,19,136.375,157.85,-21.05,28.419,886.7,0,,,,,,,this run,,,,,,,,,,,,,,
059003.000106,24788.0229,0,171,77,46,31,69,23,132.043,154.481,-22.08,19.079,886.7,0,,,,,,,this run,,,,,,,,,,,,,,
059003.000108,25033.9088,0,173,88,63,25,71,23,180.512,202.008,-21.026,25.735,886.7,0,,,,,,,this run,,,,,,,,,,,,,,
059003.000111,25409.7373,0,165,81,62,19,73,17,216.271,232.417,-15.968,29.459,886.7,0,,,,,,,this run,,,,,,,,,,,,,,
059003.000112,25934.9712,0,134,72,50,22,63,15,153.257,165.191,-11.624,10.094,886.7,0,,,,,,,this run,,,,,,,,,,,,,,
059003.000113,25979.3237,0,61,31,24,7,28,7,107.733,115.92,-7.916,30.626,886.7,0,,,,,,,this run,,,,,,,,,,,,,,
059003.000114,26095.2173,0,146,68,50,18,60,23,146.205,160.522,-13.96,20.746,886.7,0,,,,,,,this run,,,,,,,,,,,,,,
059003.000115,26446.962,0,165,78,53,25,69,18,169.954,191.211,-20.888,14.895,886.7,0,,,,,,,this run,,,,,,,,,,,,,,
059003.000119,27138.5479,0,166,89,56,33,69,17,174.515,201.472,-26.687,21.874,886.7,0,,,,,,,this run,,,,,,,,,,,,,,
059003.000120,27380.2933,0,148,62,41,21,56,11,165.324,181.741,-16.444,35.341,886.7,0,,,,,,,this run,,,,,,,,,,,,,,
059003.000121,27452.4526,0,134,57,34,23,40,11,108.785,123.724,-14.678,12.676,886.7,0,,,,,,,this run,,,,,,,,,,,,,,
059003.000123,27604.2614,0,171,72,55,17,70,22,199.132,212.451,-12.898,31.4,886.7,0,,,,,,,this run,,,,,,,,,,,,,,
059003.000125,28399.4764,0,155,29,19,10,36,18,51.036,59.845,-9.16,19.094,591.3,0,,,,,,,this run,,,,,,,,,,,,,,
059003.000126,28720.7119,0,175,85,68,17,79,20,222.179,236.196,-13.601,26.087,886.7,0,,,,,,,this run,,,,,,,,,,,,,,
059003.000127,28885.0851,0,175,62,37,25,61,13,114.585,133.789,-19.817,27.792,591.3,0,,,,,,,this run,,,,,,,,,,,,,,
059003.000128,28936.4513,0,81,27,15,12,20,6,31.289,41.472,-10.156,1.041,886.7,0,,,,,,,this run,,,,,,,,,,,,,,
059003.000129,29263.0654,0,106,50,39,11,45,9,150.219,157.797,-7.264,30.562,886.7,0,,,,,,,this run,,,,,,,,,,,,,,
059003.000130,29267.8613,0,137,67,45,22,58,14,151.596,166.095,-14.046,14.06,886.7,0,,,,,,,this run,,,,,,,,,,,,,,
059003.000131,29835.0824,0,176,90,51,39,57,13,165.164,196.969,-31.362,30.989,886.7,0,,,,,,,this run,,,,,,,,,,,,,,
059003.000132,30505.6934,0,146,78,55,23,63,12,230.601,246.115,-15.332,37.111,886.7,0,,,,,,,this run,,,,,,,,,,,,,,
059003.000133,30733.5037,0,145,48,30,18,41,12,93.648,108.358,-14.905,21.266,591.3,0,,,,,,,this run,,,,,,,,,,,,,,
059003.000134,30994.5744,0,170,48,36,12,52,19,103.979,113.66,-10.698,32.714,591.3,0,,,,,,,this run,,,,,,,,,,,,,,
059003.000135,31254.7187,0,164,55,38,17,59,20,131.904,146.583,-14.268,16.61,886.7,0,,,,,,,this run,,,,,,,,,,,,,,
059003.000137,31803.6901,0,41,9,6,3,11,5,31.179,34.076,-2.832,7.358,886.7,0,,,,,,,this run,,,,,,,,,,,,,,
059003.000138,32288.9114,0,84,20,10,10,17,5,45.855,51.907,-5.903,13.138,886.7,0,,,,,,,this run,,,,,,,,,,,,,,
059003.000139,32760.1075,0,98,26,19,7,28,12,74.671,79.757,-5.298,17.532,591.3,0,,,,,,,this run,,,,,,,,,,,,,,
059003.000140,33338.3565,0,82,21,13,8,20,5,48.57,56.622,-7.876,9.783,591.3,0,,,,,,,this run,,,,,,,,,,,,,,
059003.000141,33466.3867,0,140,41,31,10,44,11,104.977,110.619,-9.196,16.205,591.3,0,,,,,,,this run,,,,,,,,,,,,,,
059003.000142,33660.0087,0,138,41,27,14,45,18,81.475,89.899,-9.734,6.285,591.3,0,,,,,,,this run,,,,,,,,,,,,,,
059003.000143,34198.6012,0,44,12,8,4,15,4,33.138,36.75,-3.476,2.589,886.7,0,,,,,,,this run,,,,,,,,,,,,,,
059003.000144,34520.2696,0,138,67,36,31,54,16,142.837,158.968,-17.374,28.166,886.7,0,,,,,,,this run,,,,,,,,,,,,,,
059003.000145,34825.4741,0,167,63,25,38,46,19,79.422,108.434,-28.766,26.722,591.3,0,,,,,,,this run,,,,,,,,,,,,,,
059003.000146,35024.485,0,167,89,52,37,61,11,183.138,208.885,-25.74,27.821,886.7,0,,,,,,,this run,,,,,,,,,,,,,,
059003.000147,35137.8282,0,88,36,19,17,22,6,55.591,66.26,-10.462,7.156,886.7,0,,,,,,,this run,,,,,,,,,,,,,,
059003.000148,35290.9653,0,176,58,30,28,50,22,91.22,110.209,-20.186,14.965,591.3,0,,,,,,,this run,,,,,,,,,,,,,,
059003.000149,35384.184,0,133,43,32,11,48,18,92.854,101.489,-9.762,11.191,591.3,0,,,,,,,this run,,,,,,,,,,,,,,
059003.000150,35801.139,0,168,56,39,17,57,14,107.099,121.197,-14.791,11.098,591.3,0,,,,,,,this run,,,,,,,,,,,,,,
059003.000151,35828.4462,0,174,72,33,39,44,14,93.835,118.26,-24.982,6.944,886.7,0,,,,,,,this run,,,,,,,,,,,,,,
059003.000152,35863.7432,0,88,27,14,13,27,11,56.834,64.705,-8.011,10.425,886.7,0,,,,,,,this run,,,,,,,,,,,,,,
059003.000153,36640.3808,0,163,74,42,32,62,22,148.668,169.804,-22.364,21.077,886.7,0,,,,,,,this run,,,,,,,,,,,,,,
059003.000154,36642.1073,0,108,47,37,10,49,9,171.339,178.043,-6.383,33.21,886.7,0,,,,,,,this run,,,,,,,,,,,,,,
059003.000155,36652.2808,0,140,44,21,23,38,13,81.171,96.29,-14.828,10.898,886.7,0,,,,,,,this run,,,,,,,,,,,,,,
059003.000156,36670.5584,0,147,51,29,22,42,16,93.695,112.526,-18.615,21.124,886.7,0,,,,,,,this run,,,,,,,,,,,,,,
059003.000157,36683.2201,0,46,14,9,5,13,5,32.721,37.19,-4.333,6.298,886.7,0,,,,,,,this run,,,,,,,,,,,,,,
059003.000158,37011.9214,0,142,57,34,23,43,13,111.733,126.744,-14.641,13.581,886.7,0,,,,,,,this run,,,,,,,,,,,,,,
059003.000159,37197.6336,0,90,34,21,13,29,4,96.541,104.297,-7.493,11.635,886.7,0,,,,,,,this run,,,,,,,,,,,,,,
059003.000160,37919.5901,0,166,55,28,27,42,11,95.259,113.525,-18.071,13.684,886.7,0,,,,,,,this run,,,,,,,,,,,,,,
059003.000161,38448.334,0,171,57,27,30,50,27,76.309,97.449,-21.373,20.743,591.3,0,,,,,,,this run,,,,,,,,,,,,,,
059003.000162,38549.895,0,45,15,11,4,13,0,53.831,57.28,-3.272,3.033,886.7,0,,,,,,,this run,,,,,,,,,,,,,,
059003.000163,38694.484,0,140,38,19,19,30,5,65.313,80.314,-14.755,6.909,886.7,0,,,,,,,this run,,,,,,,,,,,,,,
059003.000164,38701.5892,0,108,59,32,27,38,6,136.532,153.402,-16.821,30.742,886.7,0,,,,,,,this run,,,,,,,,,,,,,,
059003.000165,38726.5155,0,165,57,28,29,45,17,67.515,92.74,-26.273,10.226,591.3,0,,,,,,,this run,,,,,,,,,,,,,,
059003.000166,38785.7562,0,64,33,24,9,32,16,100.725,109.044,-8.118,33.576,886.7,0,,,,,,,this run,,,,,,,,,,,,,,
059003.000167,39024.264,0,171,60,30,30,49,22,91.449,111.713,-19.94,18.239,886.7,0,,,,,,,this run,,,,,,,,,,,,,,
059003.000168,39120.4788,0,89,23,16,7,28,8,65.015,70.294,-5.07,8.128,886.7,0,,,,,,,this run,,,,,,,,,,,,,,
059003.000170,39485.4616,0,45,13,4,9,9,4,16.824,22.636,-5.749,3.576,886.7,0,,,,,,,this run,,,,,,,,,,,,,,
059003.000171,39726.0025,0,63,32,24,8,29,7,92.158,99.244,-7.426,16.963,886.7,0,,,,,,,this run,,,,,,,,,,,,,,
059003.000172,39733.0035,0,149,62,37,25,54,14,155.419,169.144,-13.455,26.282,886.7,0,,,,,,,this run,,,,,,,,,,,,,,
059003.000173,39870.2042,0,176,67,42,25,63,26,103.123,124.234,-21.061,9.442,886.7,0,,,,,,,this run,,,,,,,,,,,,,,
059003.000175,40098.6784,0,138,33,21,12,34,8,75.282,86.154,-10.612,5.383,886.7,0,,,,,,,this run,,,,,,,,,,,,,,
059003.000176,40205.752,0,89,27,17,10,28,7,70.028,77.306,-7.244,3.481,886.7,0,,,,,,,this run,,,,,,,,,,,,,,
059003.000177,41023.9891,0,160,32,17,15,28,10,70.044,79.68,-9.387,9.231,886.7,0,,,,,,,this run,,,,,,,,,,,,,,
059003.000178,41026.8663,1,32,9,7,2,13,6,37.497,38.934,-1.436,7.879,886.7,0,,,,,,,this run,,,,,,,,,,,,,,
059003.000179,44679.9444,0,167,68,39,29,50,15,99.279,121.011,-21.771,8.429,886.7,0,,,,,,,this run,,,,,,,,,,,,,,
059003.000180,44903.3823,0,135,64,35,29,47,13,96.795,116.671,-19.638,6.633,886.7,0,,,,,,,this run,,,,,,,,,,,,,,
059003.000181,45805.9719,0,173,46,27,19,47,17,100.206,115.039,-14.604,14.564,886.7,0,,,,,,,this run,,,,,,,,,,,,,,
059003.000182,45807.1154,0,127,27,12,15,30,9,43.27,54.409,-10.972,5.259,591.3,0,,,,,,,this run,,,,,,,,,,,,,,
059003.000183,45844.6373,0,87,24,13,11,22,2,43.319,51.022,-7.575,0.176,591.3,0,,,,,,,this run,,,,,,,,,,,,,,
059003.000184,46783.7835,0,164,32,13,19,25,7,29.942,44.017,-13.892,1.699,886.7,0,,,,,,,this run,,,,,,,,,,,,,,
059003.000185,48401.6362,0,90,26,13,13,18,4,46.485,58.229,-11.687,3.788,886.7,0,,,,,,,this run,,,,,,,,,,,,,,
059003.000186,48745.4839,0,137,41,20,21,30,8,67.23,81.07,-13.57,7.85,886.7,0,,,,,,,this run,,,,,,,,,,,,,,
059003.000187,50227.8514,0,83,21,11,10,15,4,38.09,44.858,-6.719,2.083,591.3,0,,,,,,,this run,,,,,,,,,,,,,,
059003.000188,50647.4335,0,143,24,14,10,28,15,42.033,49.144,-7.774,10.292,591.3,0,,,,,,,this run,,,,,,,,,,,,,,
059003.000189,50658.6542,0,106,19,12,7,20,6,41.112,47.098,-6.21,5.705,591.3,0,,,,,,,this run,,,,,,,,,,,,,,
059003.000190,50869.2312,0,43,13,8,5,13,3,21.978,26.304,-4.189,1.367,591.3,0,,,,,,,this run,,,,,,,,,,,,,,
059003.000191,51312.7879,0,115,18,7,11,17,5,14.522,22.833,-8.197,1.074,591.3,0,,,,,,,this run,,,,,,,,,,,,,,
059003.000192,52026.9239,0,85,21,10,11,15,2,36.137,45.183,-8.878,3.537,591.3,0,,,,,,,this run,,,,,,,,,,,,,,
059003.000541,100215.0082,0,140,20,13,7,22,9,29.419,34.742,-5.217,-0.423,351.8,0,,,,,,,this run,,,,,,,,,,,,,,
059003.000314,100321.0942,0,162,24,11,13,29,9,40.306,49.071,-8.691,-1.143,351.8,0,,,,,,,this run,,,,,,,,,,,,,,
059003.000315,100430.3475,0,163,15,7,8,25,11,20.169,28.873,-8.957,1.931,366.1,0,,,,,,,this run,,,,,,,,,,,,,,
059003.000316,100625.0566,0,140,15,7,8,18,9,18.621,28.847,-10.132,-2.879,366.1,0,,,,,,,this run,,,,,,,,,,,,,,
059003.000317,100789.0002,0,159,18,10,8,28,13,29.609,37.604,-7.9,-1.052,366.1,0,,,,,,,this run,,,,,,,,,,,,,,
059003.000318,100947.1614,0,167,25,9,16,21,13,12.774,27.559,-14.713,1.126,366.1,0,,,,,,,this run,,,,,,,,,,,,,,
059003.000319,101071.4052,0,129,17,7,10,16,5,23.887,32.774,-8.794,-0.019,366.1,0,,,,,,,this run,,,,,,,,,,,,,,
059003.000320,101165.3268,0,144,22,12,10,30,12,44.693,56.159,-11.283,2.966,366.1,0,,,,,,,this run,,,,,,,,,,,,,,
059003.000321,101446.2866,0,162,29,11,18,19,6,20.384,34.978,-14.439,1.494,366.1,0,,,,,,,this run,,,,,,,,,,,,,,
059003.000322,101665.5311,0,137,23,11,12,19,13,4.325,16.247,-11.88,-1.784,366.1,0,,,,,,,this run,,,,,,,,,,,,,,
059003.000323,101680.4507,0,101,13,7,6,15,7,21.464,27.618,-6.168,1.899,366.1,0,,,,,,,this run,,,,,,,,,,,,,,
059003.000324,102435.6117,0,140,24,15,9,20,6,36.521,42.731,-6.376,-3.617,351.8,0,,,,,,,this run,,,,,,,,,,,,,,
059003.000325,102484.628,0,165,22,12,10,25,17,26.732,36.446,-9.59,0.235,351.8,0,,,,,,,this run,,,,,,,,,,,,,,
059003.000326,102617.3011,0,140,19,9,10,25,14,19.081,28.105,-8.931,0.402,366.1,0,,,,,,,this run,,,,,,,,,,,,,,
059003.000327,102830.464,0,167,28,12,16,25,11,31.328,42.508,-11.515,0.156,366.1,0,,,,,,,this run,,,,,,,,,,,,,,
059003.000328,102981.8871,0,104,20,10,10,18,5,31.205,43.035,-11.708,-1.169,366.1,0,,,,,,,this run,,,,,,,,,,,,,,
059003.000329,103308.5169,0,162,28,9,19,21,9,15.274,31.685,-16.326,1.944,366.1,0,,,,,,,this run,,,,,,,,,,,,,,
059003.000330,103335.0577,0,165,31,13,18,31,18,11.685,27.606,-15.791,-0.065,366.1,0,,,,,,,this run,,,,,,,,,,,,,,
059003.000331,103344.3592,0,140,25,12,13,19,4,34.231,43.242,-8.854,-2.386,366.1,0,,,,,,,this run,,,,,,,,,,,,,,
059003.000332,103484.1316,0,60,12,5,7,12,7,11.308,15.93,-4.668,2.86,366.1,0,,,,,,,this run,,,,,,,,,,,,,,
059003.000333,103805.3749,0,100,18,8,10,16,5,18.607,29.586,-10.883,3.397,366.1,0,,,,,,,this run,,,,,,,,,,,,,,
059003.000334,103895.8378,0,155,24,10,14,20,12,12.721,25.386,-12.658,-0.841,366.1,0,,,,,,,this run,,,,,,,,,,,,,,
059003.000543,103973.3622,0,134,18,6,12,12,7,3.244,14.401,-11.131,0.753,366.1,0,,,,,,,this run,,,,,,,,,,,,,,
059003.000335,104598.9066,0,90,17,8,9,15,5,18.923,27.165,-8.166,1.807,351.8,0,,,,,,,this run,,,,,,,,,,,,,,
059003.000336,104788.6215,0,128,19,10,9,26,13,15.901,23.899,-7.916,-0.772,351.8,0,,,,,,,this run,,,,,,,,,,,,,,
059003.000337,104904.5498,0,134,28,7,21,23,8,18.715,32.465,-13.839,-1.145,366.1,0,,,,,,,this run,,,,,,,,,,,,,,
059003.000338,105019.0683,0,96,27,13,14,19,8,34.152,44.151,-9.837,1.25,366.1,0,,,,,,,this run,,,,,,,,,,,,,,
059003.000339,105049.707,0,54,14,9,5,16,5,46.156,52.063,-5.749,2.102,366.1,0,,,,,,,this run,,,,,,,,,,,,,,
059003.000544,105191.0075,0,75,7,6,1,12,4,15.647,17.581,-1.869,-2.38,351.8,0,,,,,,,this run,,,,,,,,,,,,,,
059003.000340,105450.2044,0,132,26,9,17,17,8,10.172,23.316,-13.07,-2.905,366.1,0,,,,,,,this run,,,,,,,,,,,,,,
059003.000546,105485.2691,0,25,7,3,4,8,5,12.676,14.751,-2.071,-0.1,366.1,0,,,,,,,this run,,,,,,,,,,,,,,
059003.000341,105566.6025,0,154,28,12,16,29,15,15.302,28.741,-13.339,0.724,366.1,0,,,,,,,this run,,,,,,,,,,,,,,
059003.000342,105632.1135,0,94,24,13,11,29,13,53.39,62.868,-9.293,2.504,366.1,0,,,,,,,this run,,,,,,,,,,,,,,
059003.000548,106153.7175,0,148,19,7,12,26,17,14.925,25.997,-10.961,0.361,366.1,0,,,,,,,this run,,,,,,,,,,,,,,
059003.000549,106224.1853,0,148,16,6,10,19,9,16.989,26.114,-9.12,-0.155,366.1,0,,,,,,,this run,,,,,,,,,,,,,,
059003.000552,106394.1017,0,52,13,7,6,15,5,30.316,38.183,-7.76,0.499,366.1,0,,,,,,,this run,,,,,,,,,,,,,,
059003.000343,106665.087,0,142,6,5,1,18,12,13.454,16.939,-3.414,-1.09,351.8,0,,,,,,,this run,,,,,,,,,,,,,,
059003.000344,106745.6583,0,119,6,5,1,27,15,13.113,15.306,-2.119,-2.536,351.8,0,,,,,,,this run,,,,,,,,,,,,,,
059003.000345,107081.9192,0,141,10,6,4,21,11,20.846,25.664,-4.72,0.488,351.8,0,,,,,,,this run,,,,,,,,,,,,,,
059003.000554,107177.854,0,140,15,4,11,17,4,6.613,16.445,-9.833,-0.613,366.1,0,,,,,,,this run,,,,,,,,,,,,,,
059003.000555,107223.1801,0,142,9,6,3,25,16,12.728,16.36,-3.559,-2.063,351.8,0,,,,,,,this run,,,,,,,,,,,,,,
059003.000346,107299.059,0,142,13,5,8,24,12,8.632,17.967,-9.34,-1.744,366.1,0,,,,,,,this run,,,,,,,,,,,,,,
059003.000557,107403.9706,0,115,10,5,5,20,12,16.61,22.575,-5.892,-0.68,366.1,0,,,,,,,this run,,,,,,,,,,,,,,
059003.000559,107978.521,0,82,6,4,2,9,2,11.618,16.637,-4.956,0.369,366.1,0,,,,,,,this run,,,,,,,,,,,,,,
059003.000348,108559.3836,0,113,15,9,6,30,17,18.402,25.796,-7.343,0.064,366.1,0,,,,,,,this run,,,,,,,,,,,,,,
059003.000560,108573.9911,0,140,16,6,10,22,9,16.523,25.702,-9.096,-1.519,366.1,0,,,,,,,this run,,,,,,,,,,,,,,
059003.000563,113854.4104,0,123,15,8,7,22,10,14.675,20.669,-5.914,0.16,2425.4,0,,,,,,,this run,,,,,,,,,,,,,,
059003.000565,118967.3398,0,126,15,8,7,23,17,11.874,18.608,-6.677,0.66,2425.4,0,,,,,,,this run,,,,,,,,,,,,,,
059003.000567,122932.6276,0,78,10,5,5,9,4,9.905,13.456,-3.466,0.252,2425.4,0,,,,,,,this run,,,,,,,,,,,,,,
059003.000570,126743.2926,0,114,7,5,2,14,6,14.905,17.94,-2.934,0.584,2425.4,0,,,,,,,this run,,,,,,,,,,,,,,
059003.000571,129009.2237,0,135,14,8,6,24,16,10.583,19.085,-8.52,0.214,447.1,0,,,,,,,this run,,,,,,,,,,,,,,
059003.000419,129105.9316,0,146,17,7,10,17,6,16.106,26.42,-10.226,-0.299,447.1,0,,,,,,,this run,,,,,,,,,,,,,,
059003.000573,129744.106,0,145,19,7,12,18,9,4.756,15.416,-10.658,-3.981,527.3,0,,,,,,,this run,,,,,,,,,,,,,,
059003.000574,129934.4923,0,118,12,6,6,14,4,11.59,19.295,-7.917,-3.358,527.3,0,,,,,,,this run,,,,,,,,,,,,,,
059003.000420,131200.1618,0,119,22,11,11,17,5,20.286,29.208,-8.846,2.823,447.1,0,,,,,,,this run,,,,,,,,,,,,,,
059003.000421,131226.0504,0,147,23,14,9,28,9,39.955,48.08,-7.965,0.12,447.1,0,,,,,,,this run,,,,,,,,,,,,,,
059003.000576,131788.0902,0,81,12,7,5,14,6,15.228,20.226,-4.908,2.202,527.3,0,,,,,,,this run,,,,,,,,,,,,,,
059003.000577,132070.1548,0,83,12,6,6,10,2,8.613,13.873,-5.173,3.385,527.3,0,,,,,,,this run,,,,,,,,,,,,,,
059003.000426,133392.8862,0,75,17,11,6,17,4,24.023,29.398,-5.455,0.036,447.1,0,,,,,,,this run,,,,,,,,,,,,,,
059003.000427,133503.7383,0,115,16,10,6,17,7,20.979,27.033,-6.12,-0.494,447.1,0,,,,,,,this run,,,,,,,,,,,,,,
059003.000578,134406.982,0,112,7,6,1,19,10,18.481,20.793,-2.26,-1.45,143.7,0,,,,,,,this run,,,,,,,,,,,,,,
059003.000579,134402.2349,0,77,6,5,1,15,7,19.609,21.007,-1.323,2.216,143.7,0,,,,,,,this run,,,,,,,,,,,,,,
059003.000581,134405.5057,0,133,6,4,2,18,12,10.167,13.129,-2.925,2.525,143.7,0,,,,,,,this run,,,,,,,,,,,,,,
059003.000582,134426.0286,0,132,4,4,0,18,12,12.796,14.457,-1.664,-0.822,143.7,0,,,,,,,this run,,,,,,,,,,,,,,
059003.000583,134428.8296,0,72,4,3,1,11,5,17.754,19.058,-1.254,3.355,143.7,0,,,,,,,this run,,,,,,,,,,,,,,
059003.000584,134433.6244,0,43,7,4,3,6,1,19.978,21.639,-1.587,1.924,143.7,0,,,,,,,this run,,,,,,,,,,,,,,
059003.000588,134480.788,0,120,4,3,1,17,7,12.36,15.056,-2.629,-1.713,143.7,0,,,,,,,this run,,,,,,,,,,,,,,
059003.000428,135445.1793,0,142,15,8,7,23,7,13.884,19.259,-5.284,-0.426,447.1,0,,,,,,,this run,,,,,,,,,,,,,,
059003.000429,135868.696,0,142,12,8,4,16,7,12.281,17.461,-5.117,-0.267,447.1,0,,,,,,,this run,,,,,,,,,,,,,,
059003.000593,136555.5277,0,109,9,5,4,19,7,12.648,16.391,-3.685,-1.387,143.7,0,,,,,,,this run,,,,,,,,,,,,,,
059003.000594,136558.0706,0,76,9,5,4,14,3,12.641,15.982,-3.395,-4.045,143.7,0,,,,,,,this run,,,,,,,,,,,,,,
059003.000595,136559.6645,0,44,8,3,5,6,3,12.769,16.854,-4.043,2.158,143.7,0,,,,,,,this run,,,,,,,,,,,,,,
059003.000596,136570.8564,0,114,8,5,3,21,8,17.786,22.126,-4.251,-0.832,143.7,0,,,,,,,this run,,,,,,,,,,,,,,
059003.000597,136572.2444,0,144,9,6,3,25,10,15.781,18.744,-2.863,-5.02,143.7,0,,,,,,,this run,,,,,,,,,,,,,,
059003.000598,136589.4705,0,18,4,2,2,3,0,10.774,12.705,-1.895,2.598,143.7,0,,,,,,,this run,,,,,,,,,,,,,,
059003.000601,136596.6877,0,138,8,5,3,15,6,15.342,19.28,-3.852,-0.947,143.7,0,,,,,,,this run,,,,,,,,,,,,,,
059003.000606,136650.9313,0,15,3,2,1,3,1,8.997,10.154,-1.118,1.477,143.7,0,,,,,,,this run,,,,,,,,,,,,,,
059003.000607,138788.5864,0,80,9,8,1,15,3,23.875,25.772,-1.876,-0.754,143.7,0,,,,,,,this run,,,,,,,,,,,,,,
059003.000608,138787.948,0,39,8,5,3,7,1,18.447,20.439,-2.003,-0.219,143.7,0,,,,,,,this run,,,,,,,,,,,,,,
059003.000609,138794.5902,0,43,7,3,4,8,3,16.09,19.798,-3.633,2.416,143.7,0,,,,,,,this run,,,,,,,,,,,,,,
059003.000610,138796.5123,0,18,7,5,2,6,2,17.43,18.509,-1.017,2.611,143.7,0,,,,,,,this run,,,,,,,,,,,,,,
059003.000612,138799.9223,0,113,9,5,4,17,9,10.076,13.705,-3.555,-1.43,143.7,0,,,,,,,this run,,,,,,,,,,,,,,
059003.000615,138827.7273,0,5,3,2,1,2,0,11.693,12.585,-0.853,3.054,143.7,0,,,,,,,this run,,,,,,,,,,,,,,
059003.000618,138874.8997,0,138,7,4,3,14,7,11.658,15.627,-3.9,-1.125,143.7,0,,,,,,,this run,,,,,,,,,,,,,,
059003.000621,138895.8833,0,5,3,2,1,3,0,13.406,14.041,-0.583,2.702,143.7,0,,,,,,,this run,,,,,,,,,,,,,,
