level_A,level_B,J,parity,E_A,E_B,dE_AB,window,cfg_A,term_A,cfg_B,term_B,Ecalc_A,Ecalc_B,omc_swap_A_sigma,omc_swap_B_sigma,new_star_A,new_star_B,n_A,n_B,lnR_A,lnR_B,slope_A_assigned,slope_A_swapped,slope_B_assigned,slope_B_swapped,rms_assigned,rms_swapped,lnR,p_null,slopes_favour_swap,flagged
059003.000483,059003.000398,5/2,o,117592.9665,117686.488,93.521,104.2,f25f,~3F2F,f25f,~3F4D,117545.0,117478.9,1.09,1.36,1,0,14,13,-5.1,-12.24,0.549,0.599,0.339,0.535,2.366,1.831,-17.34,0.0025,1,1
059003.000447,059003.000298,3/2,o,84270.53,84409.9096,139.38,184.1,f26p,~3P2D,f5d6s,~3F4F,84331.8,84184.2,0.47,0.68,1,0,7,10,-0.68,-2.86,0.487,0.605,0.301,0.343,1.622,1.38,-3.53,0.0076,1,1
059003.000593,059003.000596,11/2,e,136555.5261,136570.8444,15.318,22.2,f25g,_3H4I,f25g,_3H4H,136525.2,136553.9,0.07,2.05,1,1,5,5,0.96,4.98,0.797,-0.154,0.629,-0.067,0.579,1.553,5.94,0.0178,0,0
059003.000607,059003.000611,13/2,e,138788.5991,138799.4366,10.837,22.2,f25g,_3H2I,f25g,_3H4H,138763.4,138784.9,0.17,1.62,1,1,7,3,9.06,1.0,0.595,0.202,0.421,-0.406,0.748,2.02,10.06,0.033,0,0
059003.000402,059003.000485,3/2,o,118201.5226,118224.0821,22.559,104.2,f25f,~3F4F,f25f,~3F4F,118111.3,118035.0,1.6,1.08,0,1,10,9,9.29,3.23,0.625,0.172,0.21,0.192,1.818,2.369,12.52,0.0406,0,0
059003.000513,059003.000514,11/2,o,134008.0887,134069.3997,61.311,104.2,f25f,~3P4G,f26f,~3H2I,134293.1,134090.8,-1.82,-2.15,1,1,4,5,3.1,10.56,0.337,0.245,1.257,0.207,1.593,2.702,13.66,0.0482,0,0
059003.000608,059003.000609,15/2,e,138787.9547,138794.6045,6.65,22.2,f25g,_3H4I,f25g,_3H2K,138761.2,138766.0,0.99,1.5,1,1,5,4,17.01,0.1,1.037,0.081,0.759,0.783,0.709,2.674,17.11,0.0584,0,0
059003.000225,059003.000226,13/2,o,65967.1184,66148.3511,181.233,207.6,f5d2,~3F4I,f5d2,~3F4H,65964.3,66035.5,-0.33,0.89,0,0,18,30,21.58,-2.46,0.725,0.344,0.483,0.456,1.703,2.072,19.12,0.0711,0,0
059003.000419,059003.000572,9/2,e,129105.9341,129454.5059,348.572,404.2,f28s,_3H2H,fd6p,_1F2G,129091.1,129387.0,-0.7,4.88,0,1,7,5,23.14,1.45,1.343,0.491,0.822,0.365,1.066,2.881,24.59,0.1041,0,0
059003.000503,059003.000623,7/2,o,132876.5701,132958.1792,81.609,104.2,f25f,~3P4G,,,132831.9,,,1.21,1,1,8,7,18.12,14.15,1.415,0.025,1.821,-0.269,1.03,2.93,32.28,0.1421,0,0
059003.000394,059003.000480,11/2,o,117322.9754,117385.0768,62.101,104.2,f25f,~3F4I,f27p,~3H4G,117294.7,117386.8,-1.98,0.87,0,1,11,13,26.81,8.88,0.487,0.19,0.807,0.486,1.374,2.661,35.68,0.1751,0,0
059003.000572,059003.000573,9/2,e,129454.5059,129744.1095,289.604,404.2,fd6p,_1F2G,f27d,_3H2H,129387.0,129841.8,-4.41,0.88,1,1,5,5,17.99,19.28,0.822,0.235,0.155,0.131,1.248,3.82,37.28,0.1802,0,0
059003.000274,059003.000275,5/2,o,75560.7201,75614.7913,54.071,207.6,f5d2,~3F2D,f26p,~1D2F,75409.6,75694.5,-1.17,0.99,0,0,15,20,32.0,32.26,0.421,0.13,0.491,0.035,1.571,2.982,64.26,0.3731,0,0
059003.000243,059003.000245,7/2,o,68331.7348,68492.4308,160.696,207.6,f5d2,~3F4F,f26p,~3F4F,68461.0,68298.4,0.29,0.15,0,0,37,31,38.48,34.4,0.558,0.255,0.518,0.386,2.12,2.871,72.88,0.4365,0,0
059003.000380,059003.000472,7/2,o,115420.8987,115489.8006,68.902,104.2,f25f,~3H4D,f27p,~3H4G,115325.2,115485.7,-2.01,1.58,0,1,21,11,74.25,11.7,0.576,0.157,0.2,0.311,1.701,3.515,85.95,0.5203,0,0
059003.000244,059003.000247,9/2,o,68374.5406,68544.1674,169.627,207.6,f26p,~1G2H,f5d2,~3F4G,68467.1,68706.7,-1.6,0.67,0,0,35,28,83.86,23.82,0.835,0.27,0.613,0.311,1.431,2.833,107.68,0.6218,0,0
059003.000101,059003.000102,3/2,e,24250.6158,24309.198,58.582,147.8,f25d,_3F4F,f25d,_3F2P,24359.9,24565.8,-2.13,-0.34,0,0,23,25,62.58,57.11,0.508,0.141,0.462,0.152,1.615,3.366,119.68,0.6624,0,0
059003.000248,059003.000250,7/2,o,68801.6468,68987.0461,185.399,207.6,f26p,~3F2F,f5d2,~3F4F,68800.0,68923.2,-0.59,1.64,0,0,36,33,144.61,58.81,0.646,0.317,0.239,0.139,1.724,3.645,203.42,0.8934,0,0
