level_id,is_new_level,new_star,note,J,parity,E_input,E_final,dE,n_old,n_new,n_tot,d,n_pred,n_top10,top10_found,top1,pattern_C,pattern_V,n_acc_below_noise,p_spur_decoys,p_spur_pattern,p_spur,question_status,reason
059003.000001,0,0,,9/2,o,0.0,0.0,0.0,18,4,22,0.0,26,10,10,found,0.996,0.998,2,,,,,
059003.000031,0,0,,11/2,o,1398.34,1398.344,0.004,20,1,21,0.084,28,10,10,found,0.996,1.0,0,,,,,
059003.000032,0,0,,13/2,o,2893.14,2893.142,0.002,19,1,20,0.04,24,10,10,found,0.997,0.998,1,,,,,
059003.000033,0,0,,15/2,o,4453.76,4453.7575,-0.0025,12,1,13,-0.033,13,10,10,found,0.999,0.999,1,,,,,
059003.000034,0,0,,3/2,o,9370.66,9370.6544,-0.0056,11,4,15,-0.085,28,10,9,found,0.804,0.864,0,,,,,
059003.000035,0,0,,9/2,o,10032.92,10032.9228,0.0028,20,2,22,0.062,35,10,9,found,0.914,0.951,2,,,,,
059003.000036,0,0,,5/2,o,10138.18,10138.1736,-0.0064,24,2,26,-0.167,38,10,10,found,0.91,0.96,0,,,,,
059003.000037,0,0,,7/2,o,10859.06,10859.057,-0.003,25,0,25,-0.075,36,10,10,found,0.934,0.971,1,,,,,
059003.000038,0,0,,3/2,o,10950.24,10950.2439,0.0039,15,2,17,0.066,24,10,9,found,0.864,0.885,0,,,,,
059003.000039,0,0,,9/2,o,11761.69,11761.6905,0.0005,19,2,21,0.01,27,10,9,found,0.924,0.942,2,,,,,
059003.000040,0,0,,11/2,o,12494.63,12494.6279,-0.0021,14,2,16,-0.033,27,10,10,found,0.949,0.987,1,,,,,
059003.000043,0,0,,7/2,o,13887.6,13887.5983,-0.0017,20,3,23,-0.039,34,10,8,found,0.878,0.932,3,,,,,
059003.000044,0,0,,5/2,o,14187.35,14187.3361,-0.0139,10,2,12,-0.166,26,10,7,found,0.935,0.959,0,,,,,
059003.000048,0,0,,7/2,o,15443.48,15443.4778,-0.0022,13,0,13,-0.029,28,10,6,found,0.877,0.921,0,,,,,
059003.000051,0,0,,9/2,o,15705.13,15705.1313,0.0013,14,1,15,0.02,30,10,9,found,0.899,0.967,0,,,,,
059003.000052,0,0,,13/2,o,16089.14,16089.1245,-0.0155,11,1,12,-0.186,21,10,9,found,0.945,0.997,0,,,,,
059003.000055,0,0,,9/2,o,16763.98,16763.9799,-0.0001,11,2,13,-0.002,25,10,8,found,0.881,0.957,2,,,,,
059003.000056,0,0,,3/2,o,17095.63,17095.6371,0.0071,9,0,9,0.064,17,10,7,found,0.682,0.84,1,,,,,
059003.000058,0,0,,11/2,o,17409.58,17409.5718,-0.0082,7,3,10,-0.082,21,10,7,found,0.909,0.983,2,,,,,
059003.000061,0,0,,15/2,o,17642.06,17642.0464,-0.0136,7,0,7,-0.095,13,10,7,found,0.949,1.0,0,,,,,
059003.000065,0,0,,1/2,o,18693.65,18693.635,-0.015,9,0,9,-0.135,11,10,9,found,0.932,0.981,0,,,,,
059003.000068,0,0,,5/2,o,19046.09,19046.0958,0.0058,12,0,12,0.069,21,10,7,found,0.783,0.861,0,,,,,
059003.000077,0,0,,3/2,o,20856.86,20856.8501,-0.0099,8,0,8,-0.079,18,10,6,found,0.883,0.978,1,,,,,
059003.000090,0,0,,3/2,o,23091.7,23091.6941,-0.0059,9,1,10,-0.059,17,10,8,found,0.855,0.937,0,,,,,
059003.000092,0,0,,5/2,o,23245.99,23245.994,0.004,11,1,12,0.048,22,10,7,found,0.745,0.81,0,,,,,
059003.000094,0,0,,1/2,o,23465.43,23465.4185,-0.0115,3,1,4,-0.046,8,8,4,found,0.968,1.0,0,,,,,
059003.000103,0,0,,11/2,o,24357.98,24357.9688,-0.0112,9,3,12,-0.135,25,10,9,found,0.906,0.978,0,,,,,
059003.000107,0,0,,7/2,o,24886.51,24886.5285,0.0185,7,1,8,0.148,21,10,6,found,0.845,0.917,0,,,,,
059003.000109,0,0,,15/2,o,25244.61,25244.633,0.023,5,0,5,0.115,12,10,5,found,0.877,1.0,0,,,,,
059003.000110,0,0,,13/2,o,25391.75,25391.7415,-0.0085,6,1,7,-0.06,12,10,7,found,0.932,0.981,0,,,,,
059003.000116,0,0,,17/2,o,26447.88,26447.8891,0.0091,3,1,4,0.036,7,7,4,found,0.84,0.912,0,,,,,
059003.000117,0,0,,3/2,o,26921.49,26921.4735,-0.0165,8,1,9,-0.148,15,10,8,found,0.915,0.971,0,,,,,
059003.000118,0,0,,9/2,o,26979.66,26979.7137,0.0537,2,0,2,0.107,19,10,1,missing,0.112,0.17,0,,,,,
059003.000122,0,0,,5/2,o,27597.13,27597.1234,-0.0066,8,1,9,-0.059,22,10,7,found,0.713,0.867,0,,,,,
059003.000124,0,0,,11/2,o,28101.77,28101.7799,0.0099,6,4,10,0.099,13,10,7,found,0.923,0.955,1,,,,,
059003.000430,0,1,?,5/2,o,30602.83,30602.845,0.015,0,7,7,0.105,21,10,4,missing,0.371,0.463,0,0.0,0.0,0.0,retained,the strongest predicted transition of the level is absent and nothing hides it
059003.000136,0,0,,7/2,o,31787.93,31787.9149,-0.0151,4,1,5,-0.076,16,10,4,found,0.576,0.705,0,,,,,
059003.000169,0,0,,9/2,o,39225.6,39225.5985,-0.0015,8,1,9,-0.014,22,10,5,missing,0.379,0.444,0,,,,,
059003.000174,0,0,,7/2,o,39940.72,39940.7312,0.0112,10,2,12,0.134,19,10,6,found,0.551,0.694,3,,,,,
059003.000193,0,0,,7/2,o,53092.8,53092.7986,-0.0014,7,0,7,-0.01,12,10,3,found,0.704,0.892,3,,,,,
059003.000194,0,0,,7/2,o,58158.08,58158.0605,-0.0195,32,5,37,-0.721,43,10,9,found,0.968,0.969,3,,,,,
059003.000195,0,0,,9/2,o,58174.15,58174.1608,0.0108,27,6,33,0.357,42,10,10,found,0.987,0.989,1,,,,,
059003.000196,0,0,,9/2,o,60166.2,60166.1746,-0.0254,34,6,40,-1.014,56,10,10,found,0.982,0.987,3,,,,,
059003.000197,0,0,,11/2,o,60419.73,60419.7108,-0.0192,36,6,42,-0.807,47,10,10,found,0.996,0.997,1,,,,,
059003.000198,0,0,,7/2,o,60520.32,60520.3184,-0.0016,20,5,25,-0.041,35,10,10,found,0.983,0.991,2,,,,,
059003.000199,0,0,,9/2,o,61357.04,61357.0215,-0.0185,36,4,40,-0.739,61,10,10,found,0.951,0.966,5,,,,,
059003.000200,0,0,,7/2,o,61605.66,61605.6645,0.0045,28,5,33,0.149,45,10,10,found,0.961,0.966,3,,,,,
059003.000201,0,0,,5/2,o,61717.98,61717.9825,0.0025,20,4,24,0.06,29,10,10,found,0.994,0.996,1,,,,,
059003.000202,0,0,,9/2,o,62062.63,62062.6543,0.0243,22,9,31,0.753,34,10,10,found,0.984,0.987,5,,,,,
059003.000203,0,0,,11/2,o,62240.83,62240.8142,-0.0158,41,2,43,-0.681,57,10,10,found,0.967,0.97,4,,,,,
059003.000204,0,0,,9/2,o,62535.62,62535.6261,0.0061,13,3,16,0.098,36,10,7,found,0.791,0.818,2,,,,,
059003.000205,0,0,,11/2,o,62558.67,62558.6551,-0.0149,46,5,51,-0.758,56,10,10,found,0.986,0.988,5,,,,,
059003.000206,0,0,,13/2,o,62678.7,62678.6926,-0.0074,32,1,33,-0.245,32,10,10,found,0.986,0.987,3,,,,,
059003.000207,0,0,,3/2,o,63221.28,63221.2714,-0.0086,21,2,23,-0.197,28,10,10,found,0.982,0.984,4,,,,,
059003.000208,0,0,,7/2,o,63232.14,63232.1624,0.0224,20,6,26,0.582,39,10,8,found,0.827,0.851,3,,,,,
059003.000209,0,0,,5/2,o,63576.27,63576.2665,-0.0035,22,6,28,-0.098,39,10,9,found,0.923,0.945,1,,,,,
059003.000210,0,0,,9/2,o,63593.35,63593.3415,-0.0085,38,1,39,-0.33,51,10,10,found,0.957,0.966,2,,,,,
059003.000211,0,0,,7/2,o,63768.66,63768.6596,-0.0004,38,9,47,-0.021,57,10,10,found,0.952,0.957,2,,,,,
059003.000212,0,0,,11/2,o,63816.91,63816.8799,-0.0301,36,7,43,-1.293,52,10,9,found,0.959,0.964,4,,,,,
059003.000213,0,0,,11/2,o,64150.94,64150.9122,-0.0278,27,3,30,-0.835,41,10,10,found,0.979,0.993,4,,,,,
059003.000214,0,0,,13/2,o,64215.45,64215.4142,-0.0358,25,3,28,-1.003,33,10,9,found,0.973,0.975,4,,,,,
059003.000215,0,0,,9/2,o,64235.61,64235.6246,0.0146,32,2,34,0.496,42,10,9,found,0.81,0.824,5,,,,,
059003.000216,0,0,,5/2,o,64401.03,64401.0348,0.0048,27,3,30,0.143,41,10,9,found,0.926,0.937,3,,,,,
059003.000217,0,0,,5/2,o,64817.53,64817.5332,0.0032,19,3,22,0.07,29,10,7,found,0.736,0.765,3,,,,,
059003.000218,0,0,,9/2,o,64857.15,64857.1374,-0.0126,35,10,45,-0.567,57,10,10,found,0.974,0.984,4,,,,,
059003.000219,0,0,,11/2,o,64865.15,64865.14,-0.01,28,3,31,-0.309,38,10,10,found,0.987,0.99,2,,,,,
059003.000220,0,0,,7/2,o,64979.55,64979.5179,-0.0321,27,2,29,-0.931,36,10,10,found,0.968,0.979,4,,,,,
059003.000431,1,1,N,3/2,o,65073.26,65073.2715,0.0115,0,9,9,0.104,11,10,7,found,0.761,0.842,2,0.0,0.0,0.0,,
059003.000221,0,0,,7/2,o,65295.9,65295.8862,-0.0138,34,4,38,-0.525,44,10,10,found,0.988,0.996,3,,,,,
059003.000432,1,1,N,3/2,o,65765.17,65765.1356,-0.0344,0,11,11,-0.378,11,10,7,found,0.819,0.876,4,0.0,0.0,0.0,,
059003.000222,0,0,,5/2,o,65909.44,65909.4367,-0.0033,14,0,14,-0.046,20,10,8,found,0.873,0.982,4,,,,,
059003.000223,0,0,,11/2,o,65922.42,65922.3964,-0.0236,40,3,43,-1.016,42,10,9,found,0.973,0.973,4,,,,,
059003.000224,0,0,,7/2,o,65935.25,65935.2119,-0.0381,25,5,30,-1.143,31,10,10,found,0.917,0.952,8,,,,,
059003.000225,0,0,,13/2,o,65967.15,65967.1163,-0.0337,14,4,18,-0.606,33,10,8,found,0.792,0.816,1,,,,,
059003.000226,0,0,,13/2,o,66148.4,66148.3514,-0.0486,24,6,30,-1.457,25,10,9,found,0.951,0.954,10,,,,,
059003.000227,0,0,,15/2,o,66301.35,66301.3119,-0.0381,11,4,15,-0.572,17,10,10,found,0.999,1.0,0,,,,,
059003.000228,0,0,,1/2,o,66324.84,66324.8679,0.0279,3,3,6,0.168,8,8,5,found,0.702,0.771,1,,,,,
059003.000229,0,0,,5/2,o,66681.14,66681.1268,-0.0132,24,6,30,-0.397,30,10,9,found,0.85,0.856,6,,,,,
059003.000230,0,0,,13/2,o,66735.88,66735.8417,-0.0383,22,6,28,-1.073,30,10,10,found,0.991,0.993,2,,,,,
059003.000231,0,0,,7/2,o,66852.87,66852.8503,-0.0197,22,4,26,-0.511,39,10,8,found,0.798,0.85,6,,,,,
059003.000232,0,0,,3/2,o,66867.09,66867.0967,0.0067,12,4,16,0.106,17,10,9,found,0.96,0.96,1,,,,,
059003.000233,0,0,,5/2,o,66943.04,66942.9869,-0.0531,17,0,17,-0.902,18,10,8,missing,0.591,0.619,6,,,,,
059003.000234,0,0,,9/2,o,67049.18,67049.1602,-0.0198,37,3,40,-0.792,30,10,8,found,0.689,0.744,21,,,,,
059003.000235,0,0,,7/2,o,67240.35,67240.3299,-0.0201,25,7,32,-0.643,32,10,10,found,0.963,0.992,12,,,,,
059003.000236,0,0,,5/2,o,67395.32,67395.2935,-0.0265,26,5,31,-0.822,27,10,9,found,0.917,0.925,8,,,,,
059003.000237,0,0,,9/2,o,67398.79,67398.7939,0.0039,20,3,23,0.09,54,10,7,found,0.586,0.678,5,,,,,
059003.000238,0,0,,7/2,o,67679.21,67679.2084,-0.0016,27,6,33,-0.052,36,10,10,found,0.949,0.964,6,,,,,
059003.000239,0,0,,9/2,o,67870.76,67870.7271,-0.0329,28,6,34,-1.118,43,10,10,found,0.964,0.982,6,,,,,
059003.000240,0,0,,3/2,o,67965.47,67965.4444,-0.0256,17,3,20,-0.512,21,10,8,found,0.964,0.964,4,,,,,
059003.000241,0,0,,11/2,o,68238.12,68238.0933,-0.0267,14,3,17,-0.455,28,10,7,found,0.839,0.897,3,,,,,
059003.000242,0,1,,15/2,o,68305.1,68305.211,0.111,4,5,9,0.999,12,10,8,missing,0.315,0.319,0,0.0,0.0,0.0,retained,the strongest predicted transition of the level is absent and nothing hides it
059003.000433,1,1,N,5/2,o,68331.68,68331.6732,-0.0068,1,27,28,-0.19,32,10,9,found,0.951,0.953,3,0.0,0.0,0.0,,
059003.000243,0,0,,7/2,o,68331.75,68331.7381,-0.0119,31,5,36,-0.429,35,10,6,found,0.698,0.71,12,,,,,
059003.000244,0,0,,9/2,o,68374.54,68374.5399,-0.0001,31,4,35,-0.003,38,10,9,found,0.954,0.962,6,,,,,
059003.000245,0,0,,7/2,o,68492.43,68492.4312,0.0012,28,3,31,0.038,42,10,6,found,0.74,0.781,9,,,,,
059003.000246,0,0,,11/2,o,68525.62,68525.6055,-0.0145,22,5,27,-0.392,34,10,10,found,0.984,0.991,2,,,,,
059003.000247,0,0,,9/2,o,68544.19,68544.1659,-0.0241,24,3,27,-0.65,39,10,7,found,0.852,0.895,9,,,,,
059003.000434,1,1,N,3/2,o,68556.35,68556.3095,-0.0405,0,5,5,-0.203,7,7,2,found,0.903,1.0,3,0.0,0.0,0.0,,
059003.000435,1,1,N,5/2,o,68676.55,68676.5461,-0.0039,0,11,11,-0.043,24,10,6,found,0.696,0.879,4,0.0,0.0,0.0,,
059003.000248,0,0,,7/2,o,68801.67,68801.6479,-0.0221,29,7,36,-0.795,43,10,10,found,0.976,0.986,4,,,,,
059003.000249,0,0,,5/2,o,68978.55,68978.5351,-0.0149,22,2,24,-0.357,34,10,8,found,0.818,0.847,6,,,,,
059003.000250,0,0,,7/2,o,68987.07,68987.0464,-0.0236,28,4,32,-0.756,31,10,8,found,0.798,0.823,10,,,,,
059003.000251,0,0,,9/2,o,69138.28,69138.2432,-0.0368,33,5,38,-1.4,41,10,9,found,0.909,0.926,9,,,,,
059003.000252,0,0,,11/2,o,69408.51,69408.5,-0.01,12,7,19,-0.189,29,10,9,found,0.89,0.929,3,,,,,
059003.000253,0,0,,7/2,o,69431.0,69430.9669,-0.0331,22,1,23,-0.762,33,10,8,found,0.885,0.925,3,,,,,
059003.000254,0,0,,5/2,o,69681.6,69681.5771,-0.0229,6,0,6,-0.138,12,10,6,found,0.961,1.0,0,,,,,
059003.000255,0,0,,9/2,o,69686.26,69686.2347,-0.0253,24,3,27,-0.683,33,10,10,found,0.928,0.967,5,,,,,
059003.000256,0,0,,11/2,o,69978.08,69978.0336,-0.0464,15,3,18,-0.834,26,10,9,found,0.933,0.948,2,,,,,
059003.000257,0,0,,13/2,o,70381.48,70381.4693,-0.0107,13,2,15,-0.16,22,10,8,found,0.949,0.969,2,,,,,
059003.000258,0,0,,9/2,o,71021.1,71021.1454,0.0454,12,3,15,0.68,20,10,7,found,0.877,0.951,4,,,,,
059003.000259,0,0,,7/2,o,71385.6,71385.6256,0.0256,11,3,14,0.358,20,10,8,found,0.903,0.983,4,,,,,
059003.000260,0,0,,3/2,o,71501.0,71501.0046,0.0046,9,2,11,0.051,15,10,6,found,0.706,0.803,3,,,,,
059003.000261,0,0,,5/2,o,71536.38,71536.3521,-0.0279,19,0,19,-0.53,27,10,8,found,0.909,0.924,3,,,,,
059003.000262,0,0,,9/2,o,71592.34,71592.338,-0.002,19,3,22,-0.044,36,10,9,found,0.941,0.96,3,,,,,
059003.000263,0,0,,11/2,o,71736.45,71736.4019,-0.0481,18,6,24,-1.155,26,10,10,found,0.997,0.999,2,,,,,
059003.000264,0,0,,7/2,o,71978.52,71978.4983,-0.0217,24,1,25,-0.543,30,10,9,found,0.954,0.963,4,,,,,
059003.000265,0,0,,5/2,o,71994.81,71994.8011,-0.0089,17,0,17,-0.151,23,10,5,found,0.796,0.843,4,,,,,
059003.000266,0,0,,9/2,o,73029.9,73029.9671,0.0671,13,3,16,1.074,25,10,7,missing,0.346,0.371,4,,,,,
059003.000267,0,0,,7/2,o,73378.42,73378.3858,-0.0342,11,2,13,-0.444,25,10,6,found,0.825,0.927,3,,,,,
059003.000268,0,0,,9/2,o,73606.17,73606.1228,-0.0472,6,5,11,-0.52,26,10,4,found,0.455,0.731,5,,,,,
059003.000269,0,0,,11/2,o,73609.1,73609.1301,0.0301,9,1,10,0.301,20,10,9,found,0.901,0.953,0,,,,,
059003.000270,0,0,,5/2,o,74105.2,74105.2534,0.0534,14,2,16,0.854,22,10,7,missing,0.649,0.76,4,,,,,
059003.000436,1,1,N,7/2,o,74619.63,74619.6793,0.0493,0,13,13,0.641,24,10,8,found,0.707,0.764,1,0.0,0.0,0.0,,
059003.000271,0,0,,3/2,o,74463.7,74463.7124,0.0124,10,1,11,0.137,9,9,5,missing,0.505,0.593,6,,,,,
059003.000437,1,1,N,9/2,o,74696.2,74696.2122,0.0122,0,11,11,0.134,23,10,7,found,0.772,0.87,1,0.0,0.0,0.0,,
059003.000272,0,0,,7/2,o,75294.0,75294.0297,0.0297,12,2,14,0.415,26,10,8,found,0.777,0.857,0,,,,,
059003.000273,0,0,,3/2,o,75409.58,75409.5745,-0.0055,16,2,18,-0.1,29,10,7,found,0.813,0.903,5,,,,,
059003.000274,0,0,,5/2,o,75560.75,75560.7184,-0.0316,13,2,15,-0.475,21,10,5,found,0.636,0.715,5,,,,,
059003.000275,0,0,,5/2,o,75614.81,75614.7902,-0.0198,19,1,20,-0.396,25,10,8,found,0.933,0.967,2,,,,,
059003.000276,0,0,,11/2,o,75640.0,75639.9585,-0.0415,12,2,14,-0.581,22,10,7,found,0.808,0.841,3,,,,,
059003.000277,0,0,,9/2,o,75762.23,75762.1972,-0.0328,9,1,10,-0.328,26,10,5,found,0.786,0.922,1,,,,,
059003.000438,1,1,N,7/2,o,75982.8,75982.8492,0.0492,0,10,10,0.492,21,10,7,found,0.828,0.923,1,0.0,0.0,0.0,,
059003.000439,1,1,N,11/2,o,76130.52,76130.4523,-0.0677,0,7,7,-0.474,17,10,6,found,0.615,0.69,1,0.0,0.0,0.0,,
059003.000440,1,1,N,5/2,o,76411.04,76411.0202,-0.0198,0,11,11,-0.217,22,10,6,found,0.576,0.691,2,0.0,0.0,0.0,,
059003.000441,1,1,N,13/2,o,76534.72,76534.7049,-0.0151,0,7,7,-0.106,9,9,6,found,0.971,0.993,1,0.0,0.0,0.0,,
059003.000278,0,0,,3/2,o,76892.4,76892.4665,0.0665,5,1,6,0.399,16,10,5,found,0.785,0.936,0,,,,,
059003.000442,1,1,N,9/2,o,76894.56,76894.5847,0.0247,0,8,8,0.198,15,10,8,found,0.832,0.911,0,0.0,0.0,0.0,,
059003.000279,0,0,,5/2,o,77822.0,77821.9543,-0.0457,12,0,12,-0.548,21,10,9,found,0.845,0.914,0,,,,,
059003.000280,0,0,,1/2,o,78312.91,78312.8568,-0.0532,7,2,9,-0.479,14,10,6,found,0.906,0.96,2,,,,,
059003.000281,0,0,,7/2,o,78463.6,78463.6341,0.0341,14,1,15,0.512,22,10,9,found,0.915,0.964,1,,,,,
059003.000282,0,0,,11/2,o,78694.57,78694.5499,-0.0201,14,1,15,-0.302,24,10,10,found,0.964,0.986,1,,,,,
059003.000283,0,0,,3/2,o,78889.14,78889.1238,-0.0162,15,0,15,-0.244,19,10,9,missing,0.603,0.628,4,,,,,
059003.000284,0,0,,13/2,o,79136.23,79136.203,-0.027,15,1,16,-0.432,20,10,10,found,0.971,0.989,2,,,,,
059003.000285,0,0,,5/2,o,79366.65,79366.6471,-0.0029,13,0,13,-0.038,19,10,8,found,0.922,0.972,3,,,,,
059003.000443,1,1,N,15/2,o,79377.15,79377.1241,-0.0259,0,5,5,-0.13,7,7,5,found,0.988,1.0,0,0.0,0.0,0.0,,
059003.000444,1,1,N,1/2,o,79378.38,79378.388,0.008,0,8,8,0.064,10,10,5,found,0.791,0.952,3,0.0,0.0,0.0,,
059003.000286,0,0,,7/2,o,79395.55,79395.5082,-0.0418,12,1,13,-0.543,21,10,6,found,0.849,0.89,3,,,,,
059003.000287,0,0,,1/2,o,79742.36,79742.3968,0.0368,6,0,6,0.221,8,8,6,found,0.898,0.932,0,,,,,
059003.000288,0,0,,3/2,o,80164.04,80164.0199,-0.0201,9,3,12,-0.241,21,10,9,found,0.89,0.975,1,,,,,
059003.000289,0,0,,11/2,o,80360.82,80360.7961,-0.0239,13,1,14,-0.334,26,10,10,found,0.977,0.997,0,,,,,
059003.000290,0,0,,3/2,o,80897.85,80897.8074,-0.0426,9,3,12,-0.512,19,10,8,found,0.867,0.92,2,,,,,
059003.000291,0,0,,13/2,o,80988.76,80988.7468,-0.0132,12,0,12,-0.159,16,10,8,found,0.988,0.99,1,,,,,
059003.000292,0,0,,5/2,o,81404.52,81404.508,-0.012,13,1,14,-0.168,19,10,10,found,0.964,0.997,0,,,,,
059003.000445,1,1,N,7/2,o,82082.7,82082.7324,0.0324,0,12,12,0.389,18,10,6,found,0.913,0.947,1,0.0,0.0,0.0,,
059003.000293,0,1,,3/2,o,82492.4,82492.5294,0.1294,2,7,9,1.165,16,10,6,found,0.799,0.954,2,0.0,0.0,0.0,,
059003.000294,0,0,,3/2,o,83025.91,83025.9006,-0.0094,8,0,8,-0.075,13,10,6,found,0.907,0.984,2,,,,,
059003.000295,0,0,,5/2,o,83426.55,83426.597,0.047,5,5,10,0.47,20,10,6,found,0.729,0.858,2,,,,,
059003.000296,0,0,,11/2,o,83607.32,83607.3329,0.0129,11,3,14,0.18,16,10,8,found,0.983,0.989,3,,,,,
059003.000297,0,0,,13/2,o,83703.43,83703.4285,-0.0015,10,0,10,-0.015,13,10,7,found,0.904,0.91,1,,,,,
059003.000446,1,1,N,7/2,o,84150.65,84150.7341,0.0841,0,7,7,0.589,16,10,5,found,0.804,0.874,0,0.0,0.0,0.0,,
059003.000447,1,1,N,3/2,o,84270.44,84270.5279,0.0879,0,8,8,0.703,17,10,4,missing,0.426,0.496,3,0.0,0.0,0.0,retained,the strongest predicted transition of the level is absent and nothing hides it
059003.000298,0,0,,3/2,o,84409.93,84409.9028,-0.0272,7,3,10,-0.272,13,10,6,missing,0.534,0.586,4,,,,,
059003.000299,0,0,,9/2,o,84410.63,84410.6896,0.0596,12,3,15,0.894,21,10,9,found,0.974,0.987,3,,,,,
059003.000300,0,0,,7/2,o,84430.98,84429.9017,-1.0783,5,1,6,-6.47,11,10,5,found,0.971,0.995,1,,,,,
059003.000448,1,1,N,9/2,o,84690.2,84690.1763,-0.0237,0,9,9,-0.214,25,10,3,masked,0.296,0.345,0,0.0,0.0,0.0,,
059003.000449,1,1,N,3/2,o,84804.11,84804.1301,0.0201,0,8,8,0.161,19,10,4,found,0.665,0.923,3,0.0,0.0,0.0,,
059003.000301,0,0,,15/2,o,84992.04,84992.0218,-0.0182,7,1,8,-0.145,7,7,7,found,1.0,1.0,1,,,,,
059003.000302,0,0,,5/2,o,85306.1,85306.1586,0.0586,8,3,11,0.645,17,10,9,found,0.964,0.993,1,,,,,
059003.000450,1,1,N,5/2,o,85981.65,85981.7398,0.0898,0,3,3,0.269,12,10,2,found,0.942,1.0,1,0.0,0.0,0.0,,
059003.000451,1,1,N,7/2,o,86390.45,86390.5324,0.0824,0,6,6,0.494,21,10,4,found,0.82,0.936,0,0.0,0.0,0.0,,
059003.000452,1,1,N,9/2,o,86455.75,86455.5768,-0.1732,0,9,9,-1.559,19,10,5,found,0.894,0.947,0,0.0,0.0,0.0,,
059003.000453,1,1,N,3/2,o,86938.55,86938.5249,-0.0251,0,5,5,-0.125,9,9,3,found,0.917,1.0,2,0.0,0.0,0.0,,
059003.000303,0,0,,7/2,o,87511.6,87511.5242,-0.0758,11,3,14,-1.061,20,10,5,found,0.533,0.544,3,,,,,
059003.000454,1,1,N,11/2,o,87726.9,87726.8663,-0.0337,0,9,9,-0.303,15,10,6,found,0.782,0.824,1,0.0,0.0,0.0,,
059003.000304,0,1,N,9/2,o,88210.1,88209.9532,-0.1468,0,9,9,-1.321,21,10,3,found,0.817,0.862,1,0.0,0.0,0.0,,
059003.000305,0,0,,9/2,o,88948.6,88948.5325,-0.0675,3,1,4,-0.27,23,10,3,found,0.731,0.915,1,,,,,
059003.000455,1,1,N,13/2,o,89969.42,89969.6109,0.1909,0,6,6,1.146,11,10,4,found,0.754,0.809,2,0.0,0.0,0.0,,
059003.000306,0,0,,11/2,o,90119.8,90119.9512,0.1512,11,1,12,1.815,17,10,8,found,0.978,0.983,1,,,,,
059003.000307,0,0,,9/2,o,90629.2,90629.2018,0.0018,12,3,15,0.026,21,10,5,masked,0.316,0.328,2,,,,,
059003.000308,0,0,,7/2,o,92441.7,92441.6328,-0.0672,16,5,21,-1.411,32,10,4,found,0.835,0.853,3,,,,,
059003.000309,0,0,?,5/2,o,92554.8,92554.6846,-0.1154,18,0,18,-2.077,26,10,5,faint,0.356,0.375,3,,,,,
059003.000310,0,0,,11/2,o,93296.5,93296.4621,-0.0379,9,1,10,-0.379,14,10,4,masked,0.09,0.098,4,,,,,
059003.000311,0,0,,7/2,o,93967.4,93967.3475,-0.0525,15,3,18,-0.944,36,10,7,found,0.762,0.837,0,,,,,
059003.000312,0,0,,9/2,o,95147.9,95147.7559,-0.1441,15,2,17,-2.45,26,10,7,found,0.895,0.906,3,,,,,
059003.000313,0,0,,7/2,o,96830.5,96830.3938,-0.1062,13,4,17,-1.805,27,10,4,found,0.612,0.639,2,,,,,
059003.000456,1,1,N,9/2,o,99681.9,99681.9146,0.0146,0,3,3,0.044,10,10,3,found,0.815,0.908,0,0.0,0.0,0.0,,
059003.000457,1,1,,11/2,o,99938.5,99939.1292,0.6292,0,6,6,3.775,15,10,5,found,0.898,0.946,0,0.0,0.0,0.0,,
059003.000349,0,1,,11/2,o,110295.2,110295.2887,0.0887,3,8,11,0.976,22,10,6,found,0.857,0.865,0,0.0,0.0,0.0,,
059003.000350,0,0,,7/2,o,110333.55,110333.6844,0.1344,14,1,15,2.016,28,10,7,found,0.65,0.671,2,,,,,
059003.000351,0,0,,13/2,o,110530.96,110531.0491,0.0891,5,2,7,0.623,11,10,6,found,0.995,0.999,1,,,,,
059003.000352,0,0,,11/2,o,110880.92,110881.0109,0.0909,18,3,21,1.91,31,10,9,found,0.967,0.981,2,,,,,
059003.000353,0,0,,9/2,o,110922.18,110922.3687,0.1887,12,6,18,3.397,31,10,10,found,0.965,0.982,2,,,,,
059003.000354,0,0,,13/2,o,111109.95,111110.0841,0.1341,12,4,16,2.146,27,10,9,found,0.982,0.995,2,,,,,
059003.000355,0,0,,3/2,o,111268.6,111268.6542,0.0542,11,2,13,0.704,20,10,7,found,0.77,0.787,1,,,,,
059003.000356,0,0,,15/2,o,111334.87,111335.0129,0.1429,9,3,12,1.715,16,10,8,found,0.996,0.998,2,,,,,
059003.000357,0,0,,7/2,o,111342.43,111342.5688,0.1388,18,5,23,3.193,43,10,8,found,0.75,0.774,0,,,,,
059003.000358,0,0,,5/2,o,111494.56,111494.6918,0.1318,12,7,19,2.505,31,10,10,found,0.975,0.992,1,,,,,
059003.000458,1,1,N,9/2,o,111518.34,111518.4028,0.0628,0,8,8,0.502,18,10,5,found,0.7,0.722,1,0.0,0.0,0.0,,
059003.000459,1,1,N,7/2,o,111728.91,111728.8776,-0.0324,0,6,6,-0.194,16,10,3,found,0.528,0.597,1,0.0,0.0,0.0,,
059003.000460,1,1,N,3/2,o,111772.91,111772.7453,-0.1647,0,10,10,-1.647,24,10,6,found,0.731,0.781,0,0.0,0.0,0.0,,
059003.000461,1,1,N,1/2,o,111779.59,111779.1966,-0.3934,0,4,4,-1.573,9,9,4,found,0.892,0.908,0,0.0,0.0,0.0,,
059003.000462,1,1,N,5/2,o,111902.78,111903.0916,0.3116,0,10,10,3.116,32,10,6,found,0.862,0.908,0,0.0,0.0,0.0,,
059003.000359,0,0,,9/2,o,111992.97,111993.019,0.049,14,8,22,1.079,32,10,9,found,0.969,0.98,4,,,,,
059003.000360,0,1,,11/2,o,112643.09,112643.1588,0.0688,8,9,17,1.17,32,10,6,found,0.823,0.842,0,0.0,0.0,0.0,,
059003.000361,0,0,,13/2,o,112769.67,112769.7482,0.0782,11,5,16,1.252,34,10,8,found,0.921,0.949,0,,,,,
059003.000463,1,1,N,9/2,o,112837.43,112837.4589,0.0289,0,7,7,0.202,24,10,5,missing,0.421,0.482,0,0.0,0.0,0.0,retained,the strongest predicted transition of the level is absent and nothing hides it
059003.000362,0,0,,15/2,o,112896.3,112896.3629,0.0629,9,3,12,0.755,20,10,9,found,0.994,0.998,2,,,,,
059003.000363,0,0,,17/2,o,113023.5,113023.7097,0.2097,3,3,6,1.258,10,10,6,found,0.995,0.997,0,,,,,
059003.000464,1,1,N,7/2,o,113064.69,113064.6982,0.0082,0,10,10,0.082,23,10,3,found,0.578,0.694,0,0.0,0.0,0.0,,
059003.000364,0,0,,9/2,o,113158.53,113158.5734,0.0434,14,9,23,0.998,49,10,10,found,0.891,0.93,3,,,,,
059003.000465,1,1,N,11/2,o,113211.64,113211.6694,0.0294,0,12,12,0.353,24,10,5,found,0.626,0.674,1,0.0,0.0,0.0,,
059003.000466,1,1,N,5/2,o,113225.66,113225.7068,0.0468,0,7,7,0.327,17,10,4,found,0.639,0.755,0,0.0,0.0,0.0,,
059003.000365,0,0,,7/2,o,113291.67,113291.7125,0.0425,19,7,26,1.104,44,10,9,found,0.898,0.93,1,,,,,
059003.000366,0,0,,5/2,o,113556.8,113556.8563,0.0563,12,2,14,0.788,36,10,8,found,0.852,0.91,0,,,,,
059003.000367,0,0,,13/2,o,113600.13,113600.1839,0.0539,15,6,21,1.132,32,10,9,found,0.971,0.98,1,,,,,
059003.000368,0,0,,7/2,o,113630.9,113630.9372,0.0372,9,7,16,0.595,36,10,8,found,0.903,0.94,0,,,,,
059003.000369,0,0,,11/2,o,113664.57,113664.5973,0.0273,9,8,17,0.465,37,10,7,found,0.927,0.953,2,,,,,
059003.000370,0,0,,9/2,o,113780.27,113780.3445,0.0745,17,6,23,1.713,45,10,7,missing,0.522,0.55,1,,,,,
059003.000371,0,0,,3/2,o,113825.5,113825.6438,0.1438,6,2,8,1.15,22,10,1,found,0.259,0.343,3,,,,,
059003.000372,0,0,,15/2,o,113833.9,113833.9425,0.0425,5,1,6,0.255,17,10,6,found,0.982,0.999,0,,,,,
059003.000467,1,1,N,11/2,o,113854.85,113854.8531,0.0031,0,12,12,0.038,38,10,5,found,0.641,0.679,1,0.0,0.0,0.0,,
059003.000468,1,1,N,9/2,o,113894.44,113894.7358,0.2958,0,20,20,5.916,44,10,8,found,0.814,0.864,0,0.0,0.0,0.0,,
059003.000373,0,0,,5/2,o,113914.16,113914.1153,-0.0447,15,3,18,-0.805,31,10,9,found,0.893,0.925,0,,,,,
059003.000374,0,1,,17/2,o,114725.6,114725.648,0.048,3,5,8,0.384,10,10,8,found,0.999,0.999,0,0.0,0.0,0.0,,
059003.000375,0,0,,13/2,o,114797.12,114797.1055,-0.0145,12,5,17,-0.247,36,10,7,found,0.778,0.794,0,,,,,
059003.000376,0,1,,19/2,o,114970.95,114970.8957,-0.0543,1,2,3,-0.163,5,5,3,found,0.999,1.0,0,0.0,0.0,0.0,,
059003.000469,1,1,N,11/2,o,115094.1,115094.0831,-0.0169,0,9,9,-0.152,22,10,3,found,0.45,0.506,0,0.0,0.0,0.0,,
059003.000470,1,1,N,9/2,o,115176.16,115176.1653,0.0053,0,10,10,0.053,29,10,4,found,0.314,0.485,2,0.0,0.0,0.0,,
059003.000471,1,1,N,13/2,o,115218.75,115218.691,-0.059,0,11,11,-0.649,28,10,5,found,0.621,0.664,0,0.0,0.0,0.0,,
059003.000377,0,0,,9/2,o,115324.47,115324.463,-0.007,17,3,20,-0.14,38,10,9,missing,0.758,0.791,1,,,,,
059003.000378,0,0,,11/2,o,115403.34,115403.3067,-0.0333,16,5,21,-0.7,36,10,10,found,0.961,0.983,0,,,,,
059003.000379,0,0,,13/2,o,115408.39,115408.4161,0.0261,13,6,19,0.497,33,10,10,found,0.983,0.988,0,,,,,
059003.000380,0,0,,7/2,o,115420.8,115420.8986,0.0986,15,6,21,2.071,39,10,10,found,0.913,0.954,2,,,,,
059003.000472,1,1,N,7/2,o,115489.74,115489.8008,0.0608,0,11,11,0.669,23,10,4,found,0.53,0.602,1,0.0,0.0,0.0,,
059003.000381,0,0,,9/2,o,115499.67,115499.678,0.008,20,6,26,0.207,44,10,7,found,0.849,0.885,3,,,,,
059003.000382,0,0,,7/2,o,115670.0,115670.0323,0.0323,7,2,9,0.291,23,10,7,found,0.942,1.0,2,,,,,
059003.000383,0,0,,15/2,o,115672.26,115672.257,-0.003,10,6,16,-0.048,22,10,8,found,0.951,0.953,0,,,,,
059003.000473,1,1,N,1/2,o,115712.03,115711.9562,-0.0738,0,5,5,-0.369,7,7,4,found,0.975,0.998,1,0.0,0.0,0.0,,
059003.000384,0,0,,5/2,o,115800.17,115800.175,0.005,18,2,20,0.099,40,10,7,masked,0.609,0.675,1,,,,,
059003.000474,1,1,N,9/2,o,115881.55,115881.7327,0.1827,0,7,7,1.279,20,10,5,found,0.849,0.91,1,0.0,0.0,0.0,,
059003.000385,0,0,,11/2,o,115933.14,115933.1622,0.0222,13,3,16,0.355,41,10,8,found,0.808,0.867,0,,,,,
059003.000475,1,1,N,3/2,o,115990.73,115990.6442,-0.0858,0,7,7,-0.601,16,10,5,found,0.597,0.711,1,0.0,0.0,0.0,,
059003.000386,0,0,,7/2,o,116021.78,116021.7713,-0.0087,15,4,19,-0.165,37,10,9,found,0.909,0.963,3,,,,,
059003.000476,1,1,N,11/2,o,116078.6,116078.5998,-0.0002,0,16,16,-0.004,36,10,6,found,0.644,0.71,0,0.0,0.0,0.0,,
059003.000387,0,0,,15/2,o,116238.71,116238.8796,0.1696,7,4,11,1.865,22,10,8,found,0.953,0.964,1,,,,,
059003.000388,0,0,,11/2,o,116309.14,116309.1627,0.0227,17,4,21,0.477,37,10,8,found,0.815,0.832,1,,,,,
059003.000389,0,0,,9/2,o,116453.2,116453.2514,0.0514,17,1,18,0.926,38,10,8,found,0.867,0.912,0,,,,,
059003.000390,0,0,,17/2,o,116489.75,116489.7703,0.0203,5,3,8,0.163,11,10,8,found,0.999,1.0,0,,,,,
059003.000391,0,0,,5/2,o,116727.1,116727.1008,0.0008,8,2,10,0.008,30,10,6,found,0.724,0.857,1,,,,,
059003.000477,1,1,N,3/2,o,116777.55,116777.5449,-0.0051,0,4,4,-0.02,21,10,3,found,0.504,0.698,0,0.0,0.0,0.0,,
059003.000392,0,0,,7/2,o,117044.6,117044.6764,0.0764,17,1,18,1.374,36,10,8,found,0.714,0.772,3,,,,,
059003.000393,0,0,,13/2,o,117248.2,117248.011,-0.189,7,3,10,-1.89,22,10,6,found,0.742,0.824,3,,,,,
059003.000394,0,0,,11/2,o,117323.1,117322.9751,-0.1249,10,1,11,-1.374,30,10,7,found,0.727,0.766,2,,,,,
059003.000478,1,1,N,1/2,o,117359.3,117359.3064,0.0064,0,3,3,0.019,6,6,3,found,0.844,1.0,0,0.0,0.0,0.0,,
059003.000479,1,1,N,15/2,o,117376.01,117375.9426,-0.0674,0,9,9,-0.607,11,10,8,found,0.963,0.983,1,0.0,0.0,0.0,,
059003.000480,1,1,N,11/2,o,117385.1,117385.0845,-0.0155,0,13,13,-0.202,26,10,6,found,0.849,0.908,1,0.0,0.0,0.0,,
059003.000481,1,1,N,13/2,o,117397.8,117397.7454,-0.0546,0,12,12,-0.655,20,10,6,found,0.853,0.903,0,0.0,0.0,0.0,,
059003.000482,1,1,N,9/2,o,117507.88,117507.9197,0.0397,0,15,15,0.596,36,10,8,found,0.649,0.741,0,0.0,0.0,0.0,,
059003.000395,0,0,,3/2,o,117540.5,117540.5174,0.0174,10,1,11,0.191,15,10,5,found,0.664,0.702,2,,,,,
059003.000396,0,0,,11/2,o,117574.5,117574.6064,0.1064,9,6,15,1.596,26,10,8,found,0.805,0.833,1,,,,,
059003.000483,1,1,N,5/2,o,117592.2,117592.9615,0.7615,0,14,14,10.661,31,10,7,found,0.697,0.814,3,0.0,0.0,0.0,,
059003.000397,0,0,,7/2,o,117647.2,117647.2173,0.0173,13,3,16,0.277,34,10,8,found,0.669,0.771,0,,,,,
059003.000398,0,0,,5/2,o,117686.4,117686.4871,0.0871,11,2,13,1.132,27,10,5,found,0.476,0.551,4,,,,,
059003.000399,0,0,,13/2,o,117775.3,117775.2503,-0.0497,11,3,14,-0.696,24,10,9,found,0.981,0.986,0,,,,,
059003.000400,0,0,,15/2,o,118063.0,118062.7705,-0.2295,4,2,6,-1.377,15,10,5,found,0.943,0.948,0,,,,,
059003.000484,1,1,N,7/2,o,118069.2,118069.0686,-0.1314,0,11,11,-1.445,32,10,6,found,0.661,0.865,3,0.0,0.0,0.0,,
059003.000401,0,0,,9/2,o,118081.1,118080.9771,-0.1229,13,3,16,-1.967,30,10,7,found,0.837,0.897,4,,,,,
059003.000402,0,0,,3/2,o,118201.4,118201.5212,0.1212,7,3,10,1.212,14,10,3,missing,0.428,0.563,5,,,,,
059003.000485,1,1,N,3/2,o,118224.13,118224.067,-0.063,0,9,9,-0.567,20,10,5,found,0.584,0.681,2,0.0,0.0,0.0,,
059003.000403,0,0,,11/2,o,118271.6,118271.6506,0.0506,13,2,15,0.759,29,10,7,found,0.926,0.963,2,,,,,
059003.000404,0,0,,7/2,o,118318.6,118318.6162,0.0162,11,4,15,0.243,33,10,7,found,0.598,0.676,0,,,,,
059003.000405,0,0,,9/2,o,118468.8,118468.9541,0.1541,15,1,16,2.465,34,10,7,found,0.723,0.8,1,,,,,
059003.000486,1,1,N,5/2,o,118588.65,118588.7711,0.1211,0,11,11,1.332,25,10,6,found,0.625,0.806,2,0.0,0.0,0.0,,
059003.000406,0,0,,13/2,o,118610.9,118610.9349,0.0349,9,5,14,0.489,21,10,10,found,0.973,0.984,0,,,,,
059003.000487,1,1,N,7/2,o,118860.77,118861.0154,0.2454,0,14,14,3.435,32,10,8,found,0.783,0.914,1,0.0,0.0,0.0,,
059003.000407,0,0,,11/2,o,118879.3,118878.9989,-0.3011,14,2,16,-4.818,25,10,9,found,0.905,0.95,2,,,,,
059003.000488,1,1,N,9/2,o,118885.4,118884.9476,-0.4524,0,17,17,-7.691,29,10,9,found,0.948,0.982,2,0.0,0.0,0.0,,
059003.000489,1,1,N,5/2,o,118987.0,118987.2028,0.2028,0,13,13,2.637,23,10,8,found,0.786,0.905,1,0.0,0.0,0.0,,
059003.000490,1,1,N,1/2,o,119019.05,119019.1944,0.1444,0,7,7,1.011,9,9,6,found,0.962,0.995,1,0.0,0.0,0.0,,
059003.000491,1,1,N,3/2,o,119077.25,119077.5647,0.3147,0,5,5,1.574,14,10,4,found,0.804,0.972,0,0.0,0.0,0.0,,
059003.000408,0,0,,13/2,o,120498.7,120498.6769,-0.0231,6,2,8,-0.185,16,10,8,found,0.948,0.989,0,,,,,
059003.000492,1,1,N,5/2,o,120715.55,120715.6695,0.1195,0,7,7,0.837,23,10,6,found,0.768,0.898,0,0.0,0.0,0.0,,
059003.000409,0,0,,11/2,o,121095.2,121095.1832,-0.0168,6,3,9,-0.152,20,10,7,found,0.924,0.983,0,,,,,
059003.000410,0,0,,15/2,o,121119.2,121119.3945,0.1945,6,3,9,1.75,11,10,6,found,0.99,1.0,3,,,,,
059003.000411,0,0,,9/2,o,121382.6,121382.5234,-0.0766,16,3,19,-1.455,26,10,10,found,0.95,0.986,0,,,,,
059003.000493,1,1,N,7/2,o,121411.77,121412.3455,0.5755,0,11,11,6.331,27,10,7,found,0.607,0.724,1,0.0,0.0,0.0,,
059003.000412,0,0,,13/2,o,121431.2,121431.2447,0.0447,8,3,11,0.492,16,10,10,found,0.983,0.998,0,,,,,
059003.000413,0,0,,11/2,o,121532.5,121532.6479,0.1479,13,1,14,2.071,24,10,10,found,0.938,0.993,0,,,,,
059003.000494,1,1,N,7/2,o,121580.9,121581.0488,0.1488,0,6,6,0.893,22,10,6,found,0.584,0.721,0,0.0,0.0,0.0,,
059003.000495,1,1,N,3/2,o,121582.6,121582.7498,0.1498,0,6,6,0.899,14,10,6,found,0.883,0.972,0,0.0,0.0,0.0,,
059003.000496,1,1,N,9/2,o,122141.46,122141.5201,0.0601,0,9,9,0.541,21,10,5,missing,0.492,0.578,2,0.0,0.0,0.0,retained,the strongest predicted transition of the level is absent and nothing hides it
059003.000414,0,0,,3/2,o,128214.2,128214.1834,-0.0166,4,1,5,-0.083,5,5,3,found,0.938,1.0,2,,,,,
059003.000415,0,0,,9/2,o,128352.8,128352.8115,0.0115,5,0,5,0.058,12,10,4,found,0.81,0.891,0,,,,,
059003.000416,0,0,,11/2,o,128381.6,128381.6774,0.0774,3,2,5,0.387,11,10,5,found,0.907,0.978,0,,,,,
059003.000417,0,0,,7/2,o,128453.2,128453.1584,-0.0416,8,1,9,-0.374,14,10,8,found,0.939,1.0,1,,,,,
059003.000497,1,1,N,5/2,o,128479.6,128479.5341,-0.0659,0,5,5,-0.33,15,10,5,found,0.808,0.981,0,0.0,0.0,0.0,,
059003.000418,0,0,,9/2,o,128568.6,128568.6729,0.0729,8,2,10,0.729,13,10,6,found,0.82,0.865,3,,,,,
059003.000498,1,1,N,5/2,o,128800.05,128800.3056,0.2556,0,5,5,1.278,6,6,5,found,0.98,1.0,0,0.0,0.0,0.0,,
059003.000499,1,1,N,7/2,o,128912.95,128913.1262,0.1762,0,7,7,1.234,15,10,5,found,0.713,0.792,1,0.0,0.0,0.0,,
059003.000500,1,1,N,7/2,o,132415.6,132415.5644,-0.0356,0,5,5,-0.178,13,10,4,found,0.724,1.0,1,0.0,0.0,0.0,,
059003.000501,1,1,N,13/2,o,132651.7,132651.6655,-0.0345,0,6,6,-0.207,10,10,5,found,0.92,1.0,1,0.0,0.0,0.0,,
059003.000502,1,1,N,15/2,o,132783.0,132783.0782,0.0782,0,6,6,0.469,7,7,5,found,0.89,0.941,1,0.0,0.0,0.0,,
059003.000503,1,1,N,7/2,o,132958.22,132958.2615,0.0415,0,4,4,0.166,12,10,3,found,0.513,0.735,0,0.0,0.0,0.0,,
059003.000504,1,1,N,11/2,o,133037.3,133037.5053,0.2053,0,4,4,0.821,9,9,4,found,0.878,0.954,0,0.0,0.0,0.0,,
059003.000505,1,1,N,13/2,o,133150.95,133150.8021,-0.1479,0,5,5,-0.739,9,9,5,found,0.922,0.974,0,0.0,0.0,0.0,,
059003.000422,0,0,,17/2,o,133194.3,133194.2958,-0.0042,1,1,2,-0.008,2,2,2,found,1.0,1.0,0,,,,,
059003.000423,0,0,,19/2,o,133242.3,133242.294,-0.006,1,0,1,-0.006,1,1,1,found,1.0,1.0,0,,,,,
059003.000506,1,1,N,9/2,o,133306.9,133307.467,0.567,0,4,4,2.268,10,10,3,found,0.844,1.0,1,0.0,0.0,0.0,,
059003.000424,0,0,,15/2,o,133352.2,133352.1108,-0.0892,1,0,1,-0.089,7,7,1,found,0.459,1.0,0,,,,,
059003.000507,1,1,N,11/2,o,133370.49,133370.4237,-0.0663,0,7,7,-0.464,9,9,7,found,0.933,0.979,0,0.0,0.0,0.0,,
059003.000425,0,0,,17/2,o,133373.0,133373.1376,0.1376,3,2,5,0.688,4,4,4,found,1.0,1.0,1,,,,,
059003.000508,1,1,,9/2,o,133511.58,133511.6086,0.0286,0,8,8,0.229,13,10,7,found,0.857,0.93,1,0.0,0.0,0.0,,
059003.000509,1,1,N,11/2,o,133566.52,133566.5836,0.0636,0,3,3,0.191,5,5,3,found,0.936,1.0,0,0.0,0.0,0.0,,
059003.000510,1,1,N,7/2,o,133594.97,133595.06,0.09,0,5,5,0.45,6,6,2,found,0.596,1.0,3,0.0,0.0,0.0,,
059003.000511,1,1,N,13/2,o,133650.5,133650.6794,0.1794,0,3,3,0.538,2,2,2,found,1.0,1.0,1,0.0,0.0,0.0,,
059003.000512,1,1,N,9/2,o,134001.32,134001.3154,-0.0046,0,5,5,-0.023,9,9,4,found,0.749,0.948,1,0.0,0.0,0.0,,
059003.000513,1,1,N,11/2,o,134007.65,134008.0883,0.4383,0,4,4,1.753,5,5,2,found,0.887,0.99,2,0.0,0.0,0.0,,
059003.000514,1,1,N,11/2,o,134069.5,134069.3995,-0.1005,0,5,5,-0.503,10,10,5,found,0.539,0.7,0,0.0,0.0,0.0,,
059003.000515,1,1,N,9/2,o,134163.18,134163.2134,0.0334,0,3,3,0.1,8,8,3,found,0.864,1.0,0,0.0,0.0,0.0,,
059003.000516,1,1,N,7/2,o,134163.33,134162.7905,-0.5395,0,6,6,-3.237,14,10,4,found,0.74,0.961,2,0.0,0.0,0.0,,
059003.000517,1,1,N,13/2,o,134220.3,134220.2828,-0.0172,0,6,6,-0.103,11,10,5,found,0.719,0.9,1,0.0,0.0,0.0,,
059003.000518,1,1,N,15/2,o,134375.6,134375.5985,-0.0015,0,2,2,-0.003,8,8,1,found,0.515,1.0,1,0.0,0.0,0.0,,
059003.000519,1,1,N,7/2,o,134868.82,134868.7675,-0.0525,0,5,5,-0.262,9,9,5,found,0.657,0.78,0,0.0,0.0,0.0,,
059003.000520,1,1,N,9/2,o,134932.15,134932.2179,0.0679,0,6,6,0.407,10,10,5,found,0.9,1.0,1,0.0,0.0,0.0,,
059003.000521,1,1,N,11/2,o,135896.6,135896.6552,0.0552,0,2,2,0.11,9,9,2,found,0.583,1.0,0,0.0,0.0,0.0,,
059003.000522,1,1,N,13/2,o,135927.0,135926.9222,-0.0778,0,3,3,-0.233,8,8,2,found,0.677,0.971,1,0.0,0.0,0.0,,
059003.000523,1,1,N,15/2,o,136034.02,136034.2254,0.2054,0,5,5,1.027,7,7,4,found,0.923,1.0,1,0.0,0.0,0.0,,
059003.000524,1,1,N,17/2,o,136111.0,136110.9946,-0.0054,0,3,3,-0.016,5,5,3,found,0.927,1.0,0,0.0,0.0,0.0,,
059003.000525,1,1,N,7/2,o,136326.7,136326.4369,-0.2631,0,5,5,-1.315,6,6,2,found,0.822,1.0,3,0.0,0.0,0.0,,
059003.000526,1,1,N,5/2,o,136435.34,136435.3522,0.0122,0,4,4,0.049,7,7,2,found,0.61,1.0,2,0.0,0.0,0.0,,
059003.000527,1,1,N,13/2,o,136485.6,136485.087,-0.513,0,5,5,-2.565,12,10,5,found,0.703,0.896,0,0.0,0.0,0.0,,
059003.000528,1,1,N,15/2,o,136606.4,136606.7419,0.3419,0,4,4,1.368,8,8,4,found,0.741,0.855,0,0.0,0.0,0.0,,
059003.000529,1,1,N,9/2,o,136643.4,136643.7072,0.3072,0,3,3,0.922,12,10,2,found,0.476,1.0,1,0.0,0.0,0.0,,
059003.000530,1,1,N,17/2,o,137960.61,137960.7009,0.0909,0,4,4,0.364,3,3,3,found,1.0,1.0,1,0.0,0.0,0.0,,
059003.000531,1,1,N,13/2,o,138034.95,138035.0451,0.0951,0,4,4,0.38,7,7,3,found,0.793,0.951,1,0.0,0.0,0.0,,
059003.000532,1,1,N,19/2,o,138077.8,138077.663,-0.137,0,1,1,-0.137,1,1,1,found,1.0,1.0,0,0.0,0.0,0.0,,
059003.000533,1,1,N,13/2,o,138342.75,138342.7227,-0.0273,0,2,2,-0.055,8,8,2,found,0.398,0.845,0,0.0,0.0,0.0,,
059003.000534,1,1,N,11/2,o,138410.5,138411.0459,0.5459,0,6,6,3.276,8,8,3,found,0.633,0.933,3,0.0,0.0,0.0,,
059003.000535,1,1,N,9/2,o,138445.3,138445.3687,0.0687,0,3,3,0.206,7,7,2,found,0.633,0.808,1,0.0,0.0,0.0,,
059003.000536,1,1,N,11/2,o,138839.85,138840.0035,0.1535,0,3,3,0.46,12,10,2,found,0.492,1.0,1,0.0,0.0,0.0,,
059003.000537,1,1,N,15/2,o,138900.4,138900.3733,-0.0267,0,3,3,-0.08,6,6,3,found,0.89,1.0,0,0.0,0.0,0.0,,
059003.000538,1,1,N,17/2,o,139081.4,139081.5122,0.1122,0,4,4,0.449,5,5,3,found,0.918,1.0,1,0.0,0.0,0.0,,
059003.000041,0,0,,9/2,e,12846.66,12846.6624,0.0024,35,11,46,0.112,77,10,10,found,0.953,0.964,3,,,,,
059003.000042,0,0,,11/2,e,13352.1,13352.1012,0.0012,25,6,31,0.037,53,10,10,found,0.978,0.986,3,,,,,
059003.000045,0,0,,9/2,e,14558.82,14558.8215,0.0015,36,13,49,0.076,84,10,9,found,0.912,0.933,5,,,,,
059003.000046,0,0,,11/2,e,14859.96,14859.9785,0.0185,51,9,60,1.11,78,10,9,found,0.951,0.956,3,,,,,
059003.000047,0,0,,5/2,e,15045.8,15045.8502,0.0502,21,14,35,1.756,52,10,10,found,0.974,0.985,7,,,,,
059003.000049,0,0,,13/2,e,15454.16,15454.171,0.011,20,8,28,0.307,37,10,10,found,0.986,0.99,2,,,,,
059003.000050,0,0,,11/2,e,15525.5,15525.501,0.001,35,12,47,0.049,82,10,9,found,0.912,0.934,2,,,,,
059003.000053,0,0,,7/2,e,16135.97,16135.9548,-0.0152,25,17,42,-0.637,69,10,10,found,0.944,0.962,5,,,,,
059003.000054,0,0,,7/2,e,16516.15,16516.1487,-0.0013,29,13,42,-0.057,66,10,9,found,0.91,0.939,5,,,,,
059003.000057,0,0,,13/2,e,17113.19,17113.1885,-0.0015,28,6,34,-0.051,52,10,10,found,0.961,0.972,2,,,,,
059003.000059,0,0,,15/2,e,17534.76,17534.7568,-0.0032,15,5,20,-0.063,26,10,10,found,0.987,0.991,1,,,,,
059003.000060,0,0,,9/2,e,17627.0,17626.993,-0.007,40,11,51,-0.359,87,10,10,found,0.933,0.95,3,,,,,
059003.000062,0,0,,9/2,e,18063.36,18063.3738,0.0138,40,14,54,0.744,87,10,9,found,0.811,0.832,4,,,,,
059003.000063,0,0,,5/2,e,18211.76,18211.7902,0.0302,32,15,47,1.418,85,10,8,found,0.861,0.891,2,,,,,
059003.000064,0,0,,11/2,e,18241.54,18241.5422,0.0022,50,20,70,0.153,96,10,10,found,0.956,0.966,3,,,,,
059003.000066,0,0,,15/2,e,18921.24,18921.2426,0.0026,15,10,25,0.064,30,10,10,found,0.985,0.988,2,,,,,
059003.000067,0,0,,7/2,e,18990.08,18990.0767,-0.0033,20,7,27,-0.09,40,10,9,found,0.934,0.948,4,,,,,
059003.000069,0,0,,11/2,e,19308.93,19308.937,0.007,35,12,47,0.328,80,10,10,found,0.878,0.905,4,,,,,
059003.000070,0,0,,13/2,e,19360.1,19360.096,-0.004,35,8,43,-0.172,60,10,10,found,0.975,0.984,1,,,,,
059003.000071,0,0,,17/2,e,19649.67,19649.6674,-0.0026,6,3,9,-0.024,11,10,8,found,0.786,0.789,1,,,,,
059003.000072,0,0,,11/2,e,19700.9,19700.9075,0.0075,38,15,53,0.397,71,10,8,found,0.839,0.863,7,,,,,
059003.000073,0,0,,7/2,e,19872.43,19872.4269,-0.0031,53,12,65,-0.2,94,10,10,found,0.925,0.946,5,,,,,
059003.000539,1,1,N,1/2,e,20096.73,20096.7057,-0.0243,0,5,5,-0.121,15,10,5,found,0.924,0.991,0,0.0,0.0,0.0,,
059003.000074,0,0,,3/2,e,20160.36,20160.3557,-0.0043,12,5,17,-0.074,31,10,8,found,0.845,0.887,0,,,,,
059003.000075,0,0,,9/2,e,20315.65,20315.6483,-0.0017,26,6,32,-0.054,62,10,10,found,0.948,0.969,3,,,,,
059003.000076,0,0,,5/2,e,20848.39,20848.3761,-0.0139,30,10,40,-0.555,67,10,10,found,0.867,0.918,5,,,,,
059003.000078,0,1,,3/2,e,21148.43,21148.43,0.0,11,13,24,0.0,36,10,9,found,0.897,0.932,4,0.0,0.0,0.0,,
059003.000079,0,0,,13/2,e,21238.78,21238.7851,0.0051,27,13,40,0.202,49,10,10,found,0.977,0.981,1,,,,,
059003.000080,0,0,,7/2,e,21294.89,21294.8875,-0.0025,51,11,62,-0.158,86,10,6,found,0.732,0.758,4,,,,,
059003.000081,0,0,,5/2,e,21418.84,21418.8331,-0.0069,26,7,33,-0.226,60,10,9,found,0.829,0.873,4,,,,,
059003.000082,0,0,,9/2,e,21535.17,21535.1625,-0.0075,51,17,68,-0.509,88,10,9,found,0.884,0.905,12,,,,,
059003.000540,1,1,N,1/2,e,21598.58,21598.5822,0.0022,0,9,9,0.019,15,10,7,missing,0.584,0.617,2,0.0,0.0,0.0,retained,the strongest predicted transition of the level is absent and nothing hides it
059003.000083,0,0,,5/2,e,21611.19,21611.1788,-0.0112,38,9,47,-0.527,69,10,9,found,0.889,0.93,6,,,,,
059003.000084,0,0,,11/2,e,21755.84,21755.8387,-0.0013,24,8,32,-0.04,63,10,7,found,0.906,0.928,3,,,,,
059003.000085,0,0,,7/2,e,22080.94,22080.9414,0.0014,43,7,50,0.068,83,10,9,found,0.829,0.869,6,,,,,
059003.000086,0,0,,3/2,e,22277.66,22277.6633,0.0033,17,9,26,0.086,39,10,8,found,0.723,0.756,4,,,,,
059003.000087,0,0,,7/2,e,22527.7,22527.7018,0.0018,39,15,54,0.095,85,10,9,found,0.842,0.885,8,,,,,
059003.000088,0,0,,9/2,e,22747.69,22747.6779,-0.0121,41,14,55,-0.668,76,10,9,found,0.883,0.903,6,,,,,
059003.000089,0,0,,3/2,e,23050.61,23050.6166,0.0066,18,5,23,0.151,45,10,7,found,0.733,0.786,1,,,,,
059003.000091,0,0,,13/2,e,23175.09,23175.0864,-0.0036,27,10,37,-0.134,56,10,10,found,0.977,0.985,0,,,,,
059003.000093,0,0,,11/2,e,23442.25,23442.2493,-0.0007,47,4,51,-0.034,74,10,10,found,0.951,0.97,4,,,,,
059003.000095,0,0,,5/2,e,23532.86,23532.8662,0.0062,35,11,46,0.285,80,10,8,found,0.713,0.767,8,,,,,
059003.000096,0,0,,13/2,e,23647.77,23647.7679,-0.0021,32,12,44,-0.095,57,10,9,found,0.921,0.933,5,,,,,
059003.000097,0,0,,7/2,e,23651.88,23651.8847,0.0047,43,18,61,0.284,87,10,9,found,0.858,0.883,6,,,,,
059003.000098,0,0,,5/2,e,23751.57,23751.5467,-0.0233,23,8,31,-0.723,68,10,8,found,0.716,0.853,7,,,,,
059003.000099,0,0,,9/2,e,23844.58,23844.577,-0.003,53,15,68,-0.201,89,10,10,found,0.939,0.958,6,,,,,
059003.000100,0,1,,1/2,e,23955.37,23955.3105,-0.0595,0,7,7,-0.417,13,10,5,found,0.795,0.845,1,0.0,0.0,0.0,,
059003.000101,0,0,,3/2,e,24250.62,24250.6148,-0.0052,15,8,23,-0.12,46,10,8,found,0.759,0.835,4,,,,,
059003.000102,0,0,,3/2,e,24309.2,24309.1968,-0.0032,13,12,25,-0.08,38,10,8,found,0.855,0.904,5,,,,,
059003.000104,0,0,,5/2,e,24461.24,24461.2244,-0.0156,34,14,48,-0.75,72,10,10,found,0.835,0.876,4,,,,,
059003.000105,0,0,,7/2,e,24470.9,24470.8906,-0.0094,35,9,44,-0.414,74,10,8,found,0.753,0.806,7,,,,,
059003.000106,0,0,,9/2,e,24788.02,24788.0253,0.0053,45,10,55,0.289,73,10,8,found,0.698,0.722,14,,,,,
059003.000108,0,0,,9/2,e,25033.91,25033.91,0.0,44,15,59,0.0,87,10,10,found,0.908,0.93,2,,,,,
059003.000111,0,0,,7/2,e,25409.74,25409.7384,-0.0016,49,12,61,-0.1,79,10,6,missing,0.697,0.713,8,,,,,
059003.000112,0,0,,5/2,e,25934.98,25934.9716,-0.0084,36,13,49,-0.412,72,10,8,found,0.811,0.844,10,,,,,
059003.000113,0,0,,15/2,e,25979.34,25979.3243,-0.0157,15,9,24,-0.378,35,10,9,found,0.891,0.898,0,,,,,
059003.000114,0,0,,11/2,e,26095.23,26095.2196,-0.0104,37,11,48,-0.501,65,10,10,found,0.928,0.948,8,,,,,
059003.000115,0,0,,7/2,e,26446.97,26446.9627,-0.0073,48,9,57,-0.418,72,10,9,found,0.87,0.886,6,,,,,
059003.000119,0,0,,7/2,e,27138.55,27138.548,-0.002,49,7,56,-0.111,85,10,9,found,0.826,0.86,6,,,,,
059003.000120,0,0,,11/2,e,27380.31,27380.2936,-0.0164,40,5,45,-0.738,64,10,8,missing,0.728,0.752,10,,,,,
059003.000121,0,0,,5/2,e,27452.45,27452.4521,0.0021,25,11,36,0.076,48,10,9,found,0.915,0.939,5,,,,,
059003.000123,0,0,,9/2,e,27604.26,27604.2626,0.0026,46,11,57,0.146,74,10,10,found,0.877,0.895,8,,,,,
059003.000125,0,0,,7/2,e,28399.43,28399.4542,0.0242,10,5,15,0.364,27,10,10,found,0.975,0.988,0,,,,,
059003.000126,0,0,,9/2,e,28720.71,28720.7122,0.0022,56,11,67,0.146,85,10,9,found,0.893,0.905,7,,,,,
059003.000127,0,0,,9/2,e,28885.14,28885.0917,-0.0483,30,9,39,-1.885,60,10,10,found,0.971,0.982,8,,,,,
059003.000128,0,0,,3/2,e,28936.46,28936.4484,-0.0116,9,3,12,-0.139,24,10,6,found,0.87,0.932,3,,,,,
059003.000129,0,0,,13/2,e,29263.08,29263.0666,-0.0134,33,4,37,-0.497,61,10,10,found,0.962,0.978,1,,,,,
059003.000130,0,0,,5/2,e,29267.86,29267.8632,0.0032,30,12,42,0.133,59,10,8,found,0.852,0.879,5,,,,,
059003.000131,0,0,,9/2,e,29835.09,29835.0836,-0.0064,44,9,53,-0.342,86,10,9,found,0.827,0.87,5,,,,,
059003.000132,0,0,,11/2,e,30505.72,30505.6944,-0.0256,44,8,52,-1.331,79,10,9,found,0.855,0.875,1,,,,,
059003.000133,0,0,,11/2,e,30733.53,30733.5172,-0.0128,19,7,26,-0.332,46,10,10,found,0.977,0.996,2,,,,,
059003.000134,0,0,,9/2,e,30994.55,30994.5769,0.0269,25,6,31,0.833,51,10,10,found,0.952,0.966,3,,,,,
059003.000135,0,0,,7/2,e,31254.71,31254.7199,0.0099,28,15,43,0.428,53,10,8,found,0.839,0.864,8,,,,,
059003.000137,0,0,,1/2,e,31803.7,31803.6891,-0.0109,5,1,6,-0.065,9,9,6,found,0.979,0.989,0,,,,,
059003.000138,0,0,,3/2,e,32288.92,32288.9107,-0.0093,9,4,13,-0.12,15,10,8,found,0.979,0.991,3,,,,,
059003.000139,0,0,,13/2,e,32760.11,32760.1093,-0.0007,15,5,20,-0.015,27,10,10,found,0.995,0.997,1,,,,,
059003.000140,0,0,,3/2,e,33338.37,33338.3571,-0.0129,9,3,12,-0.155,19,10,8,found,0.815,0.835,1,,,,,
059003.000141,0,0,,11/2,e,33466.41,33466.3874,-0.0226,24,3,27,-0.611,42,10,10,found,0.959,0.978,1,,,,,
059003.000142,0,0,,5/2,e,33659.99,33660.0031,0.0131,22,5,27,0.354,40,10,10,found,0.983,0.992,2,,,,,
059003.000143,0,0,,1/2,e,34198.61,34198.5995,-0.0105,7,1,8,-0.084,12,10,5,found,0.888,0.928,2,,,,,
059003.000144,0,0,,5/2,e,34520.27,34520.2696,-0.0004,30,12,42,-0.017,58,10,9,found,0.865,0.91,11,,,,,
059003.000145,0,0,,7/2,e,34825.49,34825.4741,-0.0159,20,4,24,-0.381,55,10,10,found,0.93,0.971,2,,,,,
059003.000146,0,0,,7/2,e,35024.49,35024.4863,-0.0037,46,5,51,-0.187,85,10,9,found,0.833,0.873,6,,,,,
059003.000147,0,0,,3/2,e,35137.82,35137.8273,0.0073,12,4,16,0.116,30,10,9,found,0.909,0.969,1,,,,,
059003.000148,0,0,,9/2,e,35291.0,35290.9715,-0.0285,23,7,30,-0.855,51,10,9,found,0.913,0.933,3,,,,,
059003.000149,0,0,,5/2,e,35384.17,35384.1851,0.0151,20,7,27,0.409,39,10,10,found,0.953,0.97,2,,,,,
059003.000150,0,0,,7/2,e,35801.12,35801.1416,0.0216,27,6,33,0.714,58,10,8,found,0.883,0.911,3,,,,,
059003.000151,0,0,,9/2,e,35828.46,35828.4471,-0.0129,29,5,34,-0.438,70,10,9,found,0.867,0.916,4,,,,,
059003.000152,0,0,,3/2,e,35863.74,35863.7421,0.0021,14,6,20,0.041,21,10,8,found,0.945,0.971,8,,,,,
059003.000153,0,0,,7/2,e,36640.38,36640.3815,0.0015,38,11,49,0.071,60,10,9,found,0.878,0.918,16,,,,,
059003.000154,0,0,,13/2,e,36642.13,36642.1073,-0.0227,28,12,40,-0.907,47,10,9,found,0.963,0.968,4,,,,,
059003.000155,0,0,,5/2,e,36652.29,36652.2805,-0.0095,19,9,28,-0.266,41,10,10,found,0.887,0.93,7,,,,,
059003.000156,0,0,,11/2,e,36670.57,36670.5585,-0.0115,19,9,28,-0.321,49,10,10,found,0.932,0.962,5,,,,,
059003.000157,0,0,,1/2,e,36683.21,36683.2187,0.0087,6,3,9,0.078,11,10,6,found,0.961,0.989,3,,,,,
059003.000158,0,0,,5/2,e,37011.92,37011.9199,-0.0001,23,9,32,-0.003,50,10,8,found,0.818,0.851,5,,,,,
059003.000159,0,0,,3/2,e,37197.64,37197.632,-0.008,17,6,23,-0.184,31,10,8,found,0.887,0.917,3,,,,,
059003.000160,0,0,,7/2,e,37919.58,37919.5903,0.0103,21,8,29,0.297,46,10,7,found,0.764,0.82,7,,,,,
059003.000161,0,0,,9/2,e,38448.38,38448.3354,-0.0446,24,3,27,-1.205,53,10,10,found,0.967,0.989,5,,,,,
059003.000162,0,0,,1/2,e,38549.9,38549.8934,-0.0066,12,2,14,-0.093,14,10,6,found,0.756,0.792,6,,,,,
059003.000163,0,0,,5/2,e,38694.51,38694.482,-0.028,14,6,20,-0.561,33,10,6,found,0.709,0.788,5,,,,,
059003.000164,0,0,,13/2,e,38701.59,38701.5882,-0.0018,26,5,31,-0.057,52,10,9,found,0.938,0.954,4,,,,,
059003.000165,0,0,,7/2,e,38726.5,38726.5157,0.0157,21,3,24,0.376,54,10,8,found,0.893,0.925,2,,,,,
059003.000166,0,0,,15/2,e,38785.76,38785.7556,-0.0044,19,6,25,-0.11,34,10,9,found,0.96,0.975,3,,,,,
059003.000167,0,0,,9/2,e,39024.27,39024.2646,-0.0054,21,8,29,-0.157,53,10,10,found,0.893,0.948,5,,,,,
059003.000168,0,0,,3/2,e,39120.4,39120.4774,0.0774,13,2,15,1.161,20,10,8,found,0.908,0.936,2,,,,,
059003.000170,0,0,,1/2,e,39485.48,39485.4606,-0.0194,4,0,4,-0.078,12,10,3,faint,0.161,0.205,1,,,,,
059003.000171,0,0,,15/2,e,39725.99,39726.0019,0.0119,18,3,21,0.251,30,10,9,found,0.94,0.954,3,,,,,
059003.000172,0,0,,11/2,e,39732.99,39733.001,0.011,29,7,36,0.398,56,10,10,found,0.93,0.947,4,,,,,
059003.000173,0,0,,9/2,e,39870.17,39870.2037,0.0337,26,14,40,1.349,63,10,7,found,0.844,0.878,11,,,,,
059003.000175,0,0,,5/2,e,40098.66,40098.6766,0.0166,18,4,22,0.365,30,10,8,found,0.912,0.931,4,,,,,
059003.000176,0,0,,3/2,e,40205.74,40205.75,0.01,14,7,21,0.21,25,10,8,found,0.724,0.775,6,,,,,
059003.000177,0,0,,7/2,e,41023.98,41023.987,0.007,13,4,17,0.119,26,10,10,found,0.968,0.98,1,,,,,
059003.000178,0,0,,17/2,e,41026.87,41026.8659,-0.0041,6,2,8,-0.033,9,9,8,found,0.999,1.0,0,,,,,
059003.000179,0,0,,7/2,e,44679.98,44679.9488,-0.0312,27,8,35,-1.092,63,10,9,found,0.859,0.891,5,,,,,
059003.000180,0,0,,5/2,e,44903.42,44903.3795,-0.0405,21,16,37,-1.497,57,10,8,missing,0.569,0.583,9,,,,,
059003.000181,0,0,,9/2,e,45805.95,45805.9658,0.0158,18,9,27,0.426,42,10,9,found,0.934,0.95,4,,,,,
059003.000182,0,0,,5/2,e,45807.1,45807.1174,0.0174,14,1,15,0.26,23,10,8,found,0.976,0.984,4,,,,,
059003.000183,0,0,,3/2,e,45844.65,45844.6362,-0.0138,10,4,14,-0.194,23,10,7,missing,0.687,0.692,3,,,,,
059003.000184,0,1,N,7/2,e,46783.64,46783.79,0.15,0,10,10,1.5,31,10,5,found,0.701,0.747,1,0.0,0.0,0.0,,
059003.000185,0,0,,3/2,e,48401.64,48401.6344,-0.0056,10,6,16,-0.09,24,10,7,found,0.779,0.832,5,,,,,
059003.000186,0,0,,5/2,e,48745.48,48745.4677,-0.0123,9,8,17,-0.209,39,10,9,found,0.872,0.938,2,,,,,
059003.000187,0,0,,3/2,e,50227.79,50227.8493,0.0593,10,1,11,0.653,18,10,8,found,0.971,0.974,0,,,,,
059003.000188,0,0,,11/2,e,50647.35,50647.4283,0.0783,7,5,12,0.939,22,10,10,found,0.991,0.997,0,,,,,
059003.000189,0,0,,13/2,e,50658.72,50658.6673,-0.0527,7,5,12,-0.633,18,10,8,found,0.902,0.905,2,,,,,
059003.000190,0,0,,1/2,e,50869.3,50869.2393,-0.0607,6,1,7,-0.425,12,10,5,found,0.853,0.939,2,,,,,
059003.000191,0,0,,5/2,e,51312.8,51312.791,-0.009,4,1,5,-0.045,17,10,4,found,0.945,1.0,1,,,,,
059003.000192,0,0,,3/2,e,52026.9,52026.9163,0.0163,7,4,11,0.179,21,10,8,found,0.963,0.975,1,,,,,
059003.000541,1,1,N,7/2,e,100214.99,100215.0102,0.0202,0,11,11,0.223,19,10,8,found,0.764,0.776,0,0.0,0.0,0.0,,
059003.000314,0,0,,9/2,e,100321.12,100321.0957,-0.0243,6,5,11,-0.267,17,10,7,found,0.873,0.888,0,,,,,
059003.000315,0,0,,9/2,e,100430.29,100430.3437,0.0537,5,4,9,0.483,14,10,4,found,0.627,0.642,5,,,,,
059003.000316,0,0,,11/2,e,100625.04,100625.0566,0.0166,4,3,7,0.116,14,10,5,found,0.926,0.945,1,,,,,
059003.000317,0,0,,7/2,e,100788.95,100789.0008,0.0508,7,4,11,0.558,19,10,9,found,0.952,0.96,1,,,,,
059003.000318,0,0,,9/2,e,100947.18,100947.1636,-0.0164,6,2,8,-0.131,26,10,6,found,0.885,0.95,0,,,,,
059003.000319,0,0,,5/2,e,101071.43,101071.4064,-0.0236,5,2,7,-0.165,16,10,6,found,0.97,0.983,0,,,,,
059003.000320,0,0,,11/2,e,101165.33,101165.3291,-0.0009,7,5,12,-0.011,20,10,8,found,0.937,0.948,1,,,,,
059003.000321,0,0,,7/2,e,101446.27,101446.2887,0.0187,8,1,9,0.168,26,10,7,found,0.878,0.945,1,,,,,
059003.000322,0,0,,5/2,e,101665.58,101665.5329,-0.0471,6,2,8,-0.377,21,10,6,found,0.792,0.826,1,,,,,
059003.000323,0,1,,13/2,e,101680.38,101680.4505,0.0705,4,5,9,0.635,14,10,6,found,0.976,0.989,2,0.0,0.0,0.0,,
059003.000542,1,1,,3/2,e,101778.0,101777.979,-0.021,0,3,3,-0.063,12,10,3,found,0.947,1.0,0,0.0,0.0,0.0,,
059003.000324,0,0,,11/2,e,102435.67,102435.6133,-0.0567,6,6,12,-0.681,21,10,9,found,0.965,0.98,1,,,,,
059003.000325,0,0,,9/2,e,102484.66,102484.6282,-0.0318,7,5,12,-0.381,23,10,8,found,0.901,0.921,0,,,,,
059003.000326,0,0,,11/2,e,102617.24,102617.2993,0.0593,6,6,12,0.712,16,10,7,found,0.991,0.998,4,,,,,
059003.000327,0,1,,9/2,e,102830.43,102830.4647,0.0347,6,7,13,0.451,22,10,6,found,0.871,0.883,5,0.0,0.0,0.0,,
059003.000328,0,0,,13/2,e,102981.94,102981.8895,-0.0505,7,4,11,-0.556,20,10,6,found,0.965,0.974,2,,,,,
059003.000329,0,0,,7/2,e,103308.53,103308.5169,-0.0131,5,2,7,-0.091,23,10,6,found,0.957,0.986,0,,,,,
059003.000330,0,0,,9/2,e,103335.06,103335.0578,-0.0022,7,2,9,-0.02,26,10,6,found,0.799,0.94,2,,,,,
059003.000331,0,0,,11/2,e,103344.35,103344.3594,0.0094,8,5,13,0.123,22,10,8,found,0.976,0.987,2,,,,,
059003.000332,0,0,,15/2,e,103484.19,103484.1356,-0.0544,4,2,6,-0.327,9,9,3,found,0.956,0.971,3,,,,,
059003.000333,0,0,,13/2,e,103805.38,103805.3753,-0.0047,6,0,6,-0.028,18,10,6,found,0.89,0.942,0,,,,,
059003.000334,0,0,,7/2,e,103895.83,103895.8377,0.0077,4,4,8,0.062,21,10,5,found,0.926,0.969,1,,,,,
059003.000543,1,1,N,5/2,e,103973.35,103973.3622,0.0122,0,5,5,0.061,14,10,5,found,0.955,0.987,0,0.0,0.0,0.0,,
059003.000335,0,0,,13/2,e,104598.99,104598.9195,-0.0705,4,4,8,-0.564,17,10,6,found,0.826,0.857,1,,,,,
059003.000336,0,0,,11/2,e,104788.68,104788.6303,-0.0497,6,1,7,-0.348,19,10,3,found,0.422,0.681,3,,,,,
059003.000337,0,1,,11/2,e,104904.55,104904.5609,0.0109,4,5,9,0.098,24,10,3,found,0.816,0.848,3,0.0,0.0,0.0,,
059003.000338,0,0,,13/2,e,105019.06,105019.0474,-0.0126,9,4,13,-0.164,21,10,9,found,0.972,0.979,4,,,,,
059003.000339,0,0,,15/2,e,105049.72,105049.7236,0.0036,5,5,10,0.036,14,10,7,found,0.995,0.997,1,,,,,
059003.000544,1,1,N,3/2,e,105191.13,105191.0079,-0.1221,0,5,5,-0.611,5,5,5,found,1.0,1.0,0,0.0,0.0,0.0,,
059003.000545,1,1,N,5/2,e,105338.51,105338.4981,-0.0119,0,7,7,-0.083,8,8,4,found,0.599,0.723,3,0.0,0.0,0.0,,
059003.000340,0,0,,11/2,e,105450.18,105450.2151,0.0351,5,2,7,0.246,19,10,5,found,0.756,0.811,2,,,,,
059003.000546,1,1,N,17/2,e,105485.3,105485.285,-0.015,0,3,3,-0.045,6,6,3,found,0.996,1.0,0,0.0,0.0,0.0,,
059003.000547,1,1,N,7/2,e,105534.64,105534.6423,0.0023,0,3,3,0.007,7,7,3,found,0.923,0.963,0,0.0,0.0,0.0,,
059003.000341,0,0,,9/2,e,105566.62,105566.6121,-0.0079,6,3,9,-0.071,22,10,4,found,0.856,0.888,3,,,,,
059003.000342,0,1,,13/2,e,105632.16,105632.1248,-0.0352,6,7,13,-0.458,24,10,6,found,0.805,0.816,2,0.0,0.0,0.0,,
059003.000548,1,1,N,9/2,e,106153.75,106153.7186,-0.0314,0,6,6,-0.189,20,10,4,found,0.659,0.722,2,0.0,0.0,0.0,,
059003.000549,1,1,N,7/2,e,106224.22,106224.1874,-0.0326,0,6,6,-0.196,12,10,3,missing,0.276,0.305,3,0.0,0.0,0.0,retained,the strongest predicted transition of the level is absent and nothing hides it
059003.000550,1,1,N,9/2,e,106306.51,106306.5045,-0.0055,0,5,5,-0.027,14,10,5,found,0.593,0.604,0,0.0,0.0,0.0,,
059003.000551,1,1,N,5/2,e,106384.65,106384.5394,-0.1106,0,3,3,-0.332,10,10,3,found,0.883,1.0,0,0.0,0.0,0.0,,
059003.000552,1,1,N,15/2,e,106394.09,106394.1012,0.0112,0,9,9,0.101,12,10,6,masked,0.448,0.456,2,0.0,0.0,0.0,,
059003.000553,1,1,N,7/2,e,106468.42,106468.4056,-0.0144,0,2,2,-0.029,12,10,2,found,0.678,1.0,0,0.0,0.0,0.0,,
059003.000343,0,0,,7/2,e,106665.07,106665.0867,0.0167,4,2,6,0.1,5,5,4,found,0.715,0.804,2,,,,,
059003.000344,0,0,,5/2,e,106745.65,106745.658,0.008,3,2,5,0.04,5,5,4,found,0.778,0.897,1,,,,,
059003.000345,0,0,,9/2,e,107081.94,107081.9234,-0.0166,6,1,7,-0.116,9,9,5,found,0.678,0.797,2,,,,,
059003.000554,1,1,N,9/2,e,107177.8,107177.8235,0.0235,0,6,6,0.141,14,10,3,found,0.746,0.955,3,0.0,0.0,0.0,,
059003.000555,1,1,N,7/2,e,107223.2,107223.1785,-0.0215,0,5,5,-0.107,6,6,5,found,0.851,0.905,0,0.0,0.0,0.0,,
059003.000556,1,1,N,5/2,e,107262.71,107262.704,-0.006,0,4,4,-0.024,12,10,2,found,0.838,1.0,2,0.0,0.0,0.0,,
059003.000346,0,0,,7/2,e,107299.07,107299.0606,-0.0094,6,1,7,-0.066,13,10,4,found,0.913,1.0,3,,,,,
059003.000557,1,1,N,11/2,e,107403.91,107403.9837,0.0737,0,3,3,0.221,7,7,3,found,0.749,0.754,0,0.0,0.0,0.0,,
059003.000558,1,1,N,11/2,e,107697.07,107697.0534,-0.0166,0,6,6,-0.1,15,10,4,found,0.816,0.925,2,0.0,0.0,0.0,,
059003.000347,0,0,,9/2,e,107854.46,107854.4573,-0.0027,6,4,10,-0.027,17,10,5,found,0.652,0.744,5,,,,,
059003.000559,1,1,N,13/2,e,107978.56,107978.5755,0.0155,0,3,3,0.046,6,6,3,found,0.995,1.0,0,0.0,0.0,0.0,,
059003.000348,0,0,,11/2,e,108559.4,108559.3856,-0.0144,7,2,9,-0.13,15,10,8,found,0.951,0.971,0,,,,,
059003.000560,1,1,N,9/2,e,108574.0,108573.9948,-0.0052,0,7,7,-0.036,15,10,6,found,0.893,0.911,1,0.0,0.0,0.0,,
059003.000561,1,1,N,11/2,e,111039.75,111039.6476,-0.1024,0,3,3,-0.307,5,5,2,found,0.995,1.0,1,0.0,0.0,0.0,,
059003.000562,1,1,N,13/2,e,111193.29,111193.2034,-0.0866,0,2,2,-0.173,5,5,2,found,0.985,1.0,0,0.0,0.0,0.0,,
059003.000563,1,1,N,9/2,e,113854.23,113854.3794,0.1494,0,7,7,1.046,16,10,4,found,0.632,0.778,0,0.0,0.0,0.0,,
059003.000564,1,1,N,7/2,e,115439.45,115439.4782,0.0282,0,4,4,0.113,11,10,4,found,0.756,1.0,0,0.0,0.0,0.0,,
059003.000565,1,1,N,9/2,e,119225.52,119225.7168,0.1968,0,5,5,0.984,13,10,3,missing,0.255,0.524,2,0.0,0.0,0.0,retained,the strongest predicted transition of the level is absent and nothing hides it
059003.000566,1,1,N,11/2,e,121143.3,121143.3573,0.0573,0,4,4,0.229,16,10,3,missing,0.371,0.805,1,0.0,0.0,0.0,retained,the strongest predicted transition of the level is absent and nothing hides it
059003.000567,1,1,N,13/2,e,122932.6,122932.6294,0.0294,0,4,4,0.118,9,9,4,found,0.605,0.752,0,0.0,0.0,0.0,,
059003.000568,1,1,N,13/2,e,124594.4,124594.4831,0.0831,0,3,3,0.249,8,8,3,found,0.883,1.0,0,0.0,0.0,0.0,,
059003.000569,1,1,N,15/2,e,125145.1,125145.191,0.091,0,3,3,0.273,4,4,3,missing,0.597,0.622,0,0.0,0.0,0.0,retained,the strongest predicted transition of the level is absent and nothing hides it
059003.000570,1,1,N,11/2,e,126743.3,126743.2923,-0.0077,0,6,6,-0.046,8,8,6,found,0.911,0.98,0,0.0,0.0,0.0,,
059003.000571,1,1,N?,7/2,e,129009.15,129009.2244,0.0744,0,6,6,0.447,14,10,6,found,0.635,0.772,0,0.0,0.0,0.0,,
059003.000419,0,0,,9/2,e,129106.1,129105.9325,-0.1675,5,2,7,-1.173,15,10,6,found,0.749,0.931,0,,,,,
059003.000572,1,1,N,9/2,e,129454.45,129454.5008,0.0508,0,5,5,0.254,13,10,4,masked,0.106,0.122,0,0.0,0.0,0.0,,
059003.000573,1,1,N,9/2,e,129744.09,129744.1094,0.0194,0,6,6,0.116,16,10,5,missing,0.511,0.715,1,0.0,0.0,0.0,retained,the strongest predicted transition of the level is absent and nothing hides it
059003.000574,1,1,N,11/2,e,129934.5,129934.4927,-0.0073,0,8,8,-0.058,12,10,6,found,0.725,0.858,2,0.0,0.0,0.0,,
059003.000575,1,1,N?,13/2,e,130218.64,130218.7218,0.0818,0,4,4,0.327,8,8,3,missing,0.44,0.566,1,0.0,0.0,0.0,retained,the strongest predicted transition of the level is absent and nothing hides it
059003.000420,0,1,,11/2,e,131200.3,131200.162,-0.138,4,5,9,-1.242,20,10,6,missing,0.3,0.333,0,0.0,0.0,0.0,retained,the strongest predicted transition of the level is absent and nothing hides it
059003.000421,0,0,,9/2,e,131226.3,131226.0502,-0.2498,7,7,14,-3.497,21,10,7,found,0.754,0.862,2,,,,,
059003.000576,1,1,N,13/2,e,131788.15,131788.0918,-0.0582,0,5,5,-0.291,12,10,4,found,0.848,0.928,0,0.0,0.0,0.0,,
059003.000577,1,1,N,13/2,e,131980.0,131979.8223,-0.1777,0,3,3,-0.533,12,10,3,found,0.393,0.712,0,0.0,0.0,0.0,,
059003.000426,0,0,,13/2,e,133393.2,133392.8993,-0.3007,5,5,10,-3.007,16,10,8,found,0.868,0.921,0,,,,,
059003.000427,0,0,,11/2,e,133503.9,133503.7483,-0.1517,8,2,10,-1.517,15,10,7,missing,0.639,0.698,0,,,,,
059003.000578,1,1,N,11/2,e,134394.16,134394.2236,0.0636,0,2,2,0.127,6,6,2,found,0.66,1.0,0,0.0,0.0,0.0,,
059003.000579,1,1,N,13/2,e,134402.02,134402.1423,0.1223,0,3,3,0.367,6,6,3,found,0.912,1.0,0,0.0,0.0,0.0,,
059003.000580,1,1,N,11/2,e,134402.83,134402.9927,0.1627,0,4,4,0.651,6,6,3,found,0.789,0.913,1,0.0,0.0,0.0,,
059003.000581,1,1,N,9/2,e,134405.44,134405.4889,0.0489,0,3,3,0.147,6,6,3,masked,0.371,0.405,0,0.0,0.0,0.0,,
059003.000582,1,1,N,7/2,e,134425.98,134426.1031,0.1231,0,5,5,0.616,5,5,4,found,0.752,0.797,1,0.0,0.0,0.0,,
059003.000583,1,1,N,13/2,e,134428.63,134428.7214,0.0914,0,3,3,0.274,4,4,3,found,0.991,1.0,0,0.0,0.0,0.0,,
059003.000584,1,1,N,15/2,e,134433.41,134433.5546,0.1446,0,3,3,0.434,5,5,2,found,0.662,0.792,1,0.0,0.0,0.0,,
059003.000585,1,1,N,5/2,e,134454.31,134454.3952,0.0852,0,2,2,0.17,5,5,2,found,0.518,0.872,0,0.0,0.0,0.0,,
059003.000586,1,1,N,7/2,e,134454.76,134454.8942,0.1342,0,2,2,0.268,5,5,2,found,0.835,1.0,0,0.0,0.0,0.0,,
059003.000587,1,1,N,3/2,e,134480.15,134480.2237,0.0737,0,2,2,0.147,3,3,2,found,0.825,1.0,0,0.0,0.0,0.0,,
059003.000588,1,1,N,5/2,e,134480.72,134480.8532,0.1332,0,3,3,0.4,4,4,3,found,0.885,1.0,0,0.0,0.0,0.0,,
059003.000589,1,1,N,3/2,e,134488.7,134488.5842,-0.1158,0,2,2,-0.232,4,4,2,found,0.655,0.827,0,0.0,0.0,0.0,,
059003.000590,1,1,N,15/2,e,134492.68,134492.7694,0.0894,0,1,1,0.089,2,2,1,found,0.994,1.0,0,0.0,0.0,0.0,,
059003.000591,1,1,N,17/2,e,134496.12,134496.2602,0.1402,0,1,1,0.14,3,3,1,found,0.598,1.0,0,0.0,0.0,0.0,,
059003.000428,0,0,,7/2,e,135445.2,135445.1797,-0.0203,9,1,10,-0.203,13,10,7,found,0.794,0.906,3,,,,,
059003.000429,0,0,,9/2,e,135868.8,135868.7304,-0.0696,7,0,7,-0.487,11,10,6,found,0.818,0.98,1,,,,,
059003.000592,1,1,N,13/2,e,136554.97,136555.0395,0.0695,0,2,2,0.139,7,7,2,found,0.577,0.999,0,0.0,0.0,0.0,,
059003.000593,1,1,N,11/2,e,136555.45,136555.5292,0.0792,0,5,5,0.396,9,9,5,found,0.824,0.998,0,0.0,0.0,0.0,,
059003.000594,1,1,N,13/2,e,136557.98,136558.0652,0.0852,0,5,5,0.426,7,7,4,found,0.819,0.934,1,0.0,0.0,0.0,,
059003.000595,1,1,N,15/2,e,136559.59,136559.6633,0.0733,0,3,3,0.22,6,6,3,found,0.655,0.708,0,0.0,0.0,0.0,,
059003.000596,1,1,N,11/2,e,136570.81,136570.8512,0.0412,0,5,5,0.206,8,8,5,found,0.778,0.877,0,0.0,0.0,0.0,,
059003.000597,1,1,N,9/2,e,136572.21,136572.2449,0.0349,0,6,6,0.209,7,7,6,found,0.944,0.978,0,0.0,0.0,0.0,,
059003.000598,1,1,N,17/2,e,136589.34,136589.4716,0.1316,0,2,2,0.263,4,4,2,found,0.93,1.0,0,0.0,0.0,0.0,,
059003.000599,1,1,N,15/2,e,136589.44,136589.4266,-0.0134,0,1,1,-0.013,8,8,1,masked,0.268,0.782,0,0.0,0.0,0.0,,
059003.000600,1,1,N,7/2,e,136638.4947,136638.4916,-0.0031,0,3,3,-0.009,7,7,3,found,0.681,0.979,0,0.0,0.0,0.0,,
059003.000601,1,1,N,9/2,e,136596.63,136596.6818,0.0518,0,5,5,0.259,8,8,5,found,0.807,0.905,0,0.0,0.0,0.0,,
059003.000602,1,1,N,5/2,e,136620.17,136620.1245,-0.0455,0,5,5,-0.228,7,7,4,found,0.819,0.959,1,0.0,0.0,0.0,,
059003.000603,1,1,N,5/2,e,136641.8,136641.76,-0.04,0,2,2,-0.08,5,5,2,found,0.68,1.0,0,0.0,0.0,0.0,,
059003.000604,1,1,,3/2,e,136641.9,136642.0186,0.1186,0,2,2,0.237,3,3,2,found,0.945,1.0,0,0.0,0.0,0.0,,
059003.000605,1,1,N,19/2,e,136649.4,136649.5962,0.1962,0,1,1,0.196,2,2,1,found,0.794,1.0,0,0.0,0.0,0.0,,
059003.000606,1,1,N,17/2,e,136650.9,136650.9323,0.0323,0,2,2,0.065,3,3,2,found,0.814,0.847,0,0.0,0.0,0.0,,
059003.000607,1,1,N,13/2,e,138783.5,138783.4822,-0.0178,0,2,2,-0.036,9,9,2,found,0.417,0.61,0,0.0,0.0,0.0,,
059003.000608,1,1,N,15/2,e,138787.95,138787.9465,-0.0035,0,5,5,-0.018,8,8,5,found,0.886,0.994,0,0.0,0.0,0.0,,
059003.000609,1,1,N,15/2,e,138794.58,138794.5875,0.0075,0,4,4,0.03,7,7,3,found,0.804,1.0,1,0.0,0.0,0.0,,
059003.000610,1,1,N,17/2,e,138796.56,138796.5123,-0.0477,0,3,3,-0.143,6,6,3,found,0.923,1.0,0,0.0,0.0,0.0,,
059003.000611,1,1,N,13/2,e,138799.39,138799.4266,0.0366,0,3,3,0.11,8,8,3,found,0.571,0.746,0,0.0,0.0,0.0,,
059003.000612,1,1,N,11/2,e,138799.91,138799.9197,0.0097,0,4,4,0.039,8,8,4,masked,0.499,0.595,0,0.0,0.0,0.0,,
059003.000613,1,1,N,9/2,e,138822.38,138822.3959,0.0159,0,4,4,0.064,8,8,4,found,0.591,0.744,0,0.0,0.0,0.0,,
059003.000614,1,1,N,11/2,e,138822.4,138822.4131,0.0131,0,5,5,0.065,8,8,5,faint,0.586,0.695,0,0.0,0.0,0.0,,
059003.000615,1,1,N,19/2,e,138827.78,138827.727,-0.053,0,2,2,-0.106,3,3,2,found,0.97,1.0,0,0.0,0.0,0.0,,
059003.000616,1,1,N,17/2,e,138833.55,138833.5107,-0.0393,0,2,2,-0.079,6,6,2,found,0.533,0.708,0,0.0,0.0,0.0,,
059003.000617,1,1,N,9/2,e,138849.86,138849.8856,0.0256,0,3,3,0.077,7,7,3,found,0.517,0.704,0,0.0,0.0,0.0,,
059003.000618,1,1,N,7/2,e,138874.91,138874.903,-0.007,0,4,4,-0.028,8,8,4,faint,0.596,0.884,0,0.0,0.0,0.0,,
059003.000619,1,1,N,5/2,e,138883.81,138883.8261,0.0161,0,2,2,0.032,5,5,2,found,0.631,1.0,0,0.0,0.0,0.0,,
059003.000620,1,1,N,21/2,e,138888.98,138888.9227,-0.0573,0,1,1,-0.057,1,1,1,found,1.0,1.0,0,0.0,0.0,0.0,,
059003.000621,1,1,N,19/2,e,138895.87,138895.8828,0.0128,0,3,3,0.038,4,4,3,found,0.956,0.98,0,0.0,0.0,0.0,,
059003.000622,1,1,?,15/2,e,141440.8418,141440.8423,0.0005,0,2,2,0.001,4,4,2,missing,0.481,0.705,0,0.0,0.0,0.0,retained,the strongest predicted transition of the level is absent and nothing hides it
