level_id,w_hfs,n_1974,E_input,J,parity,cfg,w_applied,w_source
059003.000001,0.0,21,0.0,9/2,o,4f3,0.0,
059003.000031,0.0,18,1398.34,11/2,o,4f3,0.0,
059003.000032,0.0,17,2893.14,13/2,o,4f3,0.0,
059003.000033,0.0,10,4453.76,15/2,o,4f3,0.0,
059003.000034,0.0,16,9370.66,3/2,o,4f3,0.0,
059003.000035,0.0136,20,10032.92,9/2,o,4f3,0.0,
059003.000036,0.0,24,10138.18,5/2,o,4f3,0.0,
059003.000037,0.0,25,10859.06,7/2,o,4f3,0.0,
059003.000038,0.0,17,10950.24,3/2,o,4f3,0.0,
059003.000039,0.0,18,11761.69,9/2,o,4f3,0.0,
059003.000040,0.0062,14,12494.63,11/2,o,4f3,0.0,
059003.000041,0.0064,5,12846.66,9/2,e,f25d,0.0,
059003.000042,0.0,2,13352.1,11/2,e,f25d,0.0043,configuration
059003.000043,0.0,21,13887.6,7/2,o,4f3,0.0,
059003.000044,0.0,10,14187.35,5/2,o,4f3,0.0,
059003.000045,0.0125,7,14558.82,9/2,e,f25d,0.0,
059003.000046,0.0,8,14859.96,11/2,e,f25d,0.0,
059003.000047,0.0267,3,15045.8,5/2,e,f25d,0.0043,configuration
059003.000048,0.0122,13,15443.48,7/2,o,4f3,0.0,
059003.000049,0.0,5,15454.16,13/2,e,f25d,0.0,
059003.000050,0.005,9,15525.5,11/2,e,f25d,0.0,
059003.000051,0.0,14,15705.13,9/2,o,4f3,0.0,
059003.000052,0.0111,10,16089.14,13/2,o,4f3,0.0,
059003.000053,0.0,6,16135.97,7/2,e,f25d,0.0,
059003.000054,0.0264,9,16516.15,7/2,e,f25d,0.0264,level
059003.000055,0.0,11,16763.98,9/2,o,4f3,0.0,
059003.000056,0.0,9,17095.63,3/2,o,4f3,0.0,
059003.000057,0.0,8,17113.19,13/2,e,f25d,0.0,
059003.000058,0.0288,6,17409.58,11/2,o,4f3,0.0288,level
059003.000059,0.0,4,17534.76,15/2,e,f25d,0.0,
059003.000060,0.0165,12,17627.0,9/2,e,f25d,0.0,
059003.000061,0.0155,6,17642.06,15/2,o,4f3,0.0,
059003.000062,0.0237,12,18063.36,9/2,e,f25d,0.0237,level
059003.000063,0.0,9,18211.76,5/2,e,f25d,0.0,
059003.000064,0.0,15,18241.54,11/2,e,f25d,0.0,
059003.000065,0.0122,9,18693.65,1/2,o,4f3,0.0,
059003.000066,0.0,5,18921.24,15/2,e,f25d,0.0,
059003.000067,0.0,10,18990.08,7/2,e,f25d,0.0,
059003.000068,0.0034,12,19046.09,5/2,o,4f3,0.0,
059003.000069,0.005,13,19308.93,11/2,e,f25d,0.0,
059003.000070,0.0,10,19360.1,13/2,e,f25d,0.0,
059003.000071,0.0,2,19649.67,17/2,e,f25d,0.0043,configuration
059003.000072,0.0,15,19700.9,11/2,e,f25d,0.0,
059003.000073,0.0,18,19872.43,7/2,e,f25d,0.0,
059003.000074,0.0,5,20160.36,3/2,e,f25d,0.0,
059003.000075,0.0,16,20315.65,9/2,e,f25d,0.0,
059003.000076,0.0,17,20848.39,5/2,e,f25d,0.0,
059003.000077,0.0,8,20856.86,3/2,o,4f3,0.0,
059003.000078,0.0,10,21148.43,3/2,e,f25d,0.0,
059003.000079,0.0158,9,21238.78,13/2,e,f25d,0.0,
059003.000080,0.0,18,21294.89,7/2,e,f25d,0.0,
059003.000081,0.0,14,21418.84,5/2,e,f25d,0.0,
059003.000082,0.0,24,21535.17,9/2,e,f25d,0.0,
059003.000083,0.0,15,21611.19,5/2,e,f25d,0.0,
059003.000084,0.0139,17,21755.84,11/2,e,f25d,0.0,
059003.000085,0.0,24,22080.94,7/2,e,f25d,0.0,
059003.000086,0.007,12,22277.66,3/2,e,f25d,0.0,
059003.000087,0.0,22,22527.7,7/2,e,f25d,0.0,
059003.000088,0.0,19,22747.69,9/2,e,f25d,0.0,
059003.000089,0.0037,9,23050.61,3/2,e,f25d,0.0,
059003.000090,0.0,9,23091.7,3/2,o,4f3,0.0,
059003.000091,0.0,15,23175.09,13/2,e,f25d,0.0,
059003.000092,0.0,11,23245.99,5/2,o,4f3,0.0,
059003.000093,0.0105,24,23442.25,11/2,e,f25d,0.0,
059003.000094,0.0,3,23465.43,1/2,o,4f3,0.0047,configuration
059003.000095,0.0,18,23532.86,5/2,e,f25d,0.0,
059003.000096,0.0,15,23647.77,13/2,e,f25d,0.0,
059003.000097,0.005,29,23651.88,7/2,e,f25d,0.0,
059003.000098,0.0118,19,23751.57,5/2,e,f25d,0.0,
059003.000099,0.0,27,23844.58,9/2,e,f25d,0.0,
059003.000100,0.0,3,23955.37,1/2,e,f25d,0.0043,configuration
059003.000101,0.0,12,24250.62,3/2,e,f25d,0.0,
059003.000102,0.0,14,24309.2,3/2,e,f25d,0.0,
059003.000103,0.0,8,24357.98,11/2,o,4f3,0.0,
059003.000104,0.0,26,24461.24,5/2,e,f25d,0.0,
059003.000105,0.009,24,24470.9,7/2,e,f25d,0.0,
059003.000106,0.0,22,24788.02,9/2,e,f25d,0.0,
059003.000107,0.0,6,24886.51,7/2,o,4f3,0.0,
059003.000108,0.0,28,25033.91,9/2,e,f25d,0.0,
059003.000109,0.0,4,25244.61,15/2,o,4f3,0.0,
059003.000110,0.0,5,25391.75,13/2,o,4f3,0.0,
059003.000111,0.0,31,25409.74,7/2,e,f25d,0.0,
059003.000112,0.0067,23,25934.98,5/2,e,f25d,0.0,
059003.000113,0.0043,7,25979.34,15/2,e,f25d,0.0,
059003.000114,0.0078,26,26095.23,11/2,e,f25d,0.0,
059003.000115,0.0065,30,26446.97,7/2,e,f25d,0.0,
059003.000116,0.0,3,26447.88,17/2,o,4f3,0.0047,configuration
059003.000117,0.0,8,26921.49,3/2,o,4f3,0.0,
059003.000118,0.0,2,26979.66,9/2,o,4f3,0.0047,configuration
059003.000119,0.0,33,27138.55,7/2,e,f25d,0.0,
059003.000120,0.0,29,27380.31,11/2,e,f25d,0.0,
059003.000121,0.0,20,27452.45,5/2,e,f25d,0.0,
059003.000122,0.0,8,27597.13,5/2,o,4f3,0.0,
059003.000123,0.0,29,27604.26,9/2,e,f25d,0.0,
059003.000124,0.0,7,28101.77,11/2,o,4f3,0.0,
059003.000125,0.1024,12,28399.43,7/2,e,f26s,0.1024,level
059003.000126,0.0093,40,28720.71,9/2,e,f25d,0.0,
059003.000127,0.057,29,28885.14,9/2,e,f26s,0.057,level
059003.000128,0.0,9,28936.46,3/2,e,f25d,0.0,
059003.000129,0.0,20,29263.08,13/2,e,f25d,0.0,
059003.000130,0.0071,25,29267.86,5/2,e,f25d,0.0,
059003.000131,0.0,28,29835.09,9/2,e,f25d,0.0,
059003.000132,0.0,30,30505.72,11/2,e,f25d,0.0,
059003.000133,0.0787,19,30733.53,11/2,e,f26s,0.0787,level
059003.000134,0.08,28,30994.55,9/2,e,f26s,0.08,level
059003.000135,0.0005,24,31254.71,7/2,e,f25d,0.0,
059003.000136,0.0,4,31787.93,7/2,o,4f3,0.0,
059003.000137,0.0,5,31803.7,1/2,e,f25d,0.0,
059003.000138,0.0102,9,32288.92,3/2,e,f25d,0.0,
059003.000139,0.0776,16,32760.11,13/2,e,f26s,0.0776,level
059003.000140,0.085,11,33338.37,3/2,e,f26s,0.085,level
059003.000141,0.0687,24,33466.41,11/2,e,f26s,0.0687,level
059003.000142,0.0704,25,33659.99,5/2,e,f26s,0.0704,level
059003.000143,0.0079,7,34198.61,1/2,e,f25d,0.0,
059003.000144,0.0128,32,34520.27,5/2,e,f25d,0.0,
059003.000145,0.0664,22,34825.49,7/2,e,f26s,0.0664,level
059003.000146,0.0094,38,35024.49,7/2,e,f25d,0.0,
059003.000147,0.0,14,35137.82,3/2,e,f25d,0.0,
059003.000148,0.0488,23,35291.0,9/2,e,f26s,0.0488,level
059003.000149,0.0775,26,35384.17,5/2,e,f26s,0.0775,level
059003.000150,0.0666,31,35801.12,7/2,e,f26s,0.0666,level
059003.000151,0.0,21,35828.46,9/2,e,f25d,0.0,
059003.000152,0.0,16,35863.74,3/2,e,f25d,0.0,
059003.000153,0.0,31,36640.38,7/2,e,f25d,0.0,
059003.000154,0.0,21,36642.13,13/2,e,f25d,0.0,
059003.000155,0.0055,22,36652.29,5/2,e,f25d,0.0,
059003.000156,0.0,17,36670.57,11/2,e,f25d,0.0,
059003.000157,0.0108,9,36683.21,1/2,e,f25d,0.0,
059003.000158,0.0,23,37011.92,5/2,e,f25d,0.0,
059003.000159,0.0,17,37197.64,3/2,e,f25d,0.0,
059003.000160,0.0,21,37919.58,7/2,e,f25d,0.0,
059003.000161,0.0503,20,38448.38,9/2,e,f26s,0.0503,level
059003.000162,0.0104,12,38549.9,1/2,e,f25d,0.0,
059003.000163,0.0,16,38694.51,5/2,e,f25d,0.0,
059003.000164,0.0,20,38701.59,13/2,e,f25d,0.0,
059003.000165,0.0519,23,38726.5,7/2,e,f26s,0.0519,level
059003.000166,0.0,12,38785.76,15/2,e,f25d,0.0,
059003.000167,0.0248,21,39024.27,9/2,e,f25d,0.0248,level
059003.000168,0.0,14,39120.4,3/2,e,f25d,0.0,
059003.000169,0.0052,8,39225.6,9/2,o,4f3,0.0,
059003.000170,0.0,4,39485.48,1/2,e,f25d,0.0,
059003.000171,0.0,14,39725.99,15/2,e,f25d,0.0,
059003.000172,0.0,22,39732.99,11/2,e,f25d,0.0,
059003.000173,0.0,24,39870.17,9/2,e,f25d,0.0,
059003.000174,0.0,10,39940.72,7/2,o,4f3,0.0,
059003.000175,0.0,19,40098.66,5/2,e,f25d,0.0,
059003.000176,0.0069,17,40205.74,3/2,e,f25d,0.0,
059003.000177,0.0027,14,41023.98,7/2,e,f25d,0.0,
059003.000178,0.0,4,41026.87,17/2,e,f25d,0.0,
059003.000179,0.0099,23,44679.98,7/2,e,f25d,0.0,
059003.000180,0.002,26,44903.42,5/2,e,f25d,0.0,
059003.000181,0.0,13,45805.95,9/2,e,f25d,0.0,
059003.000182,0.0,13,45807.1,5/2,e,f26s,0.0,
059003.000183,0.0,13,45844.65,3/2,e,f26s,0.0,
059003.000184,0.0,5,46783.64,7/2,e,f25d,0.0,
059003.000185,0.0,11,48401.64,3/2,e,f25d,0.0,
059003.000186,0.0155,14,48745.48,5/2,e,f25d,0.0,
059003.000187,0.0,11,50227.79,3/2,e,f26s,0.0,
059003.000188,0.0849,11,50647.35,11/2,e,f26s,0.0849,level
059003.000189,0.0598,10,50658.72,13/2,e,f26s,0.0598,level
059003.000190,0.0605,7,50869.3,1/2,e,f26s,0.0605,level
059003.000191,0.0668,6,51312.8,5/2,e,f26s,0.0668,level
059003.000192,0.0,12,52026.9,3/2,e,f26s,0.0,
059003.000193,0.0127,7,53092.8,7/2,o,4f3,0.0,
059003.000194,0.0593,34,58158.08,7/2,o,f26p,0.0593,level
059003.000195,0.0178,28,58174.15,9/2,o,f26p,0.0,
059003.000196,0.0424,38,60166.2,9/2,o,f26p,0.0424,level
059003.000197,0.0208,39,60419.73,11/2,o,f26p,0.0208,level
059003.000198,0.0139,22,60520.32,7/2,o,f5d2,0.0,
059003.000199,0.0036,35,61357.04,9/2,o,f26p,0.0,
059003.000200,0.0,29,61605.66,7/2,o,f26p,0.0,
059003.000201,0.0,24,61717.98,5/2,o,f26p,0.0,
059003.000202,0.0,24,62062.63,9/2,o,f5d2,0.0,
059003.000203,0.0107,36,62240.83,11/2,o,f26p,0.0,
059003.000204,0.0,11,62535.62,9/2,o,f5d2,0.0,
059003.000205,0.0,43,62558.67,11/2,o,f26p,0.0,
059003.000206,0.0,28,62678.7,13/2,o,f26p,0.0,
059003.000207,0.0,22,63221.28,3/2,o,f26p,0.0,
059003.000208,0.0131,23,63232.14,7/2,o,f5d2,0.0,
059003.000209,0.0,27,63576.27,5/2,o,f26p,0.0,
059003.000210,0.0191,35,63593.35,9/2,o,f26p,0.0,
059003.000211,0.0,42,63768.66,7/2,o,f26p,0.0,
059003.000212,0.0104,34,63816.91,11/2,o,f26p,0.0,
059003.000213,0.0,22,64150.94,11/2,o,f5d2,0.0,
059003.000214,0.0,23,64215.45,13/2,o,f26p,0.0,
059003.000215,0.0,29,64235.61,9/2,o,f5d2,0.0,
059003.000216,0.0069,28,64401.03,5/2,o,f26p,0.0,
059003.000217,0.0,17,64817.53,5/2,o,f5d2,0.0,
059003.000218,0.024,40,64857.15,9/2,o,f26p,0.024,level
059003.000219,0.0,24,64865.15,11/2,o,f5d2,0.0,
059003.000220,0.0321,27,64979.55,7/2,o,f26p,0.0321,level
059003.000221,0.0,34,65295.9,7/2,o,f26p,0.0,
059003.000222,0.0,12,65909.44,5/2,o,f5d2,0.0,
059003.000223,0.0,33,65922.42,11/2,o,f26p,0.0,
059003.000224,0.0,27,65935.25,7/2,o,f5d2,0.0,
059003.000225,0.0105,11,65967.15,13/2,o,f5d2,0.0,
059003.000226,0.0,24,66148.4,13/2,o,f5d2,0.0,
059003.000227,0.0326,10,66301.35,15/2,o,f26p,0.0326,level
059003.000228,0.0565,6,66324.84,1/2,o,f26p,0.0565,level
059003.000229,0.0,25,66681.14,5/2,o,f26p,0.0,
059003.000230,0.0,20,66735.88,13/2,o,f5d2,0.0,
059003.000231,0.032,21,66852.87,7/2,o,f5d2,0.032,level
059003.000232,0.0,15,66867.09,3/2,o,f26p,0.0,
059003.000233,0.0528,15,66943.04,5/2,o,f5d2,0.0528,level
059003.000234,0.0,16,67398.793,9/2,o,f5d2,0.0,
059003.000235,0.0161,27,67240.35,7/2,o,f5d2,0.0,
059003.000236,0.0,26,67395.32,5/2,o,f5d2,0.0,
059003.000237,0.0144,37,67049.1609,9/2,o,f26p,0.0,
059003.000238,0.0,28,67679.21,7/2,o,f26p,0.0,
059003.000239,0.0263,26,67870.76,9/2,o,f26p,0.0263,level
059003.000240,0.0115,17,67965.47,3/2,o,f26p,0.0,
059003.000241,0.0,7,68238.12,11/2,o,f5d2,0.0,
059003.000242,0.0233,3,68305.1,15/2,o,f5d2,0.0211,configuration
059003.000243,0.0185,27,68331.75,7/2,o,f5d2,0.0,
059003.000244,0.0153,29,68374.54,9/2,o,f26p,0.0,
059003.000245,0.0,25,68492.43,7/2,o,f26p,0.0,
059003.000246,0.0104,21,68525.62,11/2,o,f26p,0.0,
059003.000247,0.0121,21,68544.19,9/2,o,f5d2,0.0,
059003.000248,0.0,32,68801.67,7/2,o,f26p,0.0,
059003.000249,0.0,19,68978.55,5/2,o,f26p,0.0,
059003.000250,0.0,24,68987.07,7/2,o,f5d2,0.0,
059003.000251,0.0145,30,69138.28,9/2,o,f26p,0.0,
059003.000252,0.0,10,69408.51,11/2,o,f5d2,0.0,
059003.000253,0.0,18,69431.0,7/2,o,f5d2,0.0,
059003.000254,0.0,0,69681.6,5/2,o,f5d2,0.0211,configuration
059003.000255,0.0,23,69686.26,9/2,o,f5d2,0.0,
059003.000256,0.047,10,69978.08,11/2,o,f5d2,0.047,level
059003.000257,0.0,9,70381.48,13/2,o,f5d2,0.0,
059003.000258,0.0216,7,71021.1,9/2,o,f5d2,0.0216,level
059003.000259,0.0378,5,71385.6,7/2,o,f5d2,0.0378,level
059003.000260,0.0,3,71501.0,3/2,o,f5d2,0.0211,configuration
059003.000261,0.0203,13,71536.38,5/2,o,f26p,0.0203,level
059003.000262,0.0,16,71592.34,9/2,o,f26p,0.0,
059003.000263,0.013,12,71736.45,11/2,o,f26p,0.0,
059003.000264,0.0235,18,71978.52,7/2,o,f26p,0.0235,level
059003.000265,0.0,8,71994.81,5/2,o,f5d2,0.0,
059003.000266,0.0339,4,73029.9,9/2,o,f5d2,0.0339,level
059003.000267,0.0,9,73378.42,7/2,o,f5d2,0.0,
059003.000268,0.0499,6,73606.17,9/2,o,f5d2,0.0499,level
059003.000269,0.0,1,73609.1,11/2,o,f5d2,0.0211,configuration
059003.000270,0.0379,6,74105.2,5/2,o,f5d2,0.0379,level
059003.000271,0.0,2,74463.7,3/2,o,f5d2,0.0211,configuration
059003.000272,0.0574,1,75294.0,7/2,o,f5d2,0.0211,configuration
059003.000273,0.0509,15,75409.58,3/2,o,f26p,0.0509,level
059003.000274,0.0126,10,75560.75,5/2,o,f5d2,0.0,
059003.000275,0.0801,10,75614.81,5/2,o,f26p,0.0801,level
059003.000276,0.0,9,75640.0,11/2,o,f5d2,0.0,
059003.000277,0.0,7,75762.23,9/2,o,f5d2,0.0,
059003.000278,0.0,0,76892.4,3/2,o,f5d2,0.0211,configuration
059003.000279,0.0,7,77822.0,5/2,o,f5d2,0.0,
059003.000280,0.0,8,78312.91,1/2,o,f26p,0.0,
059003.000281,0.0537,5,78463.6,7/2,o,f26p,0.0537,level
059003.000282,0.0115,7,78694.57,11/2,o,f5d2,0.0,
059003.000283,0.0,11,78889.14,3/2,o,f26p,0.0,
059003.000284,0.0,8,79136.23,13/2,o,f5d2,0.0,
059003.000285,0.045,7,79366.65,5/2,o,f26p,0.045,level
059003.000286,0.0,8,79395.55,7/2,o,f5d2,0.0,
059003.000287,0.0,6,79742.36,1/2,o,f26p,0.0,
059003.000288,0.0446,9,80164.04,3/2,o,f26p,0.0446,level
059003.000289,0.0,8,80360.82,11/2,o,f26p,0.0,
059003.000290,0.041,10,80897.85,3/2,o,f26p,0.041,level
059003.000291,0.0,7,80988.76,13/2,o,f26p,0.0,
059003.000292,0.0463,10,81404.52,5/2,o,f26p,0.0463,level
059003.000293,0.0848,5,82492.4,3/2,o,f5d2,0.0848,level
059003.000294,0.0181,7,83025.91,3/2,o,f26p,0.0,
059003.000295,0.0466,7,83426.55,5/2,o,f5d2,0.0466,level
059003.000296,0.0,6,83607.32,11/2,o,f26p,0.0,
059003.000297,0.0,5,83703.43,13/2,o,f26p,0.0,
059003.000298,0.0,4,84270.526,3/2,o,f5d6s,0.0,
059003.000299,0.043,7,84410.63,9/2,o,f26p,0.043,level
059003.000300,0.0,4,84430.98,7/2,o,f26p,0.0,
059003.000301,0.0,4,84992.04,15/2,o,f26p,0.0,
059003.000302,0.0,7,85306.1,5/2,o,f26p,0.0,
059003.000303,0.0,0,87511.6,7/2,o,f5d6s,0.0628,configuration
059003.000304,0.0,0,88210.1,9/2,o,f5d6s,0.0628,configuration
059003.000305,0.0,0,88948.6,9/2,o,f5d6s,0.0628,configuration
059003.000306,0.0,1,90119.8,11/2,o,f5d6s,0.0628,configuration
059003.000307,0.0,2,90629.2,9/2,o,f5d6s,0.0628,configuration
059003.000308,0.0,1,92441.7,7/2,o,f5d6s,0.0628,configuration
059003.000309,0.0,0,92554.8,5/2,o,f5d2,0.0211,configuration
059003.000310,0.0,0,93296.5,11/2,o,f5d6s,0.0628,configuration
059003.000311,0.0,0,93967.4,7/2,o,f5d2,0.0211,configuration
059003.000312,0.0,0,95147.9,9/2,o,f5d6s,0.0628,configuration
059003.000313,0.0885,1,96830.5,7/2,o,f5d6s,0.0628,configuration
059003.000314,0.0256,11,100321.12,9/2,e,f27s,0.0256,level
059003.000315,0.0036,11,100430.29,9/2,e,f26d,0.0,
059003.000316,0.0,7,100625.04,11/2,e,f26d,0.0,
059003.000317,0.0028,8,100788.95,7/2,e,f26d,0.0,
059003.000318,0.0,6,100947.18,9/2,e,f26d,0.0,
059003.000319,0.0241,6,101071.43,5/2,e,f26d,0.0241,level
059003.000320,0.0,10,101165.33,11/2,e,f26d,0.0,
059003.000321,0.0081,11,101446.27,7/2,e,f26d,0.0,
059003.000322,0.0,5,101665.58,5/2,e,f26d,0.0,
059003.000323,0.0,7,101680.38,13/2,e,f26d,0.0,
059003.000324,0.0049,12,102435.67,11/2,e,f27s,0.0,
059003.000325,0.0,12,102484.66,9/2,e,f27s,0.0,
059003.000326,0.0,10,102617.24,11/2,e,f26d,0.0,
059003.000327,0.0,12,102830.43,9/2,e,f26d,0.0,
059003.000328,0.0,11,102981.94,13/2,e,f26d,0.0,
059003.000329,0.0,5,103308.53,7/2,e,f26d,0.0,
059003.000330,0.0,7,103335.06,9/2,e,f26d,0.0,
059003.000331,0.0,11,103344.35,11/2,e,f26d,0.0,
059003.000332,0.0,5,103484.19,15/2,e,f26d,0.0,
059003.000333,0.0,4,103805.38,13/2,e,f26d,0.0,
059003.000334,0.0,5,103895.83,7/2,e,f26d,0.0,
059003.000335,0.0,8,104598.99,13/2,e,f27s,0.0,
059003.000336,0.0,7,104788.68,11/2,e,f27s,0.0,
059003.000337,0.0,9,104904.55,11/2,e,f26d,0.0,
059003.000338,0.0,11,105019.06,13/2,e,f26d,0.0,
059003.000339,0.0,9,105049.72,15/2,e,f26d,0.0,
059003.000340,0.0,6,105450.18,11/2,e,f26d,0.0,
059003.000341,0.0,7,105566.62,9/2,e,f26d,0.0,
059003.000342,0.0,10,105632.16,13/2,e,f26d,0.0,
059003.000343,0.036,7,106665.07,7/2,e,f27s,0.036,level
059003.000344,0.0,5,106745.65,5/2,e,f27s,0.0,
059003.000345,0.0218,7,107081.94,9/2,e,f27s,0.0218,level
059003.000346,0.0253,7,107299.07,7/2,e,f26d,0.0253,level
059003.000347,0.0339,9,107854.46,9/2,e,f26d,0.0339,level
059003.000348,0.0296,7,108559.4,11/2,e,f26d,0.0296,level
059003.000349,0.0,5,110295.2,11/2,o,f25f,0.0,
059003.000350,0.0166,2,110333.55,7/2,o,f25f,0.0069,configuration
059003.000351,0.0,3,110530.96,13/2,o,f25f,0.0069,configuration
059003.000352,0.0,3,110880.92,11/2,o,f25f,0.0069,configuration
059003.000353,0.0,2,110922.18,9/2,o,f25f,0.0069,configuration
059003.000354,0.0,3,111109.95,13/2,o,f25f,0.0069,configuration
059003.000355,0.0,2,111268.6,3/2,o,f25f,0.0069,configuration
059003.000356,0.0,2,111334.87,15/2,o,f25f,0.0069,configuration
059003.000357,0.0,3,111342.43,7/2,o,f25f,0.0069,configuration
059003.000358,0.0,3,111494.56,5/2,o,f25f,0.0069,configuration
059003.000359,0.0118,6,111992.97,9/2,o,f25f,0.0,
059003.000360,0.0,4,112643.09,11/2,o,f25f,0.0,
059003.000361,0.0,5,112769.67,13/2,o,f25f,0.0,
059003.000362,0.0,2,112896.3,15/2,o,f25f,0.0069,configuration
059003.000363,0.0,2,113023.5,17/2,o,f25f,0.0069,configuration
059003.000364,0.0,6,113158.53,9/2,o,f25f,0.0,
059003.000365,0.0,4,113291.67,7/2,o,f25f,0.0,
059003.000366,0.0,3,113556.8,5/2,o,f25f,0.0069,configuration
059003.000367,0.0276,5,113600.13,13/2,o,f25f,0.0276,level
059003.000368,0.0,5,113630.9,7/2,o,f25f,0.0,
059003.000369,0.0135,7,113664.57,11/2,o,f25f,0.0,
059003.000370,0.0,5,113780.27,9/2,o,f27p,0.0,
059003.000371,0.0,1,113823.12,3/2,o,f25f,0.0069,configuration
059003.000372,0.0,1,113833.9,15/2,o,f25f,0.0069,configuration
059003.000373,0.0,3,113914.16,5/2,o,f25f,0.0069,configuration
059003.000374,0.0,4,114725.6,17/2,o,f25f,0.0,
059003.000375,0.0173,6,114797.12,13/2,o,f25f,0.0,
059003.000376,0.0,2,114970.95,19/2,o,f25f,0.0069,configuration
059003.000377,0.0,3,115324.47,9/2,o,f25f,0.0069,configuration
059003.000378,0.0154,3,115403.34,11/2,o,f25f,0.0069,configuration
059003.000379,0.0,7,115408.39,13/2,o,f25f,0.0,
059003.000380,0.0,3,115420.8,7/2,o,f25f,0.0069,configuration
059003.000381,0.0,5,115499.67,9/2,o,f25f,0.0,
059003.000382,0.0,1,115670.0,7/2,o,f25f,0.0069,configuration
059003.000383,0.0,6,115672.26,15/2,o,f25f,0.0,
059003.000384,0.0,1,115800.17,5/2,o,f25f,0.0069,configuration
059003.000385,0.0,3,115933.14,11/2,o,f25f,0.0069,configuration
059003.000386,0.0,1,116021.78,7/2,o,f25f,0.0069,configuration
059003.000387,0.0,3,116238.71,15/2,o,f25f,0.0069,configuration
059003.000388,0.0,4,116309.14,11/2,o,f25f,0.0,
059003.000389,0.0,1,116453.2,9/2,o,f25f,0.0069,configuration
059003.000390,0.0,3,116489.75,17/2,o,f25f,0.0069,configuration
059003.000391,0.0,0,116727.1,5/2,o,f25f,0.0069,configuration
059003.000392,0.0,1,117044.6,7/2,o,f25f,0.0069,configuration
059003.000393,0.0,1,117248.2,13/2,o,f25f,0.0069,configuration
059003.000394,0.0,0,117323.1,11/2,o,f25f,0.0069,configuration
059003.000395,0.0,0,117540.5,3/2,o,f25f,0.0069,configuration
059003.000396,0.0,0,117574.5,11/2,o,f25f,0.0069,configuration
059003.000397,0.0,0,117647.2,7/2,o,f25f,0.0069,configuration
059003.000398,0.0,0,117592.99,5/2,o,f25f,0.0069,configuration
059003.000399,0.0,3,117775.3,13/2,o,f25f,0.0069,configuration
059003.000400,0.0,3,118063.0,15/2,o,f25f,0.0069,configuration
059003.000401,0.0,0,118081.1,9/2,o,f25f,0.0069,configuration
059003.000402,0.0,0,118224.08,3/2,o,f25f,0.0069,configuration
059003.000403,0.0,1,118271.6,11/2,o,f25f,0.0069,configuration
059003.000404,0.0,0,118318.6,7/2,o,f25f,0.0069,configuration
059003.000405,0.0,0,118468.8,9/2,o,f25f,0.0069,configuration
059003.000406,0.0,2,118610.9,13/2,o,f25f,0.0069,configuration
059003.000407,0.0,1,118879.3,11/2,o,f25f,0.0069,configuration
059003.000408,0.0,0,120498.7,13/2,o,f25f,0.0069,configuration
059003.000409,0.0,0,121095.2,11/2,o,f25f,0.0069,configuration
059003.000410,0.0,1,121119.2,15/2,o,f25f,0.0069,configuration
059003.000411,0.0,0,121382.6,9/2,o,f25f,0.0069,configuration
059003.000412,0.0,0,121431.2,13/2,o,f25f,0.0069,configuration
059003.000413,0.0,0,121532.5,11/2,o,f25f,0.0069,configuration
059003.000414,0.0,0,128214.2,3/2,o,f25f,0.0069,configuration
059003.000415,0.0,0,128352.8,9/2,o,f25f,0.0069,configuration
059003.000416,0.0,0,128381.6,11/2,o,f25f,0.0069,configuration
059003.000417,0.0,0,128453.2,7/2,o,f25f,0.0069,configuration
059003.000418,0.0,0,128568.6,9/2,o,f25f,0.0069,configuration
059003.000419,0.0,2,129106.1,9/2,e,f28s,0.0,
059003.000420,0.0153,4,131200.3,11/2,e,f28s,0.0,
059003.000421,0.0,6,131226.3,9/2,e,f28s,0.0,
059003.000422,0.0,0,133194.3,17/2,o,f25f,0.0069,configuration
059003.000423,0.0,0,133242.3,19/2,o,f25f,0.0069,configuration
059003.000424,0.0,0,133078.09,15/2,o,f25f,0.0069,configuration
059003.000425,0.0,1,133373.0,17/2,o,f25f,0.0069,configuration
059003.000426,0.0,4,133393.2,13/2,e,f28s,0.0,
059003.000427,0.0,2,133503.9,11/2,e,f28s,0.0,
059003.000428,0.0,0,135445.2,7/2,e,f28s,0.0,
059003.000429,0.0,0,135868.8,9/2,e,f28s,0.0,
059003.000430,0.0,4,30602.83,5/2,o,4f3,0.0,
059003.000431,0.0,8,65073.26,3/2,o,f5d2,0.0,
059003.000432,0.0,10,65765.17,3/2,o,f5d2,0.0,
059003.000433,0.0,24,68331.68,5/2,o,f26p,0.0,
059003.000434,0.0,6,68556.35,3/2,o,f5d2,0.0,
059003.000435,0.0,12,68676.55,5/2,o,f5d2,0.0,
059003.000436,0.0,5,74619.63,7/2,o,f5d2,0.0,
059003.000437,0.0264,6,74696.2,9/2,o,f5d2,0.0264,level
059003.000438,0.0,3,75982.8,7/2,o,f5d2,0.0211,configuration
059003.000439,0.0313,3,76130.52,11/2,o,f5d2,0.0211,configuration
059003.000440,0.0,5,76411.04,5/2,o,f5d2,0.0,
059003.000441,0.0,4,76534.72,13/2,o,f5d2,0.0,
059003.000442,0.0,2,76894.56,9/2,o,f5d2,0.0211,configuration
059003.000443,0.0,2,79377.15,15/2,o,f5d2,0.0211,configuration
059003.000444,0.0,8,79378.38,1/2,o,f26p,0.0,
059003.000445,0.0443,3,82082.7,7/2,o,f5d2,0.0211,configuration
059003.000446,0.0,1,84150.65,7/2,o,f5d6s,0.0628,configuration
059003.000447,0.0,7,84409.903,3/2,o,f26p,0.0,
059003.000448,0.0,3,84690.2,9/2,o,f5d6s,0.0628,configuration
059003.000449,0.0,5,84804.11,3/2,o,f26p,0.0,
059003.000450,0.0,0,85981.65,5/2,o,f5d6s,0.0628,configuration
059003.000451,0.0,0,86390.45,7/2,o,f5d6s,0.0628,configuration
059003.000452,0.0,0,86455.75,9/2,o,f5d6s,0.0628,configuration
059003.000453,0.0,4,86938.55,3/2,o,f5d2,0.0,
059003.000454,0.0,2,87726.9,11/2,o,f5d6s,0.0628,configuration
059003.000455,0.0,1,89969.42,13/2,o,f5d6s,0.0628,configuration
059003.000456,0.0,0,99604.446,9/2,o,f5d6s,0.0628,configuration
059003.000457,0.0,0,99938.5,11/2,o,f5d6s,0.0628,configuration
059003.000458,0.0,6,111518.34,9/2,o,f27p,0.0,
059003.000459,0.0246,3,111728.91,7/2,o,f27p,0.0,
059003.000460,0.0,2,111772.91,3/2,o,f25f,0.0069,configuration
059003.000461,0.0,1,111779.59,1/2,o,f25f,0.0069,configuration
059003.000462,0.0,3,111902.78,5/2,o,f25f,0.0069,configuration
059003.000463,0.0,6,112837.43,9/2,o,f27p,0.0,
059003.000464,0.0,6,113064.69,7/2,o,f27p,0.0,
059003.000465,0.0,8,113211.64,11/2,o,f27p,0.0,
059003.000466,0.0062,5,113225.66,5/2,o,f27p,0.0,
059003.000467,0.0,6,113854.85,11/2,o,f25f,0.0,
059003.000468,0.0,3,113894.44,9/2,o,f25f,0.0069,configuration
059003.000469,0.0189,7,115094.1,11/2,o,f27p,0.0,
059003.000470,0.0051,5,115176.16,9/2,o,f27p,0.0,
059003.000471,0.0,6,115218.75,13/2,o,f27p,0.0,
059003.000472,0.0,5,115489.74,7/2,o,f27p,0.0,
059003.000473,0.0,0,115712.03,1/2,o,f25f,0.0069,configuration
059003.000474,0.0,0,115881.55,9/2,o,f25f,0.0069,configuration
059003.000475,0.0,0,115990.73,3/2,o,f25f,0.0069,configuration
059003.000476,0.0,5,116078.6,11/2,o,f27p,0.0,
059003.000477,0.0,1,116777.55,3/2,o,f25f,0.0069,configuration
059003.000478,0.0,0,117359.3,1/2,o,f25f,0.0069,configuration
059003.000479,0.0,4,117376.01,15/2,o,f27p,0.0,
059003.000480,0.0,5,117385.1,11/2,o,f27p,0.0,
059003.000481,0.0,6,117397.8,13/2,o,f27p,0.0,
059003.000482,0.0,0,117507.88,9/2,o,f25f,0.0069,configuration
059003.000483,0.0,0,117686.46,5/2,o,f25f,0.0069,configuration
059003.000484,0.0,0,118069.2,7/2,o,f25f,0.0069,configuration
059003.000485,0.0,0,118201.52,3/2,o,f25f,0.0069,configuration
059003.000486,0.0,0,118588.65,5/2,o,f25f,0.0069,configuration
059003.000487,0.0,1,118860.77,7/2,o,f25f,0.0069,configuration
059003.000488,0.0,1,118885.4,9/2,o,f25f,0.0069,configuration
059003.000489,0.0,0,118987.0,5/2,o,f25f,0.0069,configuration
059003.000490,0.0,0,119019.05,1/2,o,f25f,0.0069,configuration
059003.000491,0.0,0,119077.25,3/2,o,f25f,0.0069,configuration
059003.000492,0.0,0,120715.55,5/2,o,f25f,0.0069,configuration
059003.000493,0.0,0,121411.77,7/2,o,f25f,0.0069,configuration
059003.000494,0.0,0,121580.9,7/2,o,f25f,0.0069,configuration
059003.000495,0.0,0,121582.6,3/2,o,f25f,0.0069,configuration
059003.000496,0.0,0,122141.46,9/2,o,f25f,0.0069,configuration
059003.000497,0.0,0,128479.6,5/2,o,f25f,0.0069,configuration
059003.000498,0.0,0,128800.05,5/2,o,f25f,0.0069,configuration
059003.000499,0.0,0,128912.95,7/2,o,f25f,0.0069,configuration
059003.000500,0.0,0,132415.6,7/2,o,f25f,0.0069,configuration
059003.000501,0.0,0,132651.7,13/2,o,f25f,0.0069,configuration
059003.000502,0.0,0,132783.0,15/2,o,f25f,0.0069,configuration
059003.000503,0.0,0,132876.57,7/2,o,f25f,0.0069,configuration
059003.000504,0.0,0,133037.3,11/2,o,f25f,0.0069,configuration
059003.000505,0.0,0,133150.95,13/2,o,f25f,0.0069,configuration
059003.000506,0.0,0,133306.9,9/2,o,f25f,0.0069,configuration
059003.000507,0.0,0,133370.49,11/2,o,f25f,0.0069,configuration
059003.000508,0.0,0,133511.58,9/2,o,f25f,0.0069,configuration
059003.000509,0.0,0,133566.52,11/2,o,f26f,0.0055,configuration
059003.000510,0.0,0,133594.97,7/2,o,f26f,0.0055,configuration
059003.000511,0.0,1,133650.5,13/2,o,f26f,0.0055,configuration
059003.000512,0.0,0,134001.32,9/2,o,f26f,0.0055,configuration
059003.000513,0.0,0,134007.65,11/2,o,f25f,0.0069,configuration
059003.000514,0.0,0,134069.5,11/2,o,f26f,0.0055,configuration
059003.000515,0.0,0,134163.18,9/2,o,f25f,0.0069,configuration
059003.000516,0.0,0,134163.33,7/2,o,f25f,0.0069,configuration
059003.000517,0.0,0,134220.3,13/2,o,f26f,0.0055,configuration
059003.000518,0.0,0,134502.45,15/2,o,f26f,0.0055,configuration
059003.000519,0.0,0,134868.82,7/2,o,f25f,0.0069,configuration
059003.000520,0.0,0,134932.15,9/2,o,f25f,0.0069,configuration
059003.000521,0.0,0,135896.6,11/2,o,f26f,0.0055,configuration
059003.000522,0.0,0,135927.0,13/2,o,f26f,0.0055,configuration
059003.000523,0.0,1,136034.02,15/2,o,f26f,0.0055,configuration
059003.000524,0.0,0,136111.0,17/2,o,f26f,0.0055,configuration
059003.000525,0.0,0,136326.7,7/2,o,f25f,0.0069,configuration
059003.000526,0.0,0,136435.34,5/2,o,f25f,0.0069,configuration
059003.000527,0.0,0,136485.6,13/2,o,f26f,0.0055,configuration
059003.000528,0.0,0,136606.4,15/2,o,f26f,0.0055,configuration
059003.000529,0.2548,1,136643.4,9/2,o,f26f,0.0055,configuration
059003.000530,0.0,1,137960.61,17/2,o,f26f,0.0055,configuration
059003.000531,0.0936,1,138034.95,13/2,o,f26f,0.0055,configuration
059003.000532,0.0,1,138077.8,19/2,o,f26f,0.0055,configuration
059003.000533,0.0,0,138342.75,13/2,o,f26f,0.0055,configuration
059003.000534,0.0,0,138410.5,11/2,o,f26f,0.0055,configuration
059003.000535,0.0,0,138445.3,9/2,o,f26f,0.0055,configuration
059003.000536,0.0,0,138839.85,11/2,o,f26f,0.0055,configuration
059003.000537,0.0,0,138900.4,15/2,o,f26f,0.0055,configuration
059003.000538,0.0,1,139081.4,17/2,o,f26f,0.0055,configuration
059003.000539,0.0,2,20096.73,1/2,e,f25d,0.0043,configuration
059003.000540,0.0,4,21598.58,1/2,e,f25d,0.0,
059003.000541,0.0,11,100214.99,7/2,e,f27s,0.0,
059003.000542,0.0,2,101778.0,3/2,e,f26d,0.0123,configuration
059003.000543,0.0,4,103973.35,5/2,e,f26d,0.0,
059003.000544,0.0,5,105191.13,3/2,e,f27s,0.0,
059003.000545,0.0,7,105338.51,5/2,e,f27s,0.0,
059003.000546,0.0,4,105485.3,17/2,e,f26d,0.0,
059003.000547,0.0,3,105534.64,7/2,e,f26d,0.0123,configuration
059003.000548,0.0,5,106153.75,9/2,e,f26d,0.0,
059003.000549,0.0,4,106224.22,7/2,e,f26d,0.0,
059003.000550,0.0,3,106306.51,9/2,e,f26d,0.0123,configuration
059003.000551,0.0,3,106384.65,5/2,e,f26d,0.0123,configuration
059003.000552,0.0,8,106394.09,15/2,e,f26d,0.0,
059003.000553,0.0,2,106468.42,7/2,e,f26d,0.0123,configuration
059003.000554,0.05,7,107177.8,9/2,e,f26d,0.05,level
059003.000555,0.0,5,107223.2,7/2,e,f27s,0.0,
059003.000556,0.0,4,107262.71,5/2,e,f26d,0.0,
059003.000557,0.0,5,107403.91,11/2,e,f26d,0.0,
059003.000558,0.0,7,107697.07,11/2,e,f26d,0.0,
059003.000559,0.0057,4,107978.56,13/2,e,f26d,0.0,
059003.000560,0.0,5,108574.0,9/2,e,f26d,0.0,
059003.000561,0.0,2,111039.75,11/2,e,f26d,0.0123,configuration
059003.000562,0.0,2,111193.29,13/2,e,f26d,0.0123,configuration
059003.000563,0.0,3,113854.23,9/2,e,fd6p,0.0237,configuration
059003.000564,0.0,1,115439.45,7/2,e,fd6p,0.0237,configuration
059003.000565,0.0,0,118967.3776,9/2,e,fd6p,0.0237,configuration
059003.000566,0.0,0,121143.3,11/2,e,fd6p,0.0237,configuration
059003.000567,0.0,1,122932.6,13/2,e,fd6p,0.0237,configuration
059003.000568,0.0,1,124594.4,13/2,e,fd6p,0.0237,configuration
059003.000569,0.0,0,125145.1,15/2,e,fd6p,0.0237,configuration
059003.000570,0.0,1,126743.3,11/2,e,fd6p,0.0237,configuration
059003.000571,0.0,2,129009.15,7/2,e,f28s,0.0,
059003.000572,0.0,3,129454.45,9/2,e,fd6p,0.0237,configuration
059003.000573,0.0,2,129744.09,9/2,e,f27d,0.0127,configuration
059003.000574,0.0,2,129934.5,11/2,e,f27d,0.0127,configuration
059003.000575,0.0,1,130218.64,13/2,e,f27d,0.0127,configuration
059003.000576,0.0,2,131788.15,13/2,e,f27d,0.0127,configuration
059003.000577,0.0,1,132070.1563,13/2,e,f27d,0.0127,configuration
059003.000578,0.0,5,134406.982,11/2,e,f25g,0.0,
059003.000579,0.0,4,134402.02,13/2,e,f25g,0.0,
059003.000580,0.01,3,134402.83,11/2,e,f25g,0.0089,configuration
059003.000581,0.0103,4,134405.44,9/2,e,f25g,0.0,
059003.000582,0.0035,5,134425.98,7/2,e,f25g,0.0,
059003.000583,0.0,3,134428.63,13/2,e,f25g,0.0089,configuration
059003.000584,0.0,4,134433.41,15/2,e,f25g,0.0,
059003.000585,0.0,2,134454.31,5/2,e,f25g,0.0089,configuration
059003.000586,0.0,2,134454.76,7/2,e,f25g,0.0089,configuration
059003.000587,0.02,2,134480.15,3/2,e,f25g,0.0089,configuration
059003.000588,0.0,4,134480.72,5/2,e,f25g,0.0,
059003.000589,0.0,2,134488.7,3/2,e,f25g,0.0089,configuration
059003.000590,0.0,1,134492.68,15/2,e,f25g,0.0089,configuration
059003.000591,0.0,1,134496.12,17/2,e,f25g,0.0089,configuration
059003.000592,0.0,2,136554.97,13/2,e,f25g,0.0089,configuration
059003.000593,0.0,5,136555.45,11/2,e,f25g,0.0,
059003.000594,0.0137,5,136557.98,13/2,e,f25g,0.0,
059003.000595,0.0,3,136559.59,15/2,e,f25g,0.0089,configuration
059003.000596,0.0,5,136570.81,11/2,e,f25g,0.0,
059003.000597,0.0171,6,136572.21,9/2,e,f25g,0.0,
059003.000598,0.0,2,136589.34,17/2,e,f25g,0.0089,configuration
059003.000599,0.0,3,136589.44,15/2,e,f25g,0.0089,configuration
059003.000600,0.0078,3,136638.4947,7/2,e,f25g,0.0089,configuration
059003.000601,0.0146,5,136596.63,9/2,e,f25g,0.0,
059003.000602,0.0,3,136620.17,5/2,e,f25g,0.0089,configuration
059003.000603,0.0,2,136641.8,5/2,e,f25g,0.0089,configuration
059003.000604,0.0,3,136728.73,3/2,e,f25g,0.0089,configuration
059003.000605,0.0,1,136649.4,19/2,e,f25g,0.0089,configuration
059003.000606,0.0,2,136650.9,17/2,e,f25g,0.0089,configuration
059003.000607,0.0068,7,138788.582,13/2,e,f25g,0.0,
059003.000608,0.0,5,138787.95,15/2,e,f25g,0.0,
059003.000609,0.0,4,138794.58,15/2,e,f25g,0.0,
059003.000610,0.0,4,138796.56,17/2,e,f25g,0.0,
059003.000611,0.0,3,138799.39,13/2,e,f25g,0.0089,configuration
059003.000612,0.0,4,138799.91,11/2,e,f25g,0.0,
059003.000613,0.0,4,138822.38,9/2,e,f25g,0.0,
059003.000614,0.0389,5,138822.4,11/2,e,f25g,0.0389,level
059003.000615,0.0,2,138827.78,19/2,e,f25g,0.0089,configuration
059003.000616,0.0,2,138833.55,17/2,e,f25g,0.0089,configuration
059003.000617,0.0,3,138851.191,9/2,e,f25g,0.0089,configuration
059003.000618,0.0,4,138874.91,7/2,e,f25g,0.0,
059003.000619,0.0,2,138883.81,5/2,e,f25g,0.0089,configuration
059003.000620,0.0,1,138888.98,21/2,e,f25g,0.0089,configuration
059003.000621,0.0,2,138895.87,19/2,e,f25g,0.0089,configuration
059003.000622,0.0,2,141440.8418,15/2,e,f25g,0.0089,configuration
059003.000623,0.0,0,,,,f25f,0.0069,configuration
059003.000624,0.0,0,,,,f25f,0.0069,configuration
