level_id,E_LOPT,E_classify,diff_LOPT_minus_classify,u_LOPT_D2tot,diff_over_u,n_lines_LOPT,n_lines_csv,n_blended_lines_csv,blend_fraction,LOPT_comment
059003.000473,115711.8200,115711.9555,-0.1355,0.2900,0.47,"5, 1L, 3D",5,3,0.600,
059003.000531,138035.1640,138035.0397,+0.1243,0.2610,0.48,"4, 1L, 1D",4,1,0.250,
059003.000423,133242.4100,133242.2922,+0.1178,0.3800,0.31,"1, 1D",1,1,1.000,
059003.000536,138839.8900,138840.0022,-0.1122,0.4800,0.23,"3, 1D",3,1,0.333,
059003.000515,134163.3100,134163.2119,+0.0981,0.2700,0.36,"3, 3D",3,3,1.000,
059003.000603,136641.6670,136641.7545,-0.0875,0.0640,1.37,"2, 1L, 1D",2,1,0.500,
059003.000505,133150.7200,133150.8002,-0.0802,0.2000,0.40,"5, 3D",5,3,0.600,
059003.000602,136620.0490,136620.1280,-0.0790,0.0670,1.18,"6, 4L, 3D",6,3,0.500,
059003.000600,136596.2460,136596.3224,-0.0764,0.0710,1.08,1,1,0,0.000,
059003.000373,113914.0380,113914.1142,-0.0762,0.0610,1.25,"18, 3L, 2D",19,2,0.105,
059003.000371,113825.5750,113825.6458,-0.0708,0.0980,0.72,"8, 3L, 6D",8,6,0.750,
059003.000494,121580.9800,121581.0472,-0.0672,0.2800,0.24,"6, 2L, 5D",6,5,0.833,
059003.000613,138822.3552,138822.4151,-0.0599,0.0394,1.52,"4, 4L, 4D",4,4,1.000,
059003.000506,133307.5200,133307.4612,+0.0588,0.2100,0.28,"4, 3L, 2D",4,2,0.500,
059003.000512,134001.2600,134001.3143,-0.0543,0.3200,0.17,"5, 2D",5,2,0.400,
059003.000417,128453.2100,128453.1566,+0.0534,0.1500,0.36,"9, 1L, 4D",9,4,0.444,
059003.000496,122141.5700,122141.5186,+0.0514,0.1300,0.40,"9, 3L, 3D",9,3,0.333,
059003.000475,115990.6900,115990.6430,+0.0470,0.1600,0.29,"7, 3L, 3D",7,3,0.429,
059003.000394,117322.9830,117322.9363,+0.0467,0.1200,0.39,"12, 3L, 5D",12,5,0.417,
059003.000392,117044.6490,117044.6939,-0.0449,0.0430,1.04,"18, 6L, 7D",18,7,0.389,
059003.000497,128479.4900,128479.5345,-0.0445,0.1800,0.25,"5, 1L, 3D",5,3,0.600,
059003.000605,136649.5880,136649.5443,+0.0437,0.0790,0.55,1,1,0,0.000,
059003.000363,113023.7010,113023.6578,+0.0432,0.0770,0.56,"5, 1D",6,1,0.167,
059003.000372,113833.9360,113833.8931,+0.0429,0.0790,0.54,6,6,0,0.000,
059003.000362,112896.3550,112896.3123,+0.0427,0.0750,0.57,"12, 1L, 1D",12,1,0.083,
059003.000598,136589.4630,136589.4203,+0.0427,0.0760,0.56,2,2,0,0.000,
059003.000411,121382.4800,121382.5222,-0.0422,0.1100,0.38,"19, 3L, 10D",19,10,0.526,
059003.000606,136650.9250,136650.8828,+0.0422,0.0780,0.54,2,2,0,0.000,
059003.000599,136589.4380,136589.3982,+0.0398,0.0320,1.24,"1, 1L, 1D",1,1,1.000,
059003.000516,134162.7500,134162.7870,-0.0370,0.2600,0.14,"6, 4L, 3D",6,3,0.500,
059003.000508,133511.5700,133511.6050,-0.0350,0.1700,0.21,"8, 6D",8,6,0.750,
059003.000416,128381.7100,128381.6761,+0.0339,0.1900,0.18,"5, 1L, 2D",5,2,0.400,
059003.000489,118987.2400,118987.2065,+0.0335,0.1100,0.30,"13, 6L, 6D",13,6,0.462,
059003.000500,132415.6900,132415.6575,+0.0325,0.1800,0.18,"4, 2L, 1D",4,1,0.250,
059003.000507,133370.4500,133370.4213,+0.0287,0.1500,0.19,"7, 3D",7,3,0.429,
059003.000484,118069.0400,118069.0684,-0.0284,0.1300,0.22,"11, 5L, 6D",11,6,0.545,
059003.000303,87511.4940,87511.5222,-0.0282,0.0540,0.52,"14, 5L, 4D",14,4,0.286,
059003.000398,117686.4600,117686.4860,-0.0260,0.1100,0.24,"13, 2L, 5D",13,5,0.385,
059003.000513,134008.0600,134008.0858,-0.0258,0.2800,0.09,"4, 2L, 2D",4,2,0.500,
059003.000408,120498.7000,120498.6755,+0.0245,0.2000,0.12,"8, 2L, 6D",8,6,0.750,
059003.000561,111039.6710,111039.6469,+0.0241,0.0760,0.32,"3, 1L, 3D",3,3,1.000,
059003.000413,121532.6700,121532.6462,+0.0238,0.1100,0.22,"14, 2L, 5D",14,5,0.357,
059003.000378,115403.3040,115403.3265,-0.0225,0.0260,0.87,"20, 7L, 8D",21,8,0.381,
059003.000399,117775.3494,117775.3278,+0.0216,0.0134,1.61,"14, 2L, 4D",14,4,0.286,
059003.000557,107404.0818,107404.0606,+0.0212,0.0137,1.55,"3, 2L",3,0,0.000,
059003.000337,104904.6491,104904.6286,+0.0205,0.0132,1.56,"9, 5L, 2D",9,2,0.222,
059003.000403,118271.7370,118271.7166,+0.0204,0.0180,1.13,"15, 4L, 4D",15,4,0.267,
059003.000389,116453.2700,116453.2499,+0.0201,0.1000,0.20,"18, 4L, 9D",18,9,0.500,
059003.000476,116078.6837,116078.6636,+0.0201,0.0134,1.50,"16, 6L, 9D",16,9,0.562,
059003.000341,105566.6947,105566.6750,+0.0197,0.0136,1.45,"8, 4L, 1D",8,1,0.125,
059003.000488,118885.0290,118885.0094,+0.0196,0.0180,1.09,"17, 7L, 10D",17,10,0.588,
059003.000622,141328.7120,141328.6932,+0.0188,0.0130,1.45,"3, 3L",3,0,0.000,
059003.000614,138822.4619,138822.4432,+0.0187,0.0208,0.90,"5, 2L, 3D",5,3,0.600,
059003.000381,115499.6800,115499.6985,-0.0185,0.0240,0.77,"25, 7L, 6D",26,6,0.231,
059003.000503,132958.2500,132958.2679,-0.0179,0.1800,0.10,"4, 1D",4,1,0.250,
059003.000617,138849.9300,138849.9125,+0.0175,0.0290,0.60,"3, 1L, 1D",3,1,0.333,
059003.000587,134480.2090,134480.1930,+0.0160,0.0490,0.33,"3, 1L, 1D",3,1,0.333,
059003.000427,133503.8190,133503.8031,+0.0159,0.0150,1.06,"11, 2L, 2D",11,2,0.182,
059003.000397,117647.2300,117647.2143,+0.0157,0.1000,0.16,"16, 3L, 7D",16,7,0.438,
059003.000580,134402.9970,134402.9814,+0.0156,0.0360,0.43,"3, 1L, 1D",3,1,0.333,
059003.000322,101665.5140,101665.5293,-0.0153,0.0470,0.33,"8, 1L, 4D",8,4,0.500,
059003.000461,111779.2360,111779.2211,+0.0149,0.0510,0.29,"5, 2L, 2D",5,2,0.400,
059003.000491,119077.5500,119077.5644,-0.0144,0.2000,0.07,"5, 1L, 2D",5,2,0.400,
059003.000498,128800.3200,128800.3065,+0.0135,0.1800,0.08,"5, 2L, 1D",5,1,0.200,
059003.000524,136110.9800,136110.9932,-0.0132,0.3900,0.03,"3, 1D",3,1,0.333,
059003.000355,111268.6430,111268.6300,+0.0130,0.0500,0.26,"13, 4L, 3D",13,3,0.231,
059003.000401,118080.9630,118080.9757,-0.0127,0.0980,0.13,"16, 5L, 4D",16,4,0.250,
059003.000555,107223.1900,107223.1773,+0.0127,0.0320,0.40,"5, 1L, 1D",5,1,0.200,
059003.000501,132651.5400,132651.5523,-0.0123,0.1800,0.07,"6, 2L, 2D",6,2,0.333,
059003.000353,110922.3710,110922.3588,+0.0122,0.0480,0.25,"18, 8L, 7D",18,7,0.389,
059003.000375,114797.1520,114797.1398,+0.0122,0.0170,0.72,"16, 3L, 2D",16,2,0.125,
059003.000585,134454.3860,134454.3738,+0.0122,0.0500,0.24,2,2,0,0.000,
059003.000591,134496.2570,134496.2449,+0.0121,0.0410,0.29,"1, 1D",1,1,1.000,
059003.000474,115881.7200,115881.7317,-0.0117,0.2100,0.06,"7, 1L, 4D",7,4,0.571,
059003.000565,119225.7550,119225.7433,+0.0117,0.0460,0.25,"5, 2L, 2D",5,2,0.400,
059003.000400,118062.7820,118062.7704,+0.0116,0.0110,1.06,"7, 2L, 2D",7,2,0.286,
059003.000409,121095.1700,121095.1816,-0.0116,0.1300,0.09,"9, 2L, 3D",9,3,0.333,
059003.000517,134220.2700,134220.2816,-0.0116,0.2400,0.05,"6, 1D",6,1,0.167,
059003.000462,111903.0840,111903.0727,+0.0113,0.0430,0.26,"10, 1L, 1D",10,1,0.100,
059003.000492,120715.6800,120715.6689,+0.0111,0.1400,0.08,"7, 3L, 2D",7,2,0.286,
059003.000564,115439.5220,115439.5330,-0.0110,0.0590,0.19,"4, 1D",4,1,0.250,
059003.000454,87726.8720,87726.8829,-0.0109,0.0440,0.25,"9, 6L, 3D",9,3,0.333,
059003.000339,105049.7269,105049.7161,+0.0108,0.0105,1.03,"10, 1L",10,0,0.000,
059003.000370,113780.3309,113780.3204,+0.0105,0.0131,0.80,"22, 5L, 4D",22,4,0.182,
059003.000530,137960.7040,137960.6935,+0.0105,0.0340,0.31,4,4,0,0.000,
059003.000481,117397.7429,117397.7329,+0.0100,0.0100,1.00,"13, 5L, 6D",13,6,0.462,
059003.000385,115933.2020,115933.1921,+0.0099,0.0200,0.49,"16, 1L, 3D",16,3,0.188,
059003.000406,118610.8990,118610.8891,+0.0099,0.0110,0.90,"14, 4L, 2D",14,2,0.143,
059003.000415,128352.8000,128352.8099,-0.0099,0.2000,0.05,"5, 2D",5,2,0.400,
059003.000376,114970.8870,114970.8773,+0.0097,0.0470,0.21,2,3,0,0.000,
059003.000426,133392.8940,133392.8843,+0.0097,0.0140,0.69,"9, 5L, 1D",9,1,0.111,
059003.000479,117375.9434,117375.9337,+0.0097,0.0111,0.87,"9, 2L, 2D",9,2,0.222,
059003.000620,138888.9140,138888.9043,+0.0097,0.0500,0.19,1,1,0,0.000,
059003.000342,105632.1093,105632.0997,+0.0096,0.0098,0.98,"13, 3L",13,0,0.000,
059003.000410,121119.3791,121119.3695,+0.0096,0.0121,0.80,"9, 2L, 2D",9,2,0.222,
059003.000532,138077.9860,138077.9765,+0.0095,0.0340,0.28,2,2,0,0.000,
059003.000546,105485.2856,105485.2761,+0.0095,0.0118,0.80,"4, 1L, 1D",4,1,0.250,
059003.000304,88209.9470,88209.9564,-0.0094,0.0610,0.15,"9, 4L, 3D",9,3,0.333,
059003.000480,117385.0664,117385.0572,+0.0092,0.0101,0.91,"13, 4L, 3D",13,3,0.231,
059003.000550,106306.5110,106306.5019,+0.0091,0.0450,0.20,"5, 3D",5,3,0.600,
059003.000335,104598.9130,104598.9040,+0.0090,0.0110,0.82,"8, 3L, 1D",8,1,0.125,
059003.000387,116238.8650,116238.8561,+0.0089,0.0101,0.88,"11, 2L, 3D",11,3,0.273,
059003.000336,104788.5750,104788.5662,+0.0088,0.0120,0.74,"8, 4L, 1D",8,1,0.125,
059003.000340,105450.1975,105450.1887,+0.0088,0.0106,0.83,"7, 1L, 1D",7,1,0.143,
059003.000242,68305.2140,68305.2054,+0.0086,0.0260,0.33,"9, 6L",9,0,0.000,
059003.000343,106665.0920,106665.0840,+0.0080,0.0260,0.31,"6, 3L, 2D",6,2,0.333,
059003.000446,84150.8360,84150.8440,-0.0080,0.0630,0.13,"6, 1L, 1D",6,1,0.167,
059003.000239,67870.7400,67870.7321,+0.0079,0.0150,0.53,"34, 11L, 7D",34,7,0.206,
059003.000589,134488.5950,134488.6029,-0.0079,0.0480,0.16,"2, 1L, 1D",2,1,0.500,
059003.000568,124594.4800,124594.4878,-0.0078,0.0620,0.13,"3, 1L, 1D",3,1,0.333,
059003.000609,138794.6202,138794.6124,+0.0078,0.0135,0.58,4,4,0,0.000,
059003.000575,130218.7150,130218.7074,+0.0076,0.0270,0.28,"3, 1L, 1D",3,1,0.333,
059003.000393,117248.0430,117248.0355,+0.0075,0.0190,0.40,"10, 2L, 1D",10,1,0.100,
059003.000615,138827.7190,138827.7116,+0.0074,0.0260,0.28,2,2,0,0.000,
059003.000338,105019.0643,105019.0571,+0.0072,0.0127,0.57,"13, 4L, 4D",13,4,0.308,
059003.000608,138787.9590,138787.9518,+0.0072,0.0120,0.60,"5, 2L",5,0,0.000,
059003.000349,110295.2840,110295.2769,+0.0071,0.0210,0.34,"11, 5L, 2D",11,2,0.182,
059003.000356,111335.0048,111334.9977,+0.0071,0.0255,0.28,"12, 3L, 3D",12,3,0.250,
059003.000367,113600.1626,113600.1555,+0.0071,0.0164,0.43,"21, 4L, 5D",21,5,0.238,
059003.000610,138796.5000,138796.4929,+0.0071,0.0160,0.45,"3, 1L, 1D",3,1,0.333,
059003.000611,138799.4650,138799.4579,+0.0071,0.0160,0.45,3,3,0,0.000,
059003.000437,74696.2170,74696.2100,+0.0070,0.0220,0.32,"11, 4L, 3D",11,3,0.273,
059003.000576,131788.1130,131788.1060,+0.0070,0.0160,0.44,5,5,0,0.000,
059003.000596,136570.8358,136570.8288,+0.0070,0.0117,0.60,5,5,0,0.000,
059003.000597,136572.2330,136572.2260,+0.0070,0.0110,0.64,"6, 2L, 1D",6,1,0.167,
059003.000607,138783.4900,138783.4970,-0.0070,0.0310,0.23,2,2,0,0.000,
059003.000405,118468.9450,118468.9519,-0.0069,0.0920,0.07,"16, 3L, 4D",16,4,0.250,
059003.000374,114725.6400,114725.6332,+0.0068,0.0200,0.34,"8, 2L, 1D",8,1,0.125,
059003.000383,115672.2739,115672.2671,+0.0068,0.0126,0.54,"16, 2L, 3D",16,3,0.188,
059003.000412,121431.2500,121431.2432,+0.0068,0.1100,0.06,"11, 2L, 3D",11,3,0.273,
059003.000468,113894.7241,113894.7173,+0.0068,0.0086,0.79,"20, 7L, 4D",20,4,0.200,
059003.000584,134433.5440,134433.5372,+0.0068,0.0220,0.31,3,3,0,0.000,
059003.000422,133194.3000,133194.2933,+0.0067,0.3500,0.02,"2, 1L, 1D",2,1,0.500,
059003.000466,113225.7025,113225.6959,+0.0066,0.0084,0.79,"7, 4L, 3D",7,3,0.429,
059003.000469,115094.0773,115094.0707,+0.0066,0.0079,0.83,"8, 3L, 2D",8,2,0.250,
059003.000470,115176.1573,115176.1507,+0.0066,0.0077,0.85,"10, 3L, 3D",10,3,0.300,
059003.000421,131226.0446,131226.0381,+0.0065,0.0088,0.74,"13, 4L",13,0,0.000,
059003.000354,111110.0740,111110.0676,+0.0064,0.0220,0.29,"16, 4L, 5D",16,5,0.312,
059003.000368,113630.9262,113630.9198,+0.0064,0.0085,0.75,"15, 3L, 4D",15,4,0.267,
059003.000382,115670.0270,115670.0206,+0.0064,0.0190,0.34,"9, 1L, 3D",9,3,0.333,
059003.000499,128913.1300,128913.1236,+0.0064,0.1400,0.05,"7, 2L, 2D",7,2,0.286,
059003.000571,129009.2200,129009.2137,+0.0063,0.0150,0.42,"6, 1L, 1D",6,1,0.167,
059003.000594,136558.0460,136558.0397,+0.0063,0.0180,0.35,5,5,0,0.000,
059003.000595,136559.6310,136559.6247,+0.0063,0.0190,0.33,2,2,0,0.000,
059003.000308,92441.6460,92441.6398,+0.0062,0.0320,0.19,"21, 2L, 1D",21,1,0.048,
059003.000331,103344.3524,103344.3462,+0.0062,0.0079,0.79,"12, 3L, 2D",12,2,0.167,
059003.000361,112769.7240,112769.7178,+0.0062,0.0190,0.32,"16, 2L, 4D",16,4,0.250,
059003.000458,111518.3983,111518.3921,+0.0062,0.0083,0.75,"8, 3L, 1D",8,1,0.125,
059003.000583,134428.7150,134428.7088,+0.0062,0.0230,0.27,3,3,0,0.000,
059003.000592,136555.0180,136555.0118,+0.0062,0.0200,0.31,2,2,0,0.000,
059003.000529,136643.2600,136643.2539,+0.0061,0.4700,0.01,2,2,0,0.000,
059003.000578,134394.2190,134394.2129,+0.0061,0.0170,0.36,"2, 2L",2,0,0.000,
059003.000327,102830.4523,102830.4463,+0.0060,0.0077,0.78,"13, 7L, 5D",13,5,0.385,
059003.000360,112643.1400,112643.1340,+0.0060,0.0160,0.38,"17, 4L, 4D",17,4,0.235,
059003.000440,76411.0260,76411.0200,+0.0060,0.0250,0.24,"11, 4L, 4D",11,4,0.364,
059003.000467,113854.8492,113854.8432,+0.0060,0.0093,0.65,"11, 3D",11,3,0.273,
059003.000569,125145.1960,125145.1900,+0.0060,0.0790,0.08,"3, 1L",3,0,0.000,
059003.000306,90119.9490,90119.9549,-0.0059,0.0520,0.11,"12, 4L, 1D",12,1,0.083,
059003.000230,66735.8500,66735.8442,+0.0058,0.0120,0.48,"28, 6L, 4D",28,4,0.143,
059003.000277,75762.2010,75762.1952,+0.0058,0.0200,0.29,"10, 3L, 1D",10,1,0.100,
059003.000460,111772.7550,111772.7608,-0.0058,0.0460,0.13,"10, 2L, 3D",10,3,0.300,
059003.000364,113158.5668,113158.5611,+0.0057,0.0095,0.60,"23, 8L, 6D",23,6,0.261,
059003.000471,115218.7289,115218.7232,+0.0057,0.0084,0.68,"11, 1L, 2D",11,2,0.182,
059003.000519,134868.7700,134868.7643,+0.0057,0.1700,0.03,"5, 1L, 1D",5,1,0.200,
059003.000351,110531.0420,110531.0364,+0.0056,0.0290,0.19,"6, 2D",7,2,0.286,
059003.000457,99938.6780,99938.6836,-0.0056,0.0860,0.06,"6, 3L, 2D",6,2,0.333,
059003.000325,102484.6229,102484.6174,+0.0055,0.0103,0.53,"12, 3L, 5D",12,5,0.417,
059003.000490,119019.2000,119019.1945,+0.0055,0.1300,0.04,"7, 3L, 2D",7,2,0.286,
059003.000543,103973.3565,103973.3510,+0.0055,0.0103,0.53,"5, 1L, 3D",5,3,0.600,
059003.000563,113854.3880,113854.3825,+0.0055,0.0310,0.18,"7, 2L, 1D",7,1,0.143,
059003.000572,129454.4960,129454.4905,+0.0055,0.0110,0.50,"5, 2L",5,0,0.000,
059003.000579,134402.1330,134402.1276,+0.0054,0.0230,0.24,"3, 1L",3,0,0.000,
059003.000332,103484.1729,103484.1676,+0.0053,0.0092,0.58,"6, 1L, 2D",6,2,0.333,
059003.000359,111993.0145,111993.0092,+0.0053,0.0110,0.48,"22, 6L, 5D",22,5,0.227,
059003.000520,134932.2200,134932.2147,+0.0053,0.1700,0.03,"6, 2L, 1D",6,1,0.167,
059003.000590,134492.7620,134492.7567,+0.0053,0.0330,0.16,1,1,0,0.000,
059003.000326,102617.2934,102617.2882,+0.0052,0.0094,0.56,"12, 6L, 5D",12,5,0.417,
059003.000380,115420.8934,115420.8882,+0.0052,0.0113,0.46,"21, 4L, 5D",21,5,0.238,
059003.000456,99681.9180,99681.9128,+0.0052,0.1030,0.05,"3, 2D",3,2,0.667,
059003.000472,115489.7948,115489.7896,+0.0052,0.0096,0.55,"11, 1L, 2D",11,2,0.182,
059003.000518,134375.5920,134375.5868,+0.0052,0.0330,0.16,"2, 1D",2,1,0.500,
059003.000323,101680.4440,101680.4389,+0.0051,0.0081,0.63,"9, 3L, 2D",9,2,0.222,
059003.000324,102435.6331,102435.6280,+0.0051,0.0092,0.56,"12, 3L, 2D",12,2,0.167,
059003.000329,103308.5110,103308.5059,+0.0051,0.0102,0.50,"7, 2L",7,0,0.000,
059003.000511,133650.6740,133650.6689,+0.0051,0.0750,0.07,"3, 1L",3,0,0.000,
059003.000334,103895.8316,103895.8266,+0.0050,0.0102,0.49,"8, 1L, 2D",8,2,0.250,
059003.000567,122932.6330,122932.6280,+0.0050,0.0710,0.07,"4, 1L",4,0,0.000,
059003.000054,16516.1420,16516.1469,-0.0049,0.0140,0.35,"41, 9L, 10D",41,10,0.244,
059003.000328,102981.9328,102981.9279,+0.0049,0.0078,0.63,"11, 1L, 2D",11,2,0.182,
059003.000165,38726.5180,38726.5132,+0.0048,0.0250,0.19,"24, 7L, 3D",24,3,0.125,
059003.000184,46783.7880,46783.7832,+0.0048,0.0140,0.34,"10, 2L, 1D",10,1,0.100,
059003.000271,74463.7150,74463.7103,+0.0047,0.0380,0.12,"11, 2L, 3D",11,3,0.273,
059003.000316,100625.0505,100625.0458,+0.0047,0.0083,0.57,"7, 3L, 1D",7,1,0.143,
059003.000317,100788.9948,100788.9901,+0.0047,0.0084,0.56,"11, 7L, 2D",11,2,0.182,
059003.000225,65967.1210,65967.1164,+0.0046,0.0150,0.31,"18, 4L, 2D",18,2,0.111,
059003.000523,136034.2680,136034.2634,+0.0046,0.0340,0.14,"5, 1D",5,1,0.200,
059003.000525,136326.5800,136326.5846,-0.0046,0.2100,0.02,"4, 1L, 1D",4,1,0.250,
059003.000289,80360.8000,80360.7955,+0.0045,0.0210,0.21,"14, 4L, 2D",14,2,0.143,
059003.000315,100430.3390,100430.3345,+0.0045,0.0103,0.44,"9, 3L, 1D",9,1,0.111,
059003.000379,115408.4529,115408.4484,+0.0045,0.0084,0.54,"19, 3L, 3D",19,3,0.158,
059003.000388,116309.1930,116309.1885,+0.0045,0.0190,0.24,"20, 6L, 6D",21,6,0.286,
059003.000396,117574.6100,117574.6055,+0.0045,0.1200,0.04,"15, 4L, 6D",15,6,0.400,
059003.000465,113211.6626,113211.6581,+0.0045,0.0081,0.55,"12, 6L, 5D",12,5,0.417,
059003.000478,117359.3100,117359.3055,+0.0045,0.2100,0.02,3,3,0,0.000,
059003.000493,121412.3400,121412.3445,-0.0045,0.1800,0.02,"11, 8L, 7D",11,7,0.636,
059003.000510,133595.0900,133595.0855,+0.0045,0.1800,0.02,"5, 1L",5,0,0.000,
059003.000574,129934.4850,129934.4805,+0.0045,0.0110,0.41,"7, 2L, 1D",7,1,0.143,
059003.000227,66301.3170,66301.3126,+0.0044,0.0220,0.20,"15, 3L, 3D",15,3,0.200,
059003.000319,101071.3999,101071.3955,+0.0044,0.0085,0.52,"7, 4L",7,0,0.000,
059003.000350,110333.6830,110333.6786,+0.0044,0.0360,0.12,"15, 4L, 5D",15,5,0.333,
059003.000295,83426.5460,83426.5417,+0.0043,0.0280,0.15,"9, 5L, 2D",9,2,0.222,
059003.000352,110881.0020,110880.9977,+0.0043,0.0230,0.19,"21, 5L, 5D",21,5,0.238,
059003.000448,84690.1810,84690.1767,+0.0043,0.0500,0.09,"8, 1L, 1D",8,1,0.125,
059003.000482,117507.9230,117507.9187,+0.0043,0.0970,0.04,"15, 3L, 4D",15,4,0.267,
059003.000521,135896.6500,135896.6543,-0.0043,0.3900,0.01,2,2,0,0.000,
059003.000307,90629.2070,90629.2028,+0.0042,0.0310,0.14,"15, 1L, 3D",15,3,0.200,
059003.000369,113664.5796,113664.5754,+0.0042,0.0076,0.55,"18, 7L, 5D",18,5,0.278,
059003.000047,15045.8500,15045.8459,+0.0041,0.0220,0.19,"32, 13L, 12D",33,12,0.364,
059003.000395,117540.5130,117540.5171,-0.0041,0.0900,0.05,"11, 1L, 2D",11,2,0.182,
059003.000450,85981.7210,85981.7251,-0.0041,0.0860,0.05,"3, 1L, 1D",3,1,0.333,
059003.000301,84992.0280,84992.0240,+0.0040,0.0350,0.11,"8, 1L, 2D",8,2,0.250,
059003.000346,107299.0620,107299.0580,+0.0040,0.0210,0.19,"7, 2L, 1D",7,1,0.143,
059003.000483,117593.0000,117592.9960,+0.0040,0.1100,0.04,"12, 8L, 7D",12,7,0.583,
059003.000485,118224.0700,118224.0660,+0.0040,0.1300,0.03,"9, 1L, 1D",9,1,0.111,
059003.000541,100215.0021,100214.9981,+0.0040,0.0095,0.42,"11, 4L, 4D",11,4,0.364,
059003.000581,134405.4830,134405.4791,+0.0039,0.0190,0.20,"3, 2D",3,2,0.667,
059003.000582,134426.1010,134426.0971,+0.0039,0.0330,0.12,"5, 2L, 2D",5,2,0.400,
059003.000619,138883.8200,138883.8161,+0.0039,0.0200,0.19,2,2,0,0.000,
059003.000139,32760.1240,32760.1203,+0.0037,0.0240,0.15,"19, 10L, 4D",19,4,0.211,
059003.000320,101165.3143,101165.3106,+0.0037,0.0079,0.47,"12, 3L, 2D",12,2,0.167,
059003.000420,131200.1620,131200.1583,+0.0037,0.0110,0.34,"9, 4L, 2D",9,2,0.222,
059003.000451,86390.5280,86390.5317,-0.0037,0.0580,0.06,"6, 3L, 1D",6,1,0.167,
059003.000502,132783.0800,132783.0763,+0.0037,0.1900,0.02,"6, 2D",6,2,0.333,
059003.000514,134069.4000,134069.3963,+0.0037,0.2400,0.02,"5, 1L, 1D",5,1,0.200,
059003.000365,113291.6830,113291.6794,+0.0036,0.0180,0.20,"25, 9L, 10D",25,10,0.400,
059003.000542,101777.9790,101777.9754,+0.0036,0.0440,0.08,"3, 1D",3,1,0.333,
059003.000205,62558.6581,62558.6546,+0.0035,0.0087,0.40,"51, 12L, 5D",51,5,0.098,
059003.000206,62678.6940,62678.6905,+0.0035,0.0110,0.32,"33, 9L, 1D",33,1,0.030,
059003.000265,71994.7960,71994.7995,-0.0035,0.0160,0.22,"17, 4L, 2D",17,2,0.118,
059003.000463,112837.4456,112837.4421,+0.0035,0.0082,0.42,"7, 2L",7,0,0.000,
059003.000141,33466.3880,33466.3846,+0.0034,0.0120,0.29,"26, 9L, 3D",26,3,0.115,
059003.000214,64215.4160,64215.4126,+0.0034,0.0110,0.31,"28, 2L, 4D",28,4,0.143,
059003.000280,78312.8590,78312.8556,+0.0034,0.0210,0.16,"9, 1L, 2D",9,2,0.222,
059003.000414,128214.1800,128214.1834,-0.0034,0.2100,0.02,"5, 1L, 2D",5,2,0.400,
059003.000586,134454.8950,134454.8916,+0.0034,0.0360,0.09,2,2,0,0.000,
059003.000203,62240.8155,62240.8122,+0.0033,0.0087,0.37,"43, 9L, 6D",43,6,0.140,
059003.000223,65922.4010,65922.3977,+0.0033,0.0096,0.34,"43, 9L, 6D",43,6,0.140,
059003.000226,66148.3490,66148.3457,+0.0033,0.0110,0.30,"30, 7L, 4D",30,4,0.133,
059003.000357,111342.5700,111342.5667,+0.0033,0.0370,0.09,"23, 3L, 8D",23,8,0.348,
059003.000419,129105.9250,129105.9217,+0.0033,0.0150,0.22,"7, 1L",7,0,0.000,
059003.000509,133566.5800,133566.5833,-0.0033,0.3300,0.01,3,3,0,0.000,
059003.000257,70381.4650,70381.4618,+0.0032,0.0170,0.19,"15, 3L",15,0,0.000,
059003.000263,71736.3980,71736.4012,-0.0032,0.0170,0.19,"24, 7L, 4D",24,4,0.167,
059003.000313,96830.3960,96830.3928,+0.0032,0.0560,0.06,"16, 9L, 2D",16,2,0.125,
059003.000347,107854.4510,107854.4542,-0.0032,0.0200,0.16,"10, 4L, 2D",10,2,0.200,
059003.000439,76130.4500,76130.4468,+0.0032,0.0260,0.12,"7, 3L, 1D",7,1,0.143,
059003.000278,76892.4630,76892.4661,-0.0031,0.0490,0.06,"6, 1L, 2D",6,2,0.333,
059003.000358,111494.6920,111494.6889,+0.0031,0.0340,0.09,"19, 1L, 3D",19,3,0.158,
059003.000504,133037.5000,133037.5031,-0.0031,0.2300,0.01,"4, 1D",4,1,0.250,
059003.000166,38785.7567,38785.7537,+0.0030,0.0066,0.45,"25, 6L, 9D",25,9,0.360,
059003.000318,100947.1561,100947.1531,+0.0030,0.0101,0.30,"8, 1L, 2D",8,2,0.250,
059003.000425,133373.1360,133373.1330,+0.0030,0.0290,0.10,"5, 1D",5,1,0.200,
059003.000570,126743.2340,126743.2310,+0.0030,0.0550,0.05,6,6,0,0.000,
059003.000267,73378.3870,73378.3841,+0.0029,0.0260,0.11,"13, 3L, 3D",13,3,0.231,
059003.000314,100321.0874,100321.0845,+0.0029,0.0085,0.34,"11, 6L, 1D",11,1,0.091,
059003.000593,136555.5100,136555.5071,+0.0029,0.0130,0.22,"5, 1L, 1D",5,1,0.200,
059003.000127,28885.0930,28885.0902,+0.0028,0.0180,0.16,"39, 17L, 3D",39,3,0.077,
059003.000241,68238.0960,68238.0932,+0.0028,0.0220,0.13,"17, 4L, 3D",17,3,0.176,
059003.000110,25391.7422,25391.7395,+0.0027,0.0062,0.43,"7, 2L",7,0,0.000,
059003.000384,115800.1680,115800.1653,+0.0027,0.0240,0.11,"20, 9L, 5D",20,5,0.250,
059003.000455,89969.3830,89969.3803,+0.0027,0.1030,0.03,"3, 1L",3,0,0.000,
059003.000109,25244.6337,25244.6311,+0.0026,0.0067,0.39,"5, 1L",5,0,0.000,
059003.000211,63768.6590,63768.6564,+0.0026,0.0100,0.26,"47, 12L, 7D",47,7,0.149,
059003.000218,64857.1368,64857.1342,+0.0026,0.0091,0.29,"44, 12L, 2D",44,2,0.045,
059003.000464,113064.6901,113064.6875,+0.0026,0.0094,0.28,"10, 4L, 2D",10,2,0.200,
059003.000551,106384.5410,106384.5384,+0.0026,0.0290,0.09,"3, 1D",3,1,0.333,
059003.000188,50647.4290,50647.4265,+0.0025,0.0150,0.17,"12, 3L, 3D",12,3,0.250,
059003.000321,101446.2809,101446.2784,+0.0025,0.0099,0.25,"9, 2L, 1D",9,1,0.111,
059003.000134,30994.5770,30994.5746,+0.0024,0.0220,0.11,"31, 7L, 7D",31,7,0.226,
059003.000156,36670.5586,36670.5562,+0.0024,0.0066,0.37,"28, 9L, 5D",28,5,0.179,
059003.000171,39726.0025,39726.0001,+0.0024,0.0068,0.35,"21, 4L, 1D",21,1,0.048,
059003.000224,65935.2130,65935.2106,+0.0024,0.0130,0.19,"30, 4L, 7D",30,7,0.233,
059003.000260,71501.0050,71501.0026,+0.0024,0.0210,0.12,"11, 2L, 2D",11,2,0.182,
059003.000299,84410.6850,84410.6826,+0.0024,0.0170,0.14,"15, 8L, 2D",15,2,0.133,
059003.000407,118879.0014,118878.9990,+0.0024,0.0247,0.10,"16, 5L, 5D",16,5,0.312,
059003.000535,138445.3700,138445.3676,+0.0024,0.3100,0.01,3,3,0,0.000,
059003.000552,106394.0991,106394.0967,+0.0024,0.0185,0.13,"9, 3L, 1D",9,1,0.111,
059003.000142,33659.9990,33660.0013,-0.0023,0.0130,0.17,"26, 8L, 7D",27,7,0.259,
059003.000172,39733.0013,39732.9990,+0.0023,0.0061,0.37,"37, 6L, 6D",37,6,0.162,
059003.000198,60520.3180,60520.3157,+0.0023,0.0100,0.23,"25, 7L, 3D",25,3,0.120,
059003.000229,66681.1280,66681.1257,+0.0023,0.0130,0.18,"30, 5L, 6D",30,6,0.200,
059003.000459,111728.8689,111728.8666,+0.0023,0.0085,0.27,"6, 5L, 2D",6,2,0.333,
059003.000538,139081.5100,139081.5077,+0.0023,0.0370,0.06,4,4,0,0.000,
059003.000573,129744.1001,129744.0978,+0.0023,0.0115,0.20,"5, 2L",5,0,0.000,
059003.000105,24470.8916,24470.8894,+0.0022,0.0058,0.38,"45, 12L, 8D",46,8,0.174,
059003.000150,35801.1420,35801.1398,+0.0022,0.0120,0.19,"33, 13L, 4D",33,4,0.121,
059003.000164,38701.5884,38701.5862,+0.0022,0.0057,0.39,"30, 11L, 3D",31,3,0.097,
059003.000210,63593.3421,63593.3399,+0.0022,0.0096,0.22,"39, 6L, 4D",39,4,0.103,
059003.000246,68525.6040,68525.6018,+0.0022,0.0120,0.19,"27, 4L, 2D",27,2,0.074,
059003.000330,103335.0590,103335.0568,+0.0022,0.0190,0.12,"8, 2L, 1D",8,1,0.125,
059003.000533,138342.8000,138342.8022,-0.0022,0.3300,0.01,3,3,0,0.000,
059003.000556,107262.7050,107262.7028,+0.0022,0.0370,0.06,"4, 1L, 1D",4,1,0.250,
059003.000558,107697.0530,107697.0508,+0.0022,0.0220,0.10,"6, 2L",6,0,0.000,
059003.000566,121143.3590,121143.3568,+0.0022,0.0570,0.04,"4, 1L",4,0,0.000,
059003.000091,23175.0871,23175.0850,+0.0021,0.0086,0.25,"37, 9L, 11D",37,11,0.297,
059003.000133,30733.5190,30733.5169,+0.0021,0.0210,0.10,"25, 10L, 4D",25,4,0.160,
059003.000191,51312.7888,51312.7867,+0.0021,0.0182,0.12,"5, 2L",5,0,0.000,
059003.000560,108573.9968,108573.9947,+0.0021,0.0238,0.09,"7, 2L",7,0,0.000,
059003.000079,21238.7857,21238.7837,+0.0020,0.0093,0.21,"39, 5L, 7D",39,7,0.179,
059003.000197,60419.7109,60419.7089,+0.0020,0.0084,0.24,"42, 12L, 4D",42,4,0.095,
059003.000215,64235.6229,64235.6209,+0.0020,0.0095,0.21,"34, 6L, 3D",34,3,0.088,
059003.000219,64865.1398,64865.1378,+0.0020,0.0098,0.20,"31, 9L, 5D",31,5,0.161,
059003.000221,65295.8850,65295.8830,+0.0020,0.0120,0.17,"38, 8L, 5D",38,5,0.132,
059003.000390,116489.7678,116489.7658,+0.0020,0.0187,0.11,"8, 1D",8,1,0.125,
059003.000487,118861.2608,118861.2588,+0.0020,0.0197,0.10,"14, 6L, 6D",14,6,0.429,
059003.000621,138895.8790,138895.8770,+0.0020,0.0220,0.09,"3, 1L",3,0,0.000,
059003.000071,19649.6680,19649.6661,+0.0019,0.0094,0.21,9,9,0,0.000,
059003.000075,20315.6493,20315.6474,+0.0019,0.0076,0.25,"32, 11L, 11D",32,11,0.344,
059003.000199,61357.0204,61357.0185,+0.0019,0.0092,0.20,"40, 8L, 5D",40,5,0.125,
059003.000212,63816.8795,63816.8776,+0.0019,0.0083,0.22,"43, 12L, 4D",43,4,0.093,
059003.000333,103805.3750,103805.3731,+0.0019,0.0260,0.07,"6, 2L",6,0,0.000,
059003.000366,113556.8600,113556.8581,+0.0019,0.0880,0.02,"14, 3L, 2D",14,2,0.143,
059003.000386,116021.7850,116021.7869,-0.0019,0.0260,0.07,"18, 5L, 7D",18,7,0.389,
059003.000404,118318.6120,118318.6139,-0.0019,0.0890,0.02,"15, 3L, 4D",15,4,0.267,
059003.000452,86455.6940,86455.6921,+0.0019,0.0790,0.02,"7, 2L",7,0,0.000,
059003.000527,136485.2400,136485.2419,-0.0019,0.2400,0.01,"6, 3L, 1D",6,1,0.167,
059003.000537,138900.3700,138900.3719,-0.0019,0.3100,0.01,3,3,0,0.000,
059003.000612,138799.9475,138799.9456,+0.0019,0.0152,0.13,4,4,0,0.000,
059003.000618,138874.9170,138874.9189,-0.0019,0.0210,0.09,4,4,0,0.000,
059003.000124,28101.7796,28101.7778,+0.0018,0.0059,0.30,"10, 2L",10,0,0.000,
059003.000154,36642.1068,36642.1050,+0.0018,0.0062,0.30,"40, 9L, 5D",40,5,0.125,
059003.000187,50227.8490,50227.8472,+0.0018,0.0190,0.09,"11, 2L, 1D",11,1,0.091,
059003.000268,73606.1010,73606.0992,+0.0018,0.0220,0.08,"13, 8L, 1D",13,1,0.077,
059003.000273,75409.5760,75409.5742,+0.0018,0.0150,0.12,"18, 6L, 2D",18,2,0.111,
059003.000345,107081.9181,107081.9163,+0.0018,0.0193,0.10,"8, 2L",8,0,0.000,
059003.000438,75982.8600,75982.8582,+0.0018,0.0180,0.10,"10, 3L, 2D",10,2,0.200,
059003.000033,4453.7578,4453.7561,+0.0017,0.0062,0.27,"13, 1L, 1D",13,1,0.077,
059003.000040,12494.6281,12494.6264,+0.0017,0.0053,0.31,"16, 8L, 2D",16,2,0.125,
059003.000096,23647.7680,23647.7663,+0.0017,0.0100,0.17,"44, 13L, 10D",44,10,0.227,
059003.000116,26447.8890,26447.8873,+0.0017,0.0071,0.24,"4, 1L",4,0,0.000,
059003.000120,27380.2938,27380.2921,+0.0017,0.0056,0.31,"45, 16L, 5D",45,5,0.111,
059003.000167,39024.2640,39024.2623,+0.0017,0.0074,0.23,"28, 9L, 7D",29,7,0.241,
059003.000237,67398.7940,67398.7923,+0.0017,0.0120,0.14,"23, 5L, 4D",23,4,0.174,
059003.000243,68331.7352,68331.7335,+0.0017,0.0165,0.10,"35, 10L, 18D",35,18,0.514,
059003.000244,68374.5400,68374.5383,+0.0017,0.0100,0.17,"35, 9L, 2D",35,2,0.057,
059003.000429,135868.7300,135868.7283,+0.0017,0.0700,0.02,7,7,0,0.000,
059003.000052,16089.1245,16089.1229,+0.0016,0.0056,0.29,"12, 7L",12,0,0.000,
059003.000066,18921.2429,18921.2413,+0.0016,0.0069,0.23,"25, 6L, 6D",25,6,0.240,
059003.000103,24357.9681,24357.9665,+0.0016,0.0057,0.29,"12, 2L, 1D",12,1,0.083,
059003.000108,25033.9104,25033.9088,+0.0016,0.0052,0.31,"59, 13L, 12D",59,12,0.203,
059003.000282,78694.5510,78694.5494,+0.0016,0.0200,0.08,"15, 4L, 2D",15,2,0.133,
059003.000284,79136.2020,79136.2004,+0.0016,0.0180,0.09,"16, 7L, 3D",16,3,0.188,
059003.000449,84804.1340,84804.1356,-0.0016,0.0250,0.06,"8, 2L, 1D",8,1,0.125,
059003.000057,17113.1889,17113.1874,+0.0015,0.0057,0.26,"36, 6L, 8D",36,8,0.222,
059003.000093,23442.2495,23442.2480,+0.0015,0.0059,0.26,"51, 16L, 6D",51,6,0.118,
059003.000114,26095.2196,26095.2181,+0.0015,0.0060,0.25,"48, 12L, 13D",48,13,0.271,
059003.000131,29835.0835,29835.0820,+0.0015,0.0063,0.24,"53, 18L, 12D",53,12,0.226,
059003.000132,30505.6940,30505.6925,+0.0015,0.0070,0.21,"52, 10L, 4D",52,4,0.077,
059003.000173,39870.2026,39870.2011,+0.0015,0.0063,0.24,"40, 13L, 10D",40,10,0.250,
059003.000178,41026.8655,41026.8640,+0.0015,0.0088,0.17,"8, 1L, 2D",8,2,0.250,
059003.000195,58174.1590,58174.1575,+0.0015,0.0120,0.12,"33, 9L, 8D",33,8,0.242,
059003.000247,68544.1640,68544.1625,+0.0015,0.0110,0.13,"27, 5L, 4D",27,4,0.148,
059003.000276,75639.9580,75639.9565,+0.0015,0.0190,0.08,"14, 3L, 1D",14,1,0.071,
059003.000312,95147.7420,95147.7435,-0.0015,0.0520,0.03,"16, 6L, 2D",16,2,0.125,
059003.000443,79377.1240,79377.1225,+0.0015,0.0380,0.04,5,5,0,0.000,
059003.000445,82082.7270,82082.7285,-0.0015,0.0280,0.05,"11, 4L, 2D",11,2,0.182,
059003.000548,106153.7180,106153.7165,+0.0015,0.0220,0.07,"6, 1L",6,0,0.000,
059003.000562,111193.2030,111193.2015,+0.0015,0.0400,0.04,2,2,0,0.000,
059003.000604,136642.0220,136642.0205,+0.0015,0.0890,0.02,"2, 1L, 1D",2,1,0.500,
059003.000058,17409.5710,17409.5696,+0.0014,0.0100,0.14,"9, 5L",9,0,0.000,
059003.000060,17626.9937,17626.9923,+0.0014,0.0060,0.24,"51, 12L, 11D",51,11,0.216,
059003.000070,19360.0962,19360.0948,+0.0014,0.0062,0.23,"43, 6L, 6D",43,6,0.140,
059003.000102,24309.1943,24309.1957,-0.0014,0.0075,0.18,"25, 4L, 6D",25,6,0.240,
059003.000129,29263.0662,29263.0648,+0.0014,0.0067,0.20,"37, 13L, 5D",37,5,0.135,
059003.000189,50658.6870,50658.6884,-0.0014,0.0310,0.04,"11, 3L, 2D",11,2,0.182,
059003.000202,62062.6520,62062.6506,+0.0014,0.0140,0.10,"30, 6L, 9D",31,9,0.290,
059003.000231,66852.8438,66852.8424,+0.0014,0.0094,0.15,"25, 9L, 2D",25,2,0.080,
059003.000248,68801.6453,68801.6439,+0.0014,0.0096,0.15,"36, 8L, 5D",36,5,0.139,
059003.000266,73029.9640,73029.9654,-0.0014,0.0220,0.07,"16, 5L, 2D",16,2,0.125,
059003.000293,82492.5310,82492.5296,+0.0014,0.0270,0.05,"9, 4L",9,0,0.000,
059003.000433,68331.6720,68331.6734,-0.0014,0.0110,0.13,"27, 7L, 20D",27,20,0.741,
059003.000435,68676.5480,68676.5466,+0.0014,0.0120,0.12,"11, 2L, 1D",11,1,0.091,
059003.000048,15443.4778,15443.4765,+0.0013,0.0052,0.25,"13, 7L, 2D",13,2,0.154,
059003.000050,15525.5015,15525.5002,+0.0013,0.0043,0.30,"47, 12L, 7D",47,7,0.149,
059003.000061,17642.0458,17642.0445,+0.0013,0.0072,0.19,"7, 5L",7,0,0.000,
059003.000084,21755.8395,21755.8382,+0.0013,0.0070,0.18,"31, 8L, 6D",31,6,0.194,
059003.000085,22080.9414,22080.9401,+0.0013,0.0054,0.23,"50, 12L, 12D",50,12,0.240,
059003.000087,22527.7029,22527.7016,+0.0013,0.0061,0.21,"53, 12L, 11D",53,11,0.208,
059003.000097,23651.8848,23651.8835,+0.0013,0.0056,0.23,"61, 18L, 9D",61,9,0.148,
059003.000113,25979.3240,25979.3227,+0.0013,0.0140,0.09,"24, 3L, 3D",24,3,0.125,
059003.000119,27138.5481,27138.5468,+0.0013,0.0057,0.23,"55, 9L, 11D",56,11,0.196,
059003.000126,28720.7119,28720.7106,+0.0013,0.0064,0.21,"67, 24L, 8D",67,8,0.119,
059003.000128,28936.4510,28936.4497,+0.0013,0.0110,0.12,"13, 2L, 2D",13,2,0.154,
059003.000138,32288.9111,32288.9098,+0.0013,0.0082,0.15,"13, 2L, 1D",13,1,0.077,
059003.000145,34825.4730,34825.4717,+0.0013,0.0120,0.11,"23, 11L, 4D",24,4,0.167,
059003.000151,35828.4466,35828.4453,+0.0013,0.0067,0.20,"34, 11L, 5D",34,5,0.147,
059003.000222,65909.4370,65909.4357,+0.0013,0.0180,0.07,"14, 1L",14,0,0.000,
059003.000287,79742.3960,79742.3947,+0.0013,0.0290,0.04,"7, 1L, 1D",7,1,0.143,
059003.000291,80988.7480,80988.7467,+0.0013,0.0230,0.06,"12, 3L, 1D",12,1,0.083,
059003.000292,81404.5090,81404.5077,+0.0013,0.0210,0.06,"14, 4L",14,0,0.000,
059003.000297,83703.4280,83703.4267,+0.0013,0.0290,0.05,"10, 3L, 1D",10,1,0.100,
059003.000311,93967.3440,93967.3453,-0.0013,0.0420,0.03,"18, 6L, 2D",18,2,0.111,
059003.000428,135445.1790,135445.1777,+0.0013,0.0670,0.02,"9, 1L, 2D",10,2,0.200,
059003.000038,10950.2443,10950.2431,+0.0012,0.0055,0.23,"17, 6L",17,0,0.000,
059003.000051,15705.1313,15705.1301,+0.0012,0.0051,0.24,"15, 3L, 1D",15,1,0.067,
059003.000068,19046.0964,19046.0952,+0.0012,0.0075,0.16,"12, 1L",12,0,0.000,
059003.000073,19872.4288,19872.4276,+0.0012,0.0054,0.22,"65, 22L, 5D",65,5,0.077,
059003.000089,23050.6169,23050.6157,+0.0012,0.0066,0.18,"23, 2L, 7D",23,7,0.304,
059003.000209,63576.2640,63576.2628,+0.0012,0.0130,0.09,"28, 8L, 3D",28,3,0.107,
059003.000279,77821.9530,77821.9542,-0.0012,0.0180,0.07,"12, 5L, 1D",12,1,0.083,
059003.000296,83607.3320,83607.3308,+0.0012,0.0290,0.04,"13, 4L, 2D",13,2,0.154,
059003.000424,133352.1100,133352.1088,+0.0012,0.3600,0.00,1,1,0,0.000,
059003.000495,121582.7500,121582.7488,+0.0012,0.1800,0.01,"6, 2L, 2D",6,2,0.333,
059003.000522,135926.9200,135926.9212,-0.0012,0.3200,0.00,3,3,0,0.000,
059003.000554,107177.8200,107177.8212,-0.0012,0.0250,0.05,"6, 3L, 1D",6,1,0.167,
059003.000035,10032.9237,10032.9226,+0.0011,0.0051,0.22,"22, 9L, 2D",22,2,0.091,
059003.000039,11761.6904,11761.6893,+0.0011,0.0050,0.22,"20, 10L, 2D",20,2,0.100,
059003.000044,14187.3339,14187.3350,-0.0011,0.0074,0.15,"12, 1L, 1D",12,1,0.083,
059003.000059,17534.7568,17534.7557,+0.0011,0.0071,0.16,"20, 1D",20,1,0.050,
059003.000064,18241.5421,18241.5410,+0.0011,0.0054,0.21,"69, 11L, 13D",69,13,0.188,
059003.000072,19700.9072,19700.9061,+0.0011,0.0068,0.16,"53, 10L, 13D",53,13,0.245,
059003.000174,39940.7307,39940.7296,+0.0011,0.0053,0.21,"12, 3L, 1D",12,1,0.083,
059003.000245,68492.4290,68492.4279,+0.0011,0.0110,0.10,"31, 4L, 4D",31,4,0.129,
059003.000264,71978.4980,71978.4969,+0.0011,0.0100,0.11,"25, 12L",25,0,0.000,
059003.000269,73609.1240,73609.1229,+0.0011,0.0360,0.03,"10, 2L",10,0,0.000,
059003.000270,74105.2540,74105.2529,+0.0011,0.0200,0.06,"16, 6L, 3D",16,3,0.188,
059003.000300,84429.9010,84429.8999,+0.0011,0.0900,0.01,"6, 1D",6,1,0.167,
059003.000305,88948.5340,88948.5329,+0.0011,0.0810,0.01,"4, 1D",4,1,0.250,
059003.000344,106745.6580,106745.6569,+0.0011,0.0250,0.04,"5, 1D",5,1,0.200,
059003.000402,118201.5200,118201.5211,-0.0011,0.1300,0.01,"10, 2L, 4D",10,4,0.400,
059003.000549,106224.1850,106224.1839,+0.0011,0.0230,0.05,6,6,0,0.000,
059003.000032,2893.1419,2893.1409,+0.0010,0.0043,0.24,"20, 4L, 2D",20,2,0.100,
059003.000104,24461.2244,24461.2234,+0.0010,0.0058,0.18,"47, 13L, 9D",48,9,0.188,
059003.000106,24788.0253,24788.0243,+0.0010,0.0057,0.17,"55, 11L, 12D",55,12,0.218,
059003.000121,27452.4524,27452.4514,+0.0010,0.0061,0.16,"35, 8L, 8D",36,8,0.222,
059003.000135,31254.7196,31254.7186,+0.0010,0.0059,0.17,"43, 16L, 8D",43,8,0.186,
059003.000149,35384.1820,35384.1830,-0.0010,0.0250,0.04,"27, 6L, 5D",27,5,0.185,
059003.000160,37919.5890,37919.5880,+0.0010,0.0110,0.09,"28, 10L, 7D",29,7,0.241,
059003.000177,41023.9881,41023.9871,+0.0010,0.0076,0.13,"16, 3L, 3D",17,3,0.176,
059003.000216,64401.0347,64401.0337,+0.0010,0.0089,0.11,"31, 8L",31,0,0.000,
059003.000258,71021.1430,71021.1440,-0.0010,0.0250,0.04,"15, 3L, 3D",15,3,0.200,
059003.000275,75614.7880,75614.7890,-0.0010,0.0180,0.05,"20, 8L, 2D",20,2,0.100,
059003.000286,79395.5070,79395.5060,+0.0010,0.0240,0.04,"13, 2L, 1D",13,1,0.077,
059003.000290,80897.8080,80897.8070,+0.0010,0.0190,0.05,"12, 5L",12,0,0.000,
059003.000310,93296.4920,93296.4910,+0.0010,0.0640,0.02,9,9,0,0.000,
059003.000540,21598.5823,21598.5813,+0.0010,0.0061,0.16,"9, 2L, 3D",9,3,0.333,
059003.000544,105191.0070,105191.0060,+0.0010,0.0270,0.04,"5, 1D",5,1,0.200,
059003.000553,106468.4050,106468.4040,+0.0010,0.0340,0.03,2,2,0,0.000,
059003.000588,134480.8540,134480.8530,+0.0010,0.0360,0.03,3,3,0,0.000,
059003.000055,16763.9793,16763.9784,+0.0009,0.0057,0.16,"12, 5L, 1D",12,1,0.083,
059003.000082,21535.1624,21535.1615,+0.0009,0.0053,0.18,"68, 20L, 17D",68,17,0.250,
059003.000115,26446.9625,26446.9616,+0.0009,0.0051,0.18,"56, 9L, 10D",56,10,0.179,
059003.000122,27597.1269,27597.1260,+0.0009,0.0080,0.11,"9, 3L",9,0,0.000,
059003.000161,38448.3340,38448.3331,+0.0009,0.0110,0.08,"27, 5L, 7D",27,7,0.259,
059003.000179,44679.9428,44679.9419,+0.0009,0.0061,0.14,"33, 14L, 4D",34,4,0.118,
059003.000181,45805.9648,45805.9639,+0.0009,0.0098,0.10,"27, 3L, 3D",27,3,0.111,
059003.000183,45844.6350,45844.6359,-0.0009,0.0110,0.08,"14, 4L",14,0,0.000,
059003.000196,60166.1705,60166.1696,+0.0009,0.0070,0.13,"40, 10L, 4D",40,4,0.100,
059003.000207,63221.2724,63221.2715,+0.0009,0.0083,0.11,"23, 3L, 1D",23,1,0.043,
059003.000234,67049.1573,67049.1564,+0.0009,0.0093,0.10,"40, 11L, 4D",40,4,0.100,
059003.000442,76894.5810,76894.5801,+0.0009,0.0250,0.03,"8, 1L",8,0,0.000,
059003.000444,79378.3890,79378.3881,+0.0009,0.0200,0.05,"8, 1L",8,0,0.000,
059003.000453,86938.5320,86938.5311,+0.0009,0.0280,0.03,5,5,0,0.000,
059003.000031,1398.3439,1398.3431,+0.0008,0.0036,0.22,"21, 6L, 1D",21,1,0.048,
059003.000036,10138.1734,10138.1726,+0.0008,0.0050,0.16,"26, 7L, 1D",26,1,0.038,
059003.000074,20160.3555,20160.3547,+0.0008,0.0085,0.10,"17, 3L, 3D",17,3,0.176,
059003.000078,21148.4300,21148.4292,+0.0008,0.0062,0.13,"24, 7L, 7D",24,7,0.292,
059003.000112,25934.9711,25934.9703,+0.0008,0.0053,0.14,"47, 15L, 7D",48,7,0.146,
059003.000123,27604.2619,27604.2611,+0.0008,0.0053,0.15,"57, 16L, 12D",57,12,0.211,
059003.000153,36640.3804,36640.3796,+0.0008,0.0072,0.11,"49, 12L, 12D",49,12,0.245,
059003.000175,40098.6771,40098.6763,+0.0008,0.0074,0.11,"22, 8L, 2D",22,2,0.091,
059003.000185,48401.6357,48401.6349,+0.0008,0.0084,0.10,"16, 4L, 3D",16,3,0.188,
059003.000256,69978.0330,69978.0322,+0.0008,0.0190,0.04,"18, 6L, 2D",18,2,0.111,
059003.000274,75560.7170,75560.7178,-0.0008,0.0170,0.05,"15, 3L, 3D",15,3,0.200,
059003.000288,80164.0250,80164.0242,+0.0008,0.0170,0.05,"12, 4L",12,0,0.000,
059003.000034,9370.6541,9370.6534,+0.0007,0.0057,0.12,"15, 2L, 2D",15,2,0.133,
059003.000037,10859.0566,10859.0559,+0.0007,0.0048,0.14,"25, 11L",25,0,0.000,
059003.000062,18063.3739,18063.3732,+0.0007,0.0080,0.09,"53, 6L, 13D",53,13,0.245,
059003.000067,18990.0769,18990.0762,+0.0007,0.0098,0.07,"26, 9L, 9D",27,9,0.333,
059003.000076,20848.3758,20848.3751,+0.0007,0.0058,0.12,"40, 11L, 12D",40,12,0.300,
059003.000083,21611.1785,21611.1778,+0.0007,0.0057,0.12,"48, 12L, 10D",48,10,0.208,
059003.000095,23532.8658,23532.8651,+0.0007,0.0059,0.12,"45, 7L, 7D",45,7,0.156,
059003.000098,23751.5463,23751.5456,+0.0007,0.0057,0.13,"30, 7L, 7D",31,7,0.226,
059003.000111,25409.7378,25409.7371,+0.0007,0.0050,0.14,"61, 17L, 8D",61,8,0.131,
059003.000130,29267.8626,29267.8619,+0.0007,0.0064,0.11,"42, 14L, 4D",42,4,0.095,
059003.000143,34198.6005,34198.5998,+0.0007,0.0073,0.10,"8, 2L",8,0,0.000,
059003.000158,37011.9207,37011.9200,+0.0007,0.0069,0.10,"31, 7L, 4D",31,4,0.129,
059003.000169,39225.5982,39225.5975,+0.0007,0.0053,0.14,"9, 6L, 2D",9,2,0.222,
059003.000176,40205.7511,40205.7504,+0.0007,0.0073,0.09,"21, 7L, 2D",21,2,0.095,
059003.000186,48745.4830,48745.4823,+0.0007,0.0073,0.09,"18, 5L",18,0,0.000,
059003.000192,52026.9170,52026.9163,+0.0007,0.0240,0.03,"11, 1L, 1D",11,1,0.091,
059003.000208,63232.1603,63232.1596,+0.0007,0.0095,0.08,"26, 7L, 6D",26,6,0.231,
059003.000217,64817.5330,64817.5323,+0.0007,0.0110,0.07,"22, 1L, 3D",22,3,0.136,
059003.000251,69138.2414,69138.2407,+0.0007,0.0092,0.08,"39, 10L, 3D",39,3,0.077,
059003.000262,71592.3370,71592.3363,+0.0007,0.0160,0.04,"22, 3L, 4D",22,4,0.182,
059003.000285,79366.6470,79366.6463,+0.0007,0.0240,0.03,"13, 2L, 1D",13,1,0.077,
059003.000298,84409.9080,84409.9073,+0.0007,0.0220,0.03,10,10,0,0.000,
059003.000431,65073.2710,65073.2703,+0.0007,0.0160,0.05,"9, 3L",9,0,0.000,
059003.000477,116777.5595,116777.5588,+0.0007,0.0392,0.02,"4, 1L, 2D",4,2,0.500,
059003.000534,138410.7000,138410.6993,+0.0007,0.2800,0.00,"4, 1L",4,0,0.000,
059003.000601,136596.6610,136596.6603,+0.0007,0.0131,0.05,"5, 1L, 1D",5,1,0.200,
059003.000616,138833.5120,138833.5113,+0.0007,0.0400,0.02,"2, 1D",2,1,0.500,
059003.000042,13352.1005,13352.1011,-0.0006,0.0049,0.13,"31, 5L, 10D",31,10,0.323,
059003.000043,13887.5977,13887.5971,+0.0006,0.0052,0.11,"22, 10L, 3D",22,3,0.136,
059003.000065,18693.6358,18693.6352,+0.0006,0.0076,0.09,"9, 2L",9,0,0.000,
059003.000069,19308.9364,19308.9358,+0.0006,0.0086,0.07,"47, 6L, 9D",47,9,0.191,
059003.000080,21294.8870,21294.8864,+0.0006,0.0052,0.12,"62, 16L, 16D",62,16,0.258,
059003.000081,21418.8329,21418.8323,+0.0006,0.0056,0.12,"32, 2L, 7D",32,7,0.219,
059003.000117,26921.4748,26921.4742,+0.0006,0.0074,0.09,"9, 1L, 1D",9,1,0.111,
059003.000136,31787.9183,31787.9177,+0.0006,0.0060,0.09,"5, 1L",5,0,0.000,
059003.000146,35024.4850,35024.4844,+0.0006,0.0069,0.09,"50, 8L, 7D",51,7,0.137,
059003.000162,38549.8943,38549.8937,+0.0006,0.0073,0.09,"13, 3L",13,0,0.000,
059003.000163,38694.4833,38694.4827,+0.0006,0.0073,0.09,"19, 8L, 3D",20,3,0.150,
059003.000249,68978.5350,68978.5344,+0.0006,0.0100,0.06,"24, 6L",24,0,0.000,
059003.000259,71385.6250,71385.6244,+0.0006,0.0270,0.02,"14, 3L, 4D",14,4,0.286,
059003.000272,75294.0290,75294.0284,+0.0006,0.0260,0.02,"14, 4L",14,0,0.000,
059003.000547,105534.6400,105534.6394,+0.0006,0.0340,0.02,"3, 1L, 1D",3,1,0.333,
059003.000559,107978.5740,107978.5734,+0.0006,0.0330,0.02,3,3,0,0.000,
059003.000045,14558.8215,14558.8210,+0.0005,0.0043,0.12,"49, 9L, 6D",49,6,0.122,
059003.000049,15454.1705,15454.1700,+0.0005,0.0062,0.08,"28, 4L, 7D",28,7,0.250,
059003.000056,17095.6370,17095.6365,+0.0005,0.0062,0.09,"9, 2L",9,0,0.000,
059003.000094,23465.4190,23465.4185,+0.0005,0.0490,0.01,4,4,0,0.000,
059003.000140,33338.3560,33338.3555,+0.0005,0.0250,0.02,"12, 3L",12,0,0.000,
059003.000147,35137.8273,35137.8268,+0.0005,0.0074,0.06,"16, 3L, 3D",16,3,0.188,
059003.000155,36652.2796,36652.2791,+0.0005,0.0092,0.06,"28, 10L, 4D",28,4,0.143,
059003.000220,64979.5170,64979.5165,+0.0005,0.0130,0.04,"29, 8L, 6D",29,6,0.207,
059003.000233,66942.9800,66942.9795,+0.0005,0.0120,0.04,"18, 7L, 1D",18,1,0.056,
059003.000252,69408.4980,69408.4975,+0.0005,0.0190,0.03,"19, 2L, 3D",19,3,0.158,
059003.000255,69686.2240,69686.2235,+0.0005,0.0110,0.05,"26, 7L, 2D",26,2,0.077,
059003.000309,92554.6840,92554.6835,+0.0005,0.0440,0.01,"18, 3L, 1D",18,1,0.056,
059003.000377,115324.4830,115324.4835,-0.0005,0.0200,0.03,"20, 4L, 5D",20,5,0.250,
059003.000545,105338.5125,105338.5120,+0.0005,0.0390,0.01,"5, 1L, 3D",5,3,0.600,
059003.000577,131979.8200,131979.8205,-0.0005,0.1500,0.00,3,3,0,0.000,
059003.000041,12846.6627,12846.6623,+0.0004,0.0048,0.09,"47, 14L, 6D",47,6,0.128,
059003.000063,18211.7772,18211.7768,+0.0004,0.0079,0.05,"46, 10L, 7D",47,7,0.149,
059003.000090,23091.6947,23091.6943,+0.0004,0.0067,0.06,"10, 3L, 2D",10,2,0.200,
059003.000101,24250.6142,24250.6138,+0.0004,0.0073,0.05,"23, 6L, 4D",23,4,0.174,
059003.000118,26979.7140,26979.7136,+0.0004,0.0150,0.03,"2, 1L, 1D",2,1,0.500,
059003.000125,28399.4210,28399.4206,+0.0004,0.0330,0.01,"13, 2L, 3D",13,3,0.231,
059003.000152,35863.7424,35863.7420,+0.0004,0.0073,0.05,"20, 5L, 5D",20,5,0.250,
059003.000157,36683.2191,36683.2187,+0.0004,0.0094,0.04,"9, 4L, 2D",9,2,0.222,
059003.000159,37197.6324,37197.6320,+0.0004,0.0068,0.06,"23, 8L, 2D",23,2,0.087,
059003.000168,39120.4777,39120.4773,+0.0004,0.0085,0.04,"15, 1L",15,0,0.000,
059003.000170,39485.4610,39485.4606,+0.0004,0.0130,0.03,"5, 1L, 1D",5,1,0.200,
059003.000180,44903.3819,44903.3815,+0.0004,0.0062,0.07,"35, 14L, 9D",36,9,0.250,
059003.000194,58158.0582,58158.0578,+0.0004,0.0094,0.04,"37, 11L, 3D",37,3,0.081,
059003.000200,61605.6630,61605.6626,+0.0004,0.0100,0.04,"33, 6L, 2D",33,2,0.061,
059003.000213,64150.9080,64150.9084,-0.0004,0.0130,0.03,"29, 11L, 5D",29,5,0.172,
059003.000232,66867.0970,66867.0974,-0.0004,0.0120,0.03,"16, 4L, 4D",16,4,0.250,
059003.000261,71536.3530,71536.3526,+0.0004,0.0110,0.04,"19, 2L, 1D",19,1,0.053,
059003.000281,78463.6330,78463.6326,+0.0004,0.0230,0.02,"15, 3L, 1D",15,1,0.067,
059003.000294,83025.9010,83025.9006,+0.0004,0.0240,0.02,8,8,0,0.000,
059003.000391,116727.1000,116727.0996,+0.0004,0.1400,0.00,"10, 4D",10,4,0.400,
059003.000418,128568.6700,128568.6704,-0.0004,0.1300,0.00,"10, 4L, 2D",10,2,0.200,
059003.000430,30602.8301,30602.8297,+0.0004,0.0071,0.05,"8, 3L, 2D",8,2,0.250,
059003.000539,20096.7052,20096.7048,+0.0004,0.0065,0.06,"5, 1L, 1D",5,1,0.200,
059003.000099,23844.5762,23844.5759,+0.0003,0.0054,0.06,"68, 18L, 16D",68,16,0.235,
059003.000107,24886.5299,24886.5296,+0.0003,0.0073,0.04,"7, 4L",7,0,0.000,
059003.000144,34520.2686,34520.2683,+0.0003,0.0066,0.05,"39, 10L, 8D",40,8,0.200,
059003.000148,35290.9730,35290.9733,-0.0003,0.0120,0.02,"29, 9L, 3D",29,3,0.103,
059003.000182,45807.1150,45807.1147,+0.0003,0.0130,0.02,"15, 5L, 1D",15,1,0.067,
059003.000204,62535.6240,62535.6243,-0.0003,0.0130,0.03,"16, 6L, 3D",16,3,0.188,
059003.000254,69681.5760,69681.5757,+0.0003,0.0420,0.01,"6, 1L",6,0,0.000,
059003.000486,118588.7700,118588.7697,+0.0003,0.1600,0.00,"11, 3L, 7D",11,7,0.636,
059003.000526,136435.3500,136435.3497,+0.0003,0.1900,0.00,"4, 1L",4,0,0.000,
059003.000046,14859.9780,14859.9778,+0.0002,0.0046,0.05,"59, 14L, 6D",59,6,0.102,
059003.000053,16135.9547,16135.9545,+0.0002,0.0075,0.03,"42, 9L, 8D",42,8,0.190,
059003.000092,23245.9938,23245.9936,+0.0002,0.0066,0.02,"12, 2L",12,0,0.000,
059003.000100,23955.3098,23955.3096,+0.0002,0.0083,0.03,"7, 2L",7,0,0.000,
059003.000190,50869.2400,50869.2398,+0.0002,0.0370,0.00,"7, 2L",7,0,0.000,
059003.000201,61717.9790,61717.9792,-0.0002,0.0110,0.02,"24, 4L, 4D",24,4,0.167,
059003.000236,67395.2917,67395.2915,+0.0002,0.0093,0.02,"31, 3L, 4D",31,4,0.129,
059003.000240,67965.4440,67965.4438,+0.0002,0.0130,0.01,"20, 5L, 1D",20,1,0.050,
059003.000348,108559.3830,108559.3828,+0.0002,0.0240,0.01,"9, 4L, 2D",9,2,0.222,
059003.000432,65765.1340,65765.1342,-0.0002,0.0180,0.01,"11, 2L, 2D",11,2,0.182,
059003.000434,68556.3130,68556.3128,+0.0002,0.0290,0.01,"4, 1D",4,1,0.250,
059003.000528,136606.7400,136606.7402,-0.0002,0.2400,0.00,4,4,0,0.000,
059003.000077,20856.8508,20856.8507,+0.0001,0.0066,0.02,"8, 1L, 1D",8,1,0.125,
059003.000086,22277.6623,22277.6624,-0.0001,0.0086,0.02,"26, 8L, 5D",26,5,0.192,
059003.000137,31803.6891,31803.6892,-0.0001,0.0111,0.01,"6, 1D",6,1,0.167,
059003.000193,53092.7978,53092.7977,+0.0001,0.0085,0.01,"7, 2L",7,0,0.000,
059003.000228,66324.8780,66324.8779,+0.0001,0.0260,0.00,"6, 3L, 1D",6,1,0.167,
059003.000235,67240.3290,67240.3291,-0.0001,0.0130,0.01,"32, 11L, 2D",32,2,0.062,
059003.000253,69430.9650,69430.9651,-0.0001,0.0130,0.01,"23, 3L, 1D",23,1,0.043,
059003.000283,78889.1230,78889.1229,+0.0001,0.0170,0.00,"15, 5L",15,0,0.000,
059003.000302,85306.1630,85306.1631,-0.0001,0.0250,0.00,"11, 4L, 2D",11,2,0.182,
059003.000436,74619.6790,74619.6789,+0.0001,0.0180,0.00,"13, 2L, 2D",13,2,0.154,
059003.000441,76534.7030,76534.7031,-0.0001,0.0290,0.00,"7, 2D",7,2,0.286,
059003.000447,84270.5280,84270.5279,+0.0001,0.0390,0.00,"8, 5L, 3D",8,3,0.375,
059003.000001,0.0000,0.0000,+0.0000,0.0000,,"22, 9L, 2D",22,2,0.091,fixed by user
059003.000088,22747.6767,22747.6767,-0.0000,0.0058,0.01,"55, 11L, 10D",55,10,0.182,
059003.000238,67679.2065,67679.2065,-0.0000,0.0087,0.00,"33, 9L, 6D",33,6,0.182,
059003.000250,68987.0440,68987.0440,-0.0000,0.0110,0.00,"32, 11L, 5D",32,5,0.156,
