lambda_A,weakest_line,fitted_noise,used
828.1515,1,1.171,1
837.4674,1,1.09,1
842.4405,1,1.052,1
849.9531,1,1.002,1
854.8649,1,0.973,1
860.6215,1,0.9427,1
871.3839,1,0.8957,1
882.6629,1,0.8583,1
917.3191,1,0.8081,1
972.6815,1,0.9156,1
988.1770,1,0.9956,1
996.1390,1,1.048,1
1002.8002,1,1.099,1
1007.6531,1,1.14,1
1012.5301,1,1.186,1
1015.7575,1,1.218,1
1019.5826,1,1.259,1
1022.1114,1,1.288,1
1025.1936,1,1.326,1
1028.8060,1,1.372,1
1031.3283,2,1.406,1
1033.6660,2,1.44,1
1036.1625,2,1.477,1
1038.6120,3,1.515,1
1041.0735,3,1.556,1
1043.5700,2,1.599,1
1045.7359,1,1.638,1
1047.8673,1,1.677,1
1050.2150,1,1.723,1
1052.3590,1,1.767,1
1054.5854,1,1.814,1
1057.7521,3,1.886,1
1060.0014,5,1.939,1
1062.0350,4,1.989,1
1064.5421,2,2.054,1
1066.4926,2,2.106,1
1068.9801,1,2.176,1
1071.9884,3,2.266,1
1074.5525,1,1.057,1
1077.5111,1,1.057,1
1080.1483,1,1.057,1
1083.3706,1,1.057,1
1085.2596,1,1.057,1
1087.5820,1,1.057,1
1090.4511,1,1.057,1
1092.5048,1,1.057,1
1095.6763,1,1.057,1
1099.2170,1,1.057,1
1103.2697,1,1.057,1
1106.4948,2,1.057,1
1110.3461,1,1.057,1
1113.6210,1,1.057,1
1117.9405,1,1.057,1
1121.7284,1,1.057,1
1126.7127,1,1.057,1
1133.8907,1,1.057,1
1138.8900,1,1.057,1
1143.2930,1,1.057,1
1150.2370,1,1.057,1
1158.5465,1,1.057,1
1175.4340,1,1.057,1
1184.3010,1,1.057,1
1197.2518,1,1.057,1
1203.1861,1,1.057,1
1211.9459,1,1.057,1
1223.1529,1,1.057,1
1238.7371,1,1.057,1
1259.3031,1,1.057,1
1272.3121,1,1.057,1
1289.4079,1,1.057,1
1300.4510,1,1.057,1
1313.5600,1,1.057,1
1334.8970,1,1.057,1
1350.6156,1,1.057,1
1363.6615,1,1.057,1
1377.0975,1,1.057,1
1387.5215,1,1.057,1
1394.4876,1,1.057,1
1398.7596,2,1.057,1
1403.9245,1,1.057,1
1409.5070,2,1.057,1
1413.5165,1,1.057,1
1421.6905,1,1.057,1
1430.4360,1,1.057,1
1438.6255,1,1.057,1
1444.2185,1,1.057,1
1451.5705,1,1.057,1
1456.0786,1,1.057,1
1459.8621,1,1.057,1
1464.6220,1,1.057,1
1468.6760,2,1.057,1
1473.0750,1,1.057,1
1477.8136,2,1.057,1
1480.3101,1,1.057,1
1484.2545,1,1.057,1
1489.9755,1,1.057,1
1496.1229,1,1.057,1
1502.8870,1,1.057,1
1509.3602,1,1.057,1
1518.1769,1,1.057,1
1518.4670,1,1.057,1
1608.2875,1,1.044,1
1672.1706,1,1.044,1
1696.8186,1,1.044,1
1719.9869,1,1.044,1
1736.6966,1,1.044,1
1748.7451,1,1.044,1
1763.0635,1,1.044,1
1774.3740,1,1.044,1
1788.1160,1,1.044,1
1795.2420,1,1.044,1
1805.1280,1,1.044,1
1819.0860,1,1.044,1
1828.1206,1,1.044,1
1836.5529,1,1.044,1
1842.2999,1,1.044,1
1847.8225,1,1.044,1
1856.0985,1,1.044,1
1863.3700,2,1.044,1
1871.3520,1,1.044,1
1879.3886,1,1.044,1
1884.5260,1,1.044,1
1892.1165,1,1.044,1
1898.8455,1,1.044,1
1907.5050,1,1.044,1
1918.8619,1,1.044,1
1927.7975,1,1.044,1
1937.4265,1,1.044,1
1948.7600,1,1.044,1
1957.2055,1,1.044,1
1966.0890,1,1.044,1
1972.0565,1,1.044,1
1982.0040,1,1.044,1
1989.0445,1,1.044,1
1998.1826,1,1.044,1
2006.3185,1,1.044,1
2014.6756,1,1.044,1
2024.0731,1,1.044,1
2029.8985,1,1.044,1
2035.6355,1,1.044,1
2047.0655,1,1.044,1
2052.1646,1,1.044,1
2059.5681,1,1.044,1
2066.6520,1,1.044,1
2076.1745,1,1.044,1
2083.4580,1,1.044,1
2090.6954,1,1.044,1
2097.5570,2,1.044,1
2098.9386,2,1.044,1
2125.8481,1,1,1
2148.3291,1,1,1
2173.6023,1,1,1
2191.2895,1,1,1
2198.3114,1,1,1
2207.4873,1,1,1
2215.1034,1,1,1
2221.4347,1,1,1
2226.7155,1,1,1
2231.8215,1,1,1
2238.4658,1,1,1
2242.7659,1,1,1
2247.5264,1,1,1
2254.0182,1,1,1
2258.8563,1,1,1
2266.1593,1,1,1
2272.3797,1,1,1
2278.2972,1,1,1
2286.1266,1,1,1
2291.2678,1,1,1
2295.6451,1,1,1
2301.1904,1,1,1
2305.9175,1,1,1
2309.8743,1,1,1
2314.7280,1,1,1
2319.4405,1,1,1
2324.6786,1,1,1
2329.7881,1,1,1
2337.2424,1,1,1
2344.5399,1,1,1
2355.3816,2,1.451,1
2361.4513,1,1.377,1
2368.5089,1,1.301,1
2374.1491,2,1.247,1
2379.9041,1,1.198,1
2389.9017,1,1.126,1
2400.5177,1,1.064,1
2410.7853,1,1.018,1
2421.1771,1,0.9833,1
2426.2643,1,0.9701,1
2435.8112,1,0.9519,1
2444.2817,1,0.9426,1
2452.3860,1,0.9397,1
2458.8335,1,0.9414,1
2466.4602,1,0.948,1
2473.4399,1,0.9587,1
2479.7203,1,0.9721,1
2483.9142,1,0.9831,1
2489.0324,1,0.9989,1
2494.5938,1,1.019,1
2498.9928,1,1.038,1
2503.3842,1,1.058,1
2508.0649,1,1.083,1
2514.8236,1,1.123,1
2521.4550,1,1.169,1
2530.0303,1,1.238,1
2537.1016,2,1.305,1
2544.1894,1,1,1
2551.6801,1,1,1
2556.7232,1,1,1
2564.7417,1,1,1
2572.1627,1,1,1
2579.4925,1,1,1
2586.4287,1,1,1
2592.3502,1,1,1
2602.5635,1,1,1
2610.4334,1,1,1
2619.0694,1,1,1
2627.3575,1,1,1
2640.6401,1,1,1
2650.9195,1,1,1
2663.7665,1,1,1
2673.4590,1,1,1
2684.1386,1,1,1
2693.1657,1,1,1
2706.2622,1,1,1
2713.2481,1,1,1
2727.5180,1,1,1
2740.7396,1,1,1
2760.5440,1,1,1
2776.9679,1,1,1
2803.6258,1,1,1
2828.1424,1,1,1
2844.5840,1,1,1
2862.9181,1,1,1
2883.1190,1,1,1
2898.9709,1,1,1
2910.0577,1,1,1
2926.3937,1,1,1
2937.3178,1,1,1
2951.7329,1,1,1
2963.0127,1,1,1
2976.3352,3,1.384,1
2985.4602,2,1.363,1
2998.8617,1,1.333,1
3011.4218,4,1.306,0
3026.1948,1,1.277,1
3036.1304,1,1.258,1
3049.9310,1,1.232,1
3066.1680,1,1.204,1
3083.4585,1,1.177,1
3101.6808,1,1.149,1
3144.5691,5,1.093,0
3175.2994,1,1.059,1
3210.4192,1,1.025,1
3266.1248,1,0.9833,1
3305.1488,1,0.9615,1
3335.9736,1,0.9484,1
3354.6433,1,0.9421,1
3367.5443,1,0.9385,1
3388.5015,1,0.9339,1
3417.9780,1,0.9301,1
3477.5303,1,0.9313,1
3523.3420,1,0.9406,1
3566.1431,1,0.956,1
3613.4454,1,0.9811,1
3653.0384,1,1.009,1
3676.3910,1,1.028,1
3693.5591,1,1.044,1
3753.8338,1,1.112,1
3806.0787,1,1.149,1
3865.7713,1,1.149,1
3903.2758,1,1.149,1
3981.4599,1,1.149,1
4030.2322,1,1.149,1
4083.5864,1,1.149,1
4135.6863,1,1.149,1
4154.3070,2,1.149,1
4178.6509,1,1.149,1
4198.4857,1,1.149,1
4211.0966,1,1.149,1
4234.8923,1,1.149,1
4250.5681,2,1.149,1
4269.5517,2,1.149,1
4282.4979,2,1.149,1
4295.3526,1,1.149,1
4306.5066,1,1.149,1
4323.9900,1,1.149,1
4341.3527,2,1.149,1
4357.4730,1,1.149,1
4375.0699,1,1.149,1
4389.8514,1,1.149,1
4405.7440,1,1.149,1
4418.1174,1,1.149,1
4434.0411,1,1.149,1
4447.8457,2,1.979,1
4463.4263,3,1.979,1
4490.5050,3,1.979,1
4530.4361,2,1.979,1
4571.9786,1,1.979,1
4595.2213,1,1.979,1
4654.7410,1,1.979,1
4722.1947,2,1.979,1
4773.5207,1,1.979,1
4862.1062,1,1.979,1
5117.7213,1,1.979,1
5275.1791,1,1.979,1
5414.0817,1,1.979,1
5529.4936,1,1.979,1
5583.0279,1,1.979,1
5681.7412,1,1.979,1
5774.5229,1,1.979,1
5850.9154,1,1.979,1
5893.4854,1,1.979,1
5961.7671,1,1.979,1
6051.5106,1,1.979,1
6162.4389,1,1.979,1
6231.6655,1,1.979,1
6300.2874,1,1.979,1
6455.6011,1,1.979,1
6611.6521,1,1.979,1
6735.5793,1,1.979,1
6913.4997,1,1.979,1
7068.3284,5,1.979,1
7239.1559,5,1.979,1
7400.6319,5,1.979,1
7516.0816,5,1.979,1
7638.9362,5,1.979,1
7727.6561,5,1.979,1
7775.5831,5,1.979,1
7823.3775,5,1.979,1
7886.7601,5,1.979,1
7961.6593,5,1.979,1
8105.5232,5,1.979,1
8242.3716,5,1.979,1
8416.5032,5,1.979,1
8517.1104,5,1.979,1
8678.4855,5,1.979,1
8956.2647,5,1.979,1
9314.7902,25,1.979,0
9541.9617,25,1.979,0
9902.4243,25,1.979,0
