lam_1,lam_2,dlam,strength_1,strength_2,coverage,same_level
3185.64645530693,3185.651583767017,0.005128460087234998,14.613025495899336,38.28778579286364,0.9955303753835819,False
3011.405107281153,3011.412335979229,0.007228698075778084,17.189660487551507,69.16374792689423,0.9999638511540759,False
2055.2647370619525,2055.2737218468583,0.00898478490580601,1418.358064368799,69.89673228481692,0.9994363775716453,False
1046.3848019033396,1046.39425034391,0.009448440570395178,76.06772174417775,46.448976172657595,0.99998,False
2026.1192894244045,2026.1292965427797,0.010007118375142454,177.19710788734218,7.387516553787904,0.9999592206601973,False
1122.9305563137304,1122.9551453605736,0.02458904684317531,9.893809108508561,38.852211632539586,0.9999354742932497,False
2066.0007153612787,2066.025615270125,0.02489990884623694,9.729173374091513,14.285865241105776,0.9999099875290677,False
1046.343197088072,1046.3848019033396,0.0416048152676467,5.396163778656926,76.06772174417775,0.99998,False
1862.7458446539554,1862.7922745234218,0.04642986946646488,27.68558926931279,5.114992267132141,0.9999211505078833,False
1912.2176383313295,1912.2642253213398,0.04658699001038258,7.801594947389315,30.71945531367011,0.9995914302819147,False
1044.699835158068,1044.7468508032398,0.04701564517176848,7.8139998620853035,91.67323904319036,0.999961513295819,False
3710.1175826663684,3710.1677326365957,0.05014997022726675,37.217522349394805,5.84304902843532,0.9988721862679646,False
1046.343197088072,1046.39425034391,0.05105325583804188,5.396163778656926,46.448976172657595,0.99998,False
2777.598010129431,2777.6574814750397,0.05947134560892664,38.14388768728421,40.9141408902997,0.9999041933497472,False
1065.8998011522276,1065.9876310859752,0.08782993374757098,105.69431827350395,7.871303488416979,0.9999902439564835,False
2100.6069802376273,2100.704344240675,0.09736400304745985,6.392601932518898,133.9407443186449,0.7591359577716146,False
2100.704344240675,2100.812339801517,0.10799556084202777,133.9407443186449,8.395166715439181,0.7541211844146053,False
1492.6417898352322,1492.7506459884646,0.10885615323240927,37.47029379657324,10.134731518523443,0.9999666546008453,False
3496.402560954221,3496.5164511898615,0.11389023564061063,7.828932994066537,18.269138016393253,0.997054170435072,False
1116.0975506234379,1116.2140372544582,0.11648663102027967,5.368650641547776,8.062808054018292,0.9999911892776456,False
1109.901703542388,1110.024915610795,0.12321206840692867,7.194526583485943,13.661467854182623,0.9999628492586661,False
1104.8962700242903,1105.04408641505,0.14781639075977182,7.0734851327169395,10.019717177750453,0.9999526055624729,False
2094.3390588245593,2094.4958300723583,0.1567712477990426,5.900284074443254,13.367210591057622,0.9998676457949602,False
7465.643538737941,7465.813966912373,0.17042817443234526,498.6309651036973,6.362344143308979,0.9996842888771369,False
1852.169389886946,1852.354531782588,0.18514189564211847,5.859167248763138,5.179875293880134,0.9997088972107881,False
2076.6067750405978,2076.7971895482033,0.19041450760551015,7.6910645125609305,22.043102563131484,0.99999,False
2100.6069802376273,2100.812339801517,0.20535956388948762,6.392601932518898,8.395166715439181,0.7591359577716146,True
4172.2813837687445,4172.505328527577,0.2239447588326584,13.11306601637575,10.64967950361822,0.9996588033588965,False
1450.6747711721982,1450.9101335111054,0.23536233890717995,45.09284843006398,11.515127465765651,0.9999421528008477,False
3678.991463498929,3679.2321414229714,0.24067792404230204,30.789668656462126,80.44283013313607,0.99999,False
