level_id,E_input,comment
059003.000565,118967.3776,"re-positioned from 119225.52; weighted mean of the Ritz energies of its seven new lines (57610.2915 + 000199, 54102.0754 + 000219, 51568.6943 + 000237, 51096.7134 + 000239, 50729.2852 + 000241, 49980.4072 + 000250 (blend), 47581.6375 + 000259) computed with the pre-revision lower-level energies"
059003.000600,136638.4947,"re-positioned from 136596.37; weighted mean of the Ritz energies of its three new lines (23346.7629 + 000365, 23007.5807 + 000368, 22858.1366 + 000370) computed with the pre-revision lower-level energies"
059003.000622,141440.8418,"re-positioned from 141328.85; weighted mean of the Ritz energies of its two new lines (23665.5992 + 000399, 22829.9011 + 000406) computed with the pre-revision lower-level energies"
059003.000424,133078.09,"re-positioned from 133352.11 (dE = -274.02); five new assignments, ledger rows dated 2026-09-04. Energy taken from iter21_revised/LOPT_output_levels.txt"
059003.000503,132876.57,"re-positioned from 132958.27 (dE = -81.70); eight new assignments (one line doubly classified), ledger rows dated 2026-09-04. Energy taken from iter21_revised/LOPT_output_levels.txt. BOOKKEEPING: the level that used to sit at 132958.27 is Wyart 000503; it was wrongly identified in the LSF with another theoretical level of the same parity and J, and now carries the new id 000623 (new_levels.csv). What this row calls 000503 is, in fact, a level not previously known. The numbering is left as it stands."
059003.000518,134502.45,"re-positioned from 134375.60 (dE = +126.85); four new assignments, ledger rows dated 2026-09-04. Energy taken from iter21_revised/LOPT_output_levels.txt"
059003.000577,132070.1563,"re-positioned from 131979.82 (dE = +90.33); five new assignments, ledger rows dated 2026-09-03. Energy taken from iter21_revised/LOPT_output_levels.txt"
059003.000607,138788.582,"re-positioned from 138783.48 (dE = +5.10); seven new assignments, ledger rows dated 2026-09-04. Energy taken from iter21_revised/LOPT_output_levels.txt"
059003.000483,117686.46,exchanged with 059003.000398 on 9/6/2026 (levels 059003.000398 and 059003.000483 were swapped): this identifier keeps its own configuration and its own calculated transition probabilities and takes the other's measured position
059003.000398,117592.99,exchanged with 059003.000483 on 9/6/2026 (levels 059003.000398 and 059003.000483 were swapped): this identifier keeps its own configuration and its own calculated transition probabilities and takes the other's measured position
059003.000447,84409.903,exchanged with 059003.000298 on 9/6/2026 (levels 059003.000298 and 059003.000447 were swapped): this identifier keeps its own configuration and its own calculated transition probabilities and takes the other's measured position
059003.000298,84270.526,exchanged with 059003.000447 on 9/6/2026 (levels 059003.000298 and 059003.000447 were swapped): this identifier keeps its own configuration and its own calculated transition probabilities and takes the other's measured position
059003.000371,113823.12,re-positioned from 113825.5 (dE=-2.38); 9 new assignments; Energy taken from iter22/LOPT_output_levels.txt
059003.000604,136728.73,re-positioned from 136641.9 (dE=+86.83); 3 new assignments; Energy taken from iter22/LOPT_output_levels.txt
059003.000578,134406.982,re-positioned from 134394.16 (dE=+12.82); 5 new assignments; Energy taken from iter22/LOPT_output_levels.txt
