idx,label,J,parity,cfg,E_calc,W,W_src,n_pred,n_obs,n_prom,sum_P,I_max,wn_I_max,rho_med
906,f5d6s~1F2F,2.5,o,f5d6s,94239.8,215.8,cfg,93,26,13,15.99,51093.1,58438.68,0.066
986,f5d2 ~3P4D,1.5,o,f5d2,75159.9,210.4,cfg,67,23,13,14.29,55906.7,50698.67,0.091
951,f5d2 ~3P2F,2.5,o,f5d2,83140.8,210.4,cfg,96,21,12,12.06,82168.2,45221.21,0.098
924,f5d6s~1D2D,2.5,o,f5d6s,88538.4,215.8,cfg,93,24,11,13.42,36578.2,53154.2,0.092
998,f5d2 ~3P2D,1.5,o,f5d2,72363.6,210.4,cfg,66,23,11,13.37,70949.0,54151.82,0.102
691,f27p ~3F4G,4.5,o,f27p,118596.3,42.3,cfg,119,31,10,16.23,9471.0,96840.46,0.071
919,f5d6s~3D4D,2.5,o,f5d6s,90091.7,215.8,cfg,96,23,10,13.87,29282.3,55266.22,0.075
513,f27d _3H4G,3.5,e,f27d,130272.1,91.5,cfg,165,17,10,12.14,2784.4,68666.43,0.069
499,f27d _3H4I,5.5,e,f27d,131826.4,91.5,cfg,132,18,10,11.83,5851.6,71406.69,0.075
994,f5d2 ~3F2D,1.5,o,f5d2,73369.9,210.4,cfg,63,17,10,10.76,45734.6,44102.04,0.097
491,f27d _3H4G,4.5,e,f27d,132226.2,91.5,cfg,158,19,9,12.05,3344.4,68632.86,0.103
522,f27d _3H4K,5.5,e,f27d,129628.2,91.5,cfg,121,12,9,8.49,9140.1,71454.04,0.082
705,f27p ~3F2G,3.5,o,f27p,118086.9,42.3,cfg,120,28,8,15.05,13190.9,93616.01,0.086
987,f5d2 ~3P4F,2.5,o,f5d2,74670.6,210.4,cfg,98,26,8,14.32,60811.2,54798.16,0.092
501,f28s _3H4H,5.5,e,f28s,131319.4,79.6,cfg,129,23,8,13.33,8811.1,50330.65,0.078
675,f27p ~3F4G,4.5,o,f27p,119248.3,42.3,cfg,122,22,8,12.29,9399.7,97492.46,0.095
442,fd6p _1H2I,5.5,e,fd6p,134118.1,404.2,cfg,128,18,8,11.13,6786.0,57583.39,0.074
932,f5d6s~3H4H,3.5,o,f5d6s,86015.9,215.8,cfg,113,18,8,10.88,52965.8,57130.81,0.063
439,f27d _3H2I,6.5,e,f27d,134204.5,91.5,cfg,84,16,8,10.61,3307.0,68282.1,0.101
372,f28s _3F2F,3.5,e,f28s,136082.5,79.6,cfg,155,15,8,10.32,1518.8,71225.35,0.091
710,f27p ~3F4F,2.5,o,f27p,117972.7,42.3,cfg,98,18,8,10.21,4312.4,94221.15,0.096
375,5d3  _4F4F,2.5,e,5d3,135976.6,134.0,list,134,15,8,9.83,2419.5,68736.26,0.071
672,fd6p _1G2H,5.5,e,fd6p,119339.6,404.2,cfg,110,14,8,9.64,12246.9,53191.25,0.097
488,f27d _3H2G,3.5,e,f27d,132460.5,91.5,cfg,158,13,8,9.4,2661.2,68867.16,0.099
521,f27d _3H4H,3.5,e,f27d,129738.7,91.5,cfg,159,12,8,9.4,4831.4,71580.64,0.077
825,f26d _3F2F,3.5,e,f26d,108201.7,60.4,cfg,168,18,7,11.4,45662.1,39400.05,0.036
632,f25f ~1G2D,2.5,o,f25f,121757.4,106.1,cfg,94,21,7,11.3,56364.6,94304.95,0.065
944,f5d2 ~1G2D,2.5,o,f5d2,84315.7,210.4,cfg,94,22,7,11.29,67898.3,43291.71,0.12
315,5d3  _4F4F,3.5,e,5d3,137284.3,134.0,list,161,15,7,11.21,2174.3,68740.13,0.073
449,fd6p _1H2I,5.5,e,fd6p,133993.0,404.2,cfg,129,18,7,10.83,5385.8,57458.29,0.08
432,f27d _3H4G,5.5,e,f27d,134353.1,91.5,cfg,128,14,7,10.25,5007.1,68430.7,0.105
1010,f5d2 ~3P2D,2.5,o,f5d2,70304.2,210.4,cfg,99,15,7,10.13,65736.0,42851.75,0.117
523,f27d _3H4I,4.5,e,f27d,129564.0,91.5,cfg,159,13,7,9.7,4306.1,71389.84,0.075
937,f5d6s~3F4F,2.5,o,f5d6s,84871.5,215.8,cfg,93,13,7,9.63,65402.2,51211.49,0.087
447,f27d _3H4H,6.5,e,f27d,134001.6,91.5,cfg,82,16,7,9.55,6387.7,71322.91,0.086
389,f27d _3H2F,3.5,e,f27d,135213.6,91.5,cfg,161,12,7,9.37,2655.8,68164.43,0.096
856,f26d _3F4G,2.5,e,f26d,105790.1,60.4,cfg,137,14,7,9.29,34642.4,42213.83,0.055
319,f27d _3F2H,5.5,e,f27d,136995.0,91.5,cfg,123,12,7,8.39,2716.4,67856.76,0.101
329,f27d _3F4G,5.5,e,f27d,136692.4,91.5,cfg,126,10,7,7.99,3845.9,71835.25,0.077
446,f27d _3H4I,7.5,e,f27d,134002.0,91.5,cfg,43,10,7,6.76,5609.7,71323.31,0.087
500,fd6p _1H2H,4.5,e,fd6p,131498.1,404.2,cfg,161,18,6,10.88,8496.6,51137.3,0.082
670,f27p ~3F4F,3.5,o,f27p,119376.3,42.3,cfg,115,18,6,10.88,6446.2,95531.71,0.11
711,fd6p _3H4I,5.5,e,fd6p,117932.1,404.2,cfg,107,21,6,10.79,8254.2,33241.71,0.108
421,f27d _3H4F,4.5,e,f27d,134464.0,91.5,cfg,157,15,6,10.15,4703.9,71905.34,0.052
316,fd6p _1H2G,3.5,e,fd6p,137240.9,404.2,cfg,161,15,6,9.98,2608.4,37636.43,0.067
406,f27d _3H2G,4.5,e,f27d,134714.8,91.5,cfg,155,13,6,9.25,4525.3,68792.4,0.08
492,f27d _3H4G,3.5,e,f27d,132136.0,91.5,cfg,162,13,6,9.17,4044.7,71969.82,0.06
834,f26d _3F2F,2.5,e,f26d,107743.5,60.4,cfg,138,12,6,9.06,27792.4,39411.82,0.07
392,f27d _3F4G,3.5,e,f27d,135131.5,91.5,cfg,165,12,6,9.01,1623.3,68082.33,0.102
799,f26d _1G2F,3.5,e,f26d,111465.9,60.4,cfg,139,11,6,7.45,36563.2,39487.4,0.047
443,f26f ~3H2G,3.5,o,f26f,134099.0,45.4,cfg,100,13,6,7.4,5767.6,94000.32,0.087
345,f25g _3H4H,3.5,e,f25g,136591.4,23.8,cfg,162,9,6,7.32,816.9,121147.92,0.236
518,f27d _3H4G,2.5,e,f27d,130042.0,91.5,cfg,139,10,6,7.24,2805.1,71883.94,0.083
269,f28s _1G2G,4.5,e,f28s,139026.9,79.6,cfg,146,9,6,7.08,2239.4,67290.49,0.077
418,f27d _3H2K,7.5,e,f27d,134489.3,91.5,cfg,43,9,6,7.04,3628.6,108041.41,0.097
611,f27p ~1G2H,5.5,o,f27p,122933.4,42.3,cfg,101,10,6,6.69,12524.9,93670.33,0.093
445,f28s _3F4F,1.5,e,f28s,134076.9,79.6,cfg,85,10,6,6.55,778.0,67209.8,0.08
735,f25f ~3F4P,0.5,o,f25f,116804.7,106.1,cfg,32,10,6,6.32,25066.6,92849.38,0.082
692,f27p ~3F4D,3.5,o,f27p,118504.2,42.3,cfg,118,20,5,10.53,8934.0,96893.02,0.086
716,f27p ~3F4G,3.5,o,f27p,117761.0,42.3,cfg,118,15,5,10.32,16690.3,97445.35,0.078
936,f5d2 ~3P2F,3.5,o,f5d2,84887.0,210.4,cfg,118,17,5,9.69,62648.9,45862.73,0.106
713,f27p ~3F4D,2.5,o,f27p,117888.6,42.3,cfg,95,16,5,9.37,3931.5,96740.17,0.081
558,fd6p _3G2H,4.5,e,fd6p,126138.2,404.2,cfg,172,13,5,9.01,16204.3,57900.11,0.074
915,f5d6s~1D2D,1.5,o,f5d6s,91039.2,215.8,cfg,63,16,5,8.92,17956.4,45194.56,0.07
317,f27d _3F2G,4.5,e,f27d,137083.5,91.5,cfg,158,14,5,8.73,1942.0,68281.85,0.099
299,5d3  _4F4F,4.5,e,5d3,138572.7,134.0,list,142,12,5,8.7,6400.9,68594.7,0.06
381,f28s _3F2F,2.5,e,f28s,135576.6,79.6,cfg,134,14,5,8.64,1130.4,67611.15,0.078
1014,f5d2 ~3F4P,1.5,o,f5d2,69366.4,210.4,cfg,66,15,5,8.62,28680.8,45057.2,0.11
824,f26d _3F2D,2.5,e,f26d,108488.4,60.4,cfg,140,15,5,8.56,21711.2,39509.86,0.053
803,f26d _1G2H,4.5,e,f26d,111244.7,60.4,cfg,149,14,5,8.55,39713.8,39266.2,0.051
658,fd6p _3H4I,5.5,e,fd6p,120416.4,404.2,cfg,118,14,5,8.4,16248.5,33960.85,0.097
318,f27d _3F2F,3.5,e,f27d,137023.4,91.5,cfg,161,12,5,8.31,1405.1,68221.75,0.097
321,f27d _3F4D,3.5,e,f27d,136881.7,91.5,cfg,155,12,5,8.11,2251.4,71902.18,0.056
903,f5d6s~3D2D,1.5,o,f5d6s,95551.5,215.8,cfg,63,13,5,7.51,35879.8,60167.3,0.078
252,f27d _1G2H,4.5,e,f27d,139805.3,91.5,cfg,160,11,5,7.38,1547.4,71430.76,0.084
621,f25f ~1G2D,1.5,o,f25f,122593.3,106.1,cfg,66,11,5,7.38,43459.9,93656.85,0.085
339,f27d _3F2F,2.5,e,f27d,136605.7,91.5,cfg,139,10,5,7.12,938.9,68274.02,0.106
376,fd6p _1H2I,6.5,e,fd6p,135975.5,404.2,cfg,86,9,5,6.95,13861.9,56598.37,0.073
506,f27d _3H4F,2.5,e,f27d,130935.4,91.5,cfg,137,8,5,6.72,2189.0,69329.73,0.059
408,f27d _3F4H,3.5,e,f27d,134679.5,91.5,cfg,154,8,5,6.71,2751.0,71103.23,0.084
484,f27d _3H2F,2.5,e,f27d,132788.5,91.5,cfg,138,6,5,6.22,2499.7,69019.84,0.072
258,f25g _3F4F,3.5,e,f25g,139544.3,23.8,cfg,148,7,5,6.05,780.3,23744.13,0.214
489,f25f ~3P4G,2.5,o,f25f,132356.8,106.1,cfg,84,8,5,5.8,18733.5,97218.97,0.082
402,5d3  _4F4F,1.5,e,5d3,134848.3,134.0,list,94,6,5,5.67,2215.5,68938.86,0.073
209,f25g _3F4G,5.5,e,f25g,140979.5,23.8,cfg,129,7,5,5.66,1373.2,22898.52,0.23
212,f25g _3F4I,6.5,e,f25g,140972.0,23.8,cfg,86,9,5,5.66,1227.7,23649.02,0.192
254,f25g _3F2I,5.5,e,f25g,139570.6,23.8,cfg,110,8,5,5.54,1465.5,23117.35,0.175
324,f27d _3F4H,6.5,e,f27d,136778.0,91.5,cfg,85,6,5,5.3,4856.1,68252.4,0.095
495,f27d _3H4K,7.5,e,f27d,132069.6,91.5,cfg,45,6,5,4.89,10054.3,67854.18,0.087
832,f26d _3F4F,4.5,e,f26d,107804.9,60.4,cfg,163,22,4,11.78,38989.9,39312.47,0.11
731,fd6p _3H4I,4.5,e,fd6p,117255.6,404.2,cfg,132,16,4,10.55,5408.2,54023.43,0.1
663,f27p ~3F2F,3.5,o,f27p,119938.0,42.3,cfg,119,20,4,10.39,3333.7,91217.29,0.131
718,fd6p _3H4H,3.5,e,fd6p,117700.0,404.2,cfg,134,17,4,10.24,12685.8,55637.35,0.065
627,fd6p _3G4G,4.5,e,fd6p,122337.9,404.2,cfg,161,15,4,9.79,15488.7,57472.76,0.088
922,f5d6s~3D4D,1.5,o,f5d6s,89509.8,215.8,cfg,64,19,4,9.71,35579.5,55849.79,0.061
322,f27d _3F4F,4.5,e,f27d,136836.9,91.5,cfg,160,15,4,9.32,1901.0,71979.75,0.054
651,fd6p _3G4H,3.5,e,fd6p,120802.1,404.2,cfg,149,12,4,9.21,4916.0,58739.45,0.051
630,fd6p _3F2G,3.5,e,fd6p,121889.2,404.2,cfg,155,13,4,9.05,6478.7,57653.57,0.068
813,f26d _1G2G,4.5,e,f26d,110828.0,60.4,cfg,149,14,4,8.94,32312.9,42453.46,0.097
690,f26d _1D2G,3.5,e,f26d,118600.8,60.4,cfg,139,14,4,8.64,9851.6,56538.15,0.076
589,fd6p _3G4F,4.5,e,fd6p,124015.5,404.2,cfg,166,15,4,8.59,13833.6,54037.5,0.098
809,f26d _1G2I,5.5,e,f26d,111107.8,60.4,cfg,120,15,4,8.56,66346.8,42733.26,0.049
688,fd6p _3G4G,2.5,e,fd6p,118667.9,404.2,cfg,121,11,4,8.51,15172.6,58147.59,0.089
660,fd6p _3F4F,3.5,e,fd6p,120144.6,404.2,cfg,145,14,4,8.21,10030.0,57608.98,0.088
815,f26d _1G2G,3.5,e,f26d,110670.4,60.4,cfg,152,13,4,8.16,31752.3,42991.19,0.071
905,f5d6s~3P4P,2.5,o,f5d6s,95006.9,215.8,cfg,85,12,4,8.14,35815.2,43694.11,0.077
363,f27d _3F4G,3.5,e,f27d,136306.5,91.5,cfg,162,10,4,7.79,1173.5,71010.61,0.07
268,f28s _1G2G,3.5,e,f28s,139073.5,79.6,cfg,153,12,4,7.41,1180.2,67537.15,0.089
544,fd6p _3G2H,5.5,e,fd6p,128371.9,404.2,cfg,134,10,4,7.33,22960.0,57990.43,0.084
638,fd6p _3H4I,6.5,e,fd6p,121582.6,404.2,cfg,80,10,4,6.89,14293.1,54846.76,0.072
390,f27d _3F4F,2.5,e,f27d,135190.4,91.5,cfg,142,9,4,6.83,1415.8,68509.27,0.099
360,f27d _3F4F,2.5,e,f27d,136376.6,91.5,cfg,140,11,4,6.81,1777.3,71975.56,0.085
356,f27d _3F4G,4.5,e,f27d,136478.3,91.5,cfg,160,8,4,6.79,2841.6,67985.87,0.101
213,f25g _3F4F,4.5,e,f25g,140970.3,23.8,cfg,155,8,4,6.68,432.8,22651.68,0.267
193,f25g _3F4F,3.5,e,f25g,141432.2,23.8,cfg,157,9,4,6.66,492.3,22571.51,0.269
251,f27d _1G2G,3.5,e,f27d,139810.2,91.5,cfg,160,9,4,6.4,1323.6,72130.99,0.082
253,f27d _1G2I,5.5,e,f27d,139788.0,91.5,cfg,130,9,4,6.36,2540.0,71413.46,0.09
188,f25g _3F2G,4.5,e,f25g,141438.3,23.8,cfg,162,6,4,6.28,544.2,22577.61,0.252
612,f27p ~1G2G,4.5,o,f27p,122910.9,42.3,cfg,115,10,4,6.26,5767.2,96815.68,0.099
482,f25f ~3P4G,2.5,o,f25f,132865.2,106.1,cfg,85,10,4,6.24,22900.8,97001.46,0.094
983,f5d2 ~3P4D,0.5,o,f5d2,75420.7,210.4,cfg,33,11,4,6.17,29572.5,51111.5,0.078
852,f26d _3F4D,1.5,e,f26d,106175.0,60.4,cfg,90,10,4,6.12,19419.3,39307.9,0.112
190,f25g _3F4H,5.5,e,f25g,141436.8,23.8,cfg,126,7,4,5.95,667.6,23165.17,0.237
187,f25g _3F2F,3.5,e,f25g,141438.9,23.8,cfg,158,7,4,5.87,582.9,22451.68,0.276
614,f26d _1I2K,6.5,e,f26d,122845.6,60.4,cfg,84,8,4,5.86,23411.0,42484.8,0.036
835,f26d _3F2D,1.5,e,f26d,107689.9,60.4,cfg,90,8,4,5.8,27910.3,39724.45,0.045
214,f25g _3F4I,5.5,e,f25g,140970.6,23.8,cfg,124,8,4,5.79,1316.6,23462.68,0.212
277,f25g _3H4D,3.5,e,f25g,138907.6,23.8,cfg,141,8,4,5.71,617.0,22885.83,0.233
185,f25g _3F2H,5.5,e,f25g,141441.7,23.8,cfg,126,7,4,5.56,733.2,22972.74,0.289
422,f25g _3H2H,4.5,e,f25g,134428.7,23.8,cfg,149,5,4,5.54,1814.6,23086.19,0.239
477,f25f ~1I2F,2.5,o,f25f,133036.5,106.1,cfg,81,8,4,5.44,17669.7,86252.69,0.053
314,f27d _3F2D,2.5,e,f27d,137289.7,91.5,cfg,140,4,4,5.4,1441.8,68488.05,0.102
921,f5d6s~3D4D,0.5,o,f5d6s,89672.3,215.8,cfg,32,10,4,5.36,36261.6,56333.95,0.07
602,f26d _1I2K,6.5,e,f26d,123203.3,60.4,cfg,94,6,4,5.28,20417.6,39499.87,0.101
189,f25g _3F4I,6.5,e,f25g,141437.7,23.8,cfg,91,7,4,4.97,1534.7,23166.07,0.141
481,f25f ~3P4F,1.5,o,f25f,132902.6,106.1,cfg,56,7,4,4.87,9556.7,96219.38,0.088
220,f25g _3F4K,6.5,e,f25g,140938.6,23.8,cfg,77,6,4,4.76,1898.2,23364.03,0.249
736,fd6p _1G2G,3.5,e,fd6p,116763.1,404.2,cfg,131,20,3,11.55,6538.6,58588.94,0.085
831,f26d _3F4D,3.5,e,f26d,107816.8,60.4,cfg,162,20,3,10.84,45505.7,42837.28,0.157
657,fd6p _3G4H,4.5,e,fd6p,120572.1,404.2,cfg,148,15,3,9.68,19786.2,56421.21,0.073
665,fd6p _3F4G,4.5,e,fd6p,119851.8,404.2,cfg,144,16,3,9.49,12944.6,56034.92,0.061
724,fd6p _3F4G,3.5,e,fd6p,117465.5,404.2,cfg,136,16,3,9.11,20593.4,54929.88,0.064
340,f27d _3F4F,3.5,e,f27d,136601.4,91.5,cfg,162,15,3,8.89,1375.3,68108.97,0.106
623,fd6p _3F4F,4.5,e,fd6p,122553.9,404.2,cfg,157,15,3,8.89,4673.5,52867.66,0.105
706,fd6p _3H4H,4.5,e,fd6p,118051.5,404.2,cfg,136,11,3,8.82,18748.7,55515.88,0.092
671,f27p ~3F2F,2.5,o,f27p,119367.6,42.3,cfg,98,16,3,8.75,3096.6,92229.05,0.163
609,f26d _1I2I,5.5,e,f26d,122968.6,60.4,cfg,129,14,3,8.48,19137.8,56820.25,0.087
478,f27d _3H4F,3.5,e,f27d,132963.7,91.5,cfg,162,12,3,8.21,3440.5,56069.12,0.061
573,fd6p _3H4G,4.5,e,fd6p,124751.6,404.2,cfg,171,14,3,8.03,7359.3,53730.45,0.107
864,f6s2 ~2F2F,2.5,e,f6s2,105360.7,134.0,list,76,15,3,8.02,3570.2,58576.89,0.081
712,fd6p _3F4F,2.5,e,fd6p,117908.7,404.2,cfg,116,13,3,7.95,6969.3,52835.43,0.094
740,f27p ~3F2D,1.5,o,f27p,116482.2,42.3,cfg,68,14,3,7.87,13851.7,96385.49,0.082
366,f27d _3F4H,4.5,e,f27d,136212.0,91.5,cfg,157,9,3,7.73,2341.2,72443.34,0.088
647,fd6p _3G4G,2.5,e,fd6p,121155.7,404.2,cfg,127,14,3,7.6,8276.6,57923.53,0.098
600,f26d _1I2H,5.5,e,f26d,123219.5,60.4,cfg,122,14,3,7.4,18150.4,39612.16,0.035
715,f27p ~3F4D,1.5,o,f27p,117827.4,42.3,cfg,65,12,3,7.36,4154.7,95549.73,0.117
662,f27p ~3F2D,2.5,o,f27p,119959.7,42.3,cfg,97,13,3,7.32,4648.0,95650.5,0.097
138,5d3  _2G2G,4.5,e,5d3,145209.2,134.0,list,158,8,3,7.22,4479.0,69078.75,0.059
622,fd6p _3F4G,5.5,e,fd6p,122561.2,404.2,cfg,130,11,3,7.21,12750.8,42200.4,0.072
603,fd6p _3H4G,3.5,e,fd6p,123176.2,404.2,cfg,155,7,3,6.98,3777.7,36720.65,0.08
572,f26d _3P4F,4.5,e,f26d,124875.6,60.4,cfg,170,13,3,6.9,12952.7,40445.69,0.098
605,f26d _1I2H,4.5,e,f26d,123073.4,60.4,cfg,152,10,3,6.81,13165.2,38662.69,0.04
396,f27d _3F4H,4.5,e,f27d,135028.9,91.5,cfg,158,9,3,6.63,2239.7,68176.05,0.103
191,f25g _3F4G,4.5,e,f25g,141436.0,23.8,cfg,159,10,3,6.62,724.8,22551.06,0.289
401,f27d _3F4G,2.5,e,f27d,134861.3,91.5,cfg,140,9,3,6.58,1333.9,71285.03,0.078
514,fd6p _3P4D,2.5,e,fd6p,130258.2,404.2,cfg,136,13,3,6.53,2698.9,55638.52,0.101
217,f25g _3F4D,3.5,e,f25g,140954.9,23.8,cfg,150,10,3,6.33,616.8,23268.4,0.287
763,fd6p _3F4G,2.5,e,fd6p,115278.9,404.2,cfg,113,7,3,6.13,15839.2,54758.59,0.075
133,5d3  _4P4P,2.5,e,5d3,145399.8,134.0,list,129,10,3,6.09,1190.3,70105.77,0.06
808,f26d _1G2F,2.5,e,f26d,111175.1,60.4,cfg,127,9,3,5.97,28141.3,39638.75,0.167
255,f25g _3F2H,4.5,e,f25g,139566.8,23.8,cfg,154,8,3,5.86,1211.7,22522.17,0.227
219,f25g _3F4P,2.5,e,f25g,140938.7,23.8,cfg,135,9,3,5.82,352.3,23252.2,0.26
210,f25g _3F4I,4.5,e,f25g,140976.7,23.8,cfg,151,8,3,5.72,1025.1,23329.48,0.293
195,f25g _3F4D,2.5,e,f25g,141425.6,23.8,cfg,123,9,3,5.62,300.6,22836.83,0.254
239,f27d _1G2F,3.5,e,f27d,140222.8,91.5,cfg,160,4,3,5.25,1962.7,68244.3,0.103
215,f25g _3F4H,3.5,e,f25g,140968.0,23.8,cfg,153,5,3,5.19,771.2,23374.97,0.286
192,f25g _1G2F,2.5,e,f25g,141432.8,23.8,cfg,132,6,3,5.17,375.2,22445.58,0.263
325,f27d _3F4D,2.5,e,f27d,136752.1,91.5,cfg,138,6,3,5.15,2327.9,71772.58,0.065
674,f27p ~3F2D,1.5,o,f27p,119258.1,42.3,cfg,63,6,3,5.1,4094.3,95007.48,0.094
55,5d3  _2H2H,4.5,e,5d3,148753.4,134.0,list,157,4,3,5.04,4475.5,70058.85,0.056
256,f25g _3F4I,4.5,e,f25g,139564.3,23.8,cfg,137,7,3,4.99,1931.5,23894.26,0.175
257,f25g _3F4H,3.5,e,f25g,139563.2,23.8,cfg,142,4,3,4.99,924.4,22836.09,0.236
260,f25g _3F2K,6.5,e,f25g,139531.3,23.8,cfg,70,9,3,4.97,2128.5,23222.13,0.248
34,5d3  _2D2D2,2.5,e,5d3,149388.7,134.0,list,131,6,3,4.96,791.7,73827.98,0.029
601,f26d _1I2K,7.5,e,f26d,123213.3,60.4,cfg,54,10,3,4.96,21911.2,38221.28,0.035
568,fd6p _3H2I,5.5,e,fd6p,125200.7,404.2,cfg,142,6,3,4.87,21743.4,48665.99,0.114
393,f27d _3F4P,1.5,e,f27d,135129.3,91.5,cfg,97,6,3,4.78,1463.8,71908.03,0.1
149,f25g _1G2G,4.5,e,f25g,144464.5,23.8,cfg,149,5,3,4.77,663.1,22322.93,0.228
161,f25g _1G2H,4.5,e,f25g,144454.5,23.8,cfg,163,4,3,4.75,716.1,23071.96,0.231
216,f25g _3F4G,2.5,e,f25g,140955.4,23.8,cfg,127,6,3,4.64,527.9,22753.9,0.301
533,f25f ~1D2D,1.5,o,f25f,128883.3,106.1,cfg,62,7,3,4.61,17260.0,94684.7,0.099
147,f25g _1G2F,3.5,e,f25g,144465.7,23.8,cfg,149,4,3,4.5,386.2,23053.05,0.228
928,f5d2 ~1G2P,0.5,o,f5d2,87291.5,210.4,cfg,31,9,3,4.5,28739.5,38889.86,0.088
157,f25g _1G2G,3.5,e,f25g,144460.1,23.8,cfg,153,4,3,4.43,498.2,23744.45,0.228
181,5d3  _4P4P,1.5,e,5d3,143055.8,134.0,list,90,6,3,4.39,864.2,71061.0,0.072
509,f27d _3H4F,1.5,e,f27d,130432.6,91.5,cfg,92,5,3,4.09,3184.8,68714.62,0.099
511,fd6p _3D2D,1.5,e,fd6p,130288.0,404.2,cfg,96,6,3,4.06,3650.9,52466.04,0.077
159,f25g _1G2I,5.5,e,f25g,144458.5,23.8,cfg,130,3,3,4.0,1236.1,22316.93,0.233
160,f25g _1G2I,6.5,e,f25g,144455.7,23.8,cfg,90,4,3,3.98,1076.4,23360.44,0.234
550,fd6p _3H2I,6.5,e,fd6p,127490.0,404.2,cfg,94,4,3,3.96,19336.0,48112.87,0.108
312,fd6p _1P2P,1.5,e,fd6p,137484.4,404.2,cfg,93,4,3,3.82,682.5,50545.86,0.08
218,f25g _3F4K,7.5,e,f25g,140939.8,23.8,cfg,46,4,3,3.61,2154.9,23691.79,0.192
242,f26f ~3F4H,5.5,o,f26f,140159.2,45.4,cfg,88,4,3,3.59,11297.1,119843.55,0.02
152,f25g _1G2K,6.5,e,f25g,144463.1,23.8,cfg,85,3,3,3.58,1080.4,22930.44,0.232
531,f27p ~1D2P,1.5,o,f27p,128957.5,42.3,cfg,60,5,3,3.46,6127.1,94758.9,0.084
328,f25g _3H4P,1.5,e,f25g,136700.7,23.8,cfg,92,3,3,3.41,582.2,22786.53,0.245
229,f26f ~3F4G,5.5,o,f26f,140765.4,45.4,cfg,93,4,3,3.38,12095.1,115731.49,0.019
440,f27d _3H4K,8.5,e,f27d,134191.4,91.5,cfg,17,5,3,3.33,9997.8,67890.09,0.098
231,f26f ~3F2H,4.5,o,f26f,140605.1,45.4,cfg,101,3,3,3.26,10701.7,115195.36,0.016
30,f26g _3H4K,7.5,e,f26g,149456.8,134.0,list,60,3,3,2.81,292.9,36560.44,0.11
158,f25g _1G2K,7.5,e,f25g,144460.4,23.8,cfg,51,3,3,2.55,2624.6,23961.7,0.232
641,fd6p _3G4H,4.5,e,fd6p,121478.2,404.2,cfg,152,19,2,10.53,6097.0,56613.06,0.049
667,fd6p _1G2H,4.5,e,fd6p,119593.4,404.2,cfg,146,20,2,9.72,4058.5,52194.61,0.086
652,fd6p _3G4G,3.5,e,fd6p,120741.6,404.2,cfg,150,18,2,9.69,7344.3,52409.86,0.053
515,fd6p _1F2F,3.5,e,fd6p,130141.8,404.2,cfg,162,18,2,9.48,4653.1,54379.59,0.095
648,fd6p _3F4D,3.5,e,fd6p,121073.4,404.2,cfg,145,15,2,8.97,7564.1,54220.55,0.084
365,fd6p _1H2G,4.5,e,fd6p,136261.9,404.2,cfg,161,13,2,8.74,4617.4,36322.91,0.063
617,fd6p _3G4F,3.5,e,fd6p,122648.9,404.2,cfg,156,11,2,7.96,9517.6,54104.73,0.099
553,fd6p _1F2G,3.5,e,fd6p,126856.4,404.2,cfg,168,11,2,7.65,6319.7,52160.18,0.088
836,f26d _3F4P,2.5,e,f26d,107614.5,60.4,cfg,136,13,2,7.55,45889.3,42634.98,0.088
664,fd6p _3F4D,2.5,e,fd6p,119878.1,404.2,cfg,121,10,2,7.46,4829.9,53968.66,0.102
624,fd6p _3G4H,5.5,e,fd6p,122464.3,404.2,cfg,126,12,2,7.43,18126.4,42103.5,0.066
854,f26d _3F2D,1.5,e,f26d,105993.3,60.4,cfg,94,13,2,7.43,43491.6,42772.03,0.087
635,f27p ~1G2H,4.5,o,f27p,121635.0,42.3,cfg,117,12,2,7.26,5392.7,91129.31,0.081
592,fd6p _3G4G,5.5,e,fd6p,123938.0,404.2,cfg,133,10,2,6.77,23313.4,57202.16,0.072
687,f26d _1D2G,3.5,e,f26d,118727.8,60.4,cfg,135,10,2,6.75,29128.8,43113.01,0.045
524,fd6p _3D2F,2.5,e,fd6p,129486.6,404.2,cfg,141,8,2,6.71,3741.4,56108.21,0.072
826,f6s2 ~2F2F,3.5,e,f6s2,108172.5,134.0,list,89,13,2,6.7,3341.7,62366.52,0.056
615,f27s _1I2I,5.5,e,f27s,122784.8,58.6,cfg,123,12,2,6.57,9581.3,41796.05,0.167
512,fd6p _3H2G,4.5,e,fd6p,130273.2,404.2,cfg,162,9,2,6.47,8675.6,36976.74,0.114
881,f5d6s~1P2P,1.5,o,f5d6s,102482.1,215.8,cfg,56,11,2,6.42,8314.8,50455.17,0.071
585,f26d _1I2G,4.5,e,f26d,124287.9,60.4,cfg,162,8,2,6.2,16724.1,40680.56,0.128
673,f26d _1D2D,2.5,e,f26d,119260.6,60.4,cfg,118,9,2,6.15,9898.5,39893.95,0.052
364,f27d _3F4H,5.5,e,f27d,136302.2,91.5,cfg,126,9,2,6.03,3431.8,68431.47,0.108
814,f26d _1G2D,2.5,e,f26d,110697.6,60.4,cfg,129,10,2,5.7,31824.6,43018.39,0.128
357,f26f ~3H4G,3.5,o,f26f,136439.6,45.4,cfg,102,9,2,5.62,9669.5,118812.61,0.038
56,5d3  _2H2H,5.5,e,5d3,148745.1,134.0,list,119,7,2,5.6,4925.4,69608.89,0.084
452,f25f ~3P2D,2.5,o,f25f,133794.4,106.1,cfg,83,8,2,5.56,20025.1,93588.65,0.063
827,f26d _3F2P,1.5,e,f26d,108125.7,60.4,cfg,90,9,2,5.52,18879.8,39147.16,0.203
820,f27s _1G2G,4.5,e,f27s,110201.1,58.6,cfg,140,10,2,5.51,30790.9,38464.69,0.162
144,5d3  _2G2G,3.5,e,5d3,144585.2,134.0,list,153,3,2,5.47,5561.8,69888.98,0.065
844,f26d _3F4D,1.5,e,f26d,107103.6,60.4,cfg,93,8,2,5.43,44160.5,42702.56,0.073
604,f27p ~1G2G,3.5,o,f27p,123086.8,42.3,cfg,114,9,2,5.35,5416.5,91832.08,0.088
395,f27d _3F4F,1.5,e,f27d,135076.7,91.5,cfg,96,8,2,5.25,950.0,68209.6,0.099
435,f25f ~3P4D,2.5,o,f25f,134301.4,106.1,cfg,84,8,2,5.22,17267.6,95180.92,0.096
819,f27s _1G2G,3.5,e,f27s,110276.6,58.6,cfg,147,6,2,5.1,15024.0,41902.06,0.176
246,f27d _1G2G,4.5,e,f27d,139986.3,91.5,cfg,164,5,2,5.08,2001.5,68393.96,0.098
407,f26f ~3H4G,2.5,o,f26f,134697.2,45.4,cfg,81,10,2,5.06,10203.8,119651.37,0.022
450,f25f ~3P4F,1.5,o,f25f,133992.1,106.1,cfg,58,10,2,5.01,4835.9,94506.63,0.083
335,f26f ~3H4D,2.5,o,f26f,136642.5,45.4,cfg,83,9,2,4.86,3793.5,88240.86,0.053
415,f26f ~3H4I,4.5,o,f26f,134514.1,45.4,cfg,99,6,2,4.73,26561.7,121667.44,0.025
1023,f25d _1S2D,2.5,e,f25d,68729.5,147.8,cfg,103,3,2,4.65,10870.4,36941.58,0.109
248,f27d _1G2D,2.5,e,f27d,139896.0,91.5,cfg,134,5,2,4.49,1619.6,72216.79,0.061
307,f26f ~3H4F,4.5,o,f26f,138285.5,45.4,cfg,105,7,2,4.49,7044.4,118976.56,0.019
110,f28s _1D2D,2.5,e,f28s,147240.8,79.6,cfg,130,6,2,4.48,673.4,68777.16,0.09
1054,f5d2 ~3F2S,0.5,o,f5d2,65631.0,210.4,cfg,32,9,2,4.43,111037.8,44032.42,0.111
259,f25g _3F4G,2.5,e,f25g,139543.5,23.8,cfg,127,6,2,4.38,746.2,22665.4,0.272
162,f25g _1G2H,5.5,e,f25g,144454.4,23.8,cfg,132,5,2,4.37,1113.3,23071.86,0.233
275,f25g _3H4P,2.5,e,f25g,138940.8,23.8,cfg,117,6,2,4.29,841.8,114054.27,0.235
206,f26f ~3F4F,4.5,o,f26f,141202.3,45.4,cfg,99,7,2,4.19,6941.2,116731.41,0.026
272,f26f ~3F4I,5.5,o,f26f,138967.6,45.4,cfg,91,8,2,4.18,12411.2,118651.95,0.025
250,f27d _1G2H,5.5,e,f27d,139822.0,91.5,cfg,130,3,2,4.17,2586.1,68229.66,0.105
529,f27p ~1D2F,2.5,o,f27p,129013.3,42.3,cfg,87,7,2,4.17,5283.3,94493.03,0.085
184,f25g _3F2I,6.5,e,f25g,141443.9,23.8,cfg,85,5,2,4.15,2118.0,22564.9,0.273
901,f5d6s~3P2P,1.5,o,f5d6s,97374.4,215.8,cfg,63,7,2,3.99,14740.0,45347.47,0.061
62,f27d _1D2F,3.5,e,f27d,148294.5,91.5,cfg,159,4,2,3.97,872.7,68927.85,0.061
462,f27p ~1I2I,5.5,o,f27p,133508.9,42.3,cfg,87,6,2,3.97,5781.9,120662.24,0.091
1022,f5d2 ~1D2P,0.5,o,f5d2,68762.3,210.4,cfg,31,8,2,3.97,40460.4,44806.98,0.151
618,f27s _1I2I,6.5,e,f27s,122636.7,58.6,cfg,87,7,2,3.89,29483.9,41647.95,0.197
240,f27d _1G2F,2.5,e,f27d,140214.3,91.5,cfg,136,4,2,3.88,1373.9,68677.95,0.103
221,f25g _3F4F,1.5,e,f25g,140936.9,23.8,cfg,88,7,2,3.87,330.8,23577.59,0.248
359,f26f ~3H4I,5.5,o,f26f,136396.1,45.4,cfg,91,6,2,3.85,24188.5,121536.12,0.025
199,f25g _3F4P,1.5,e,f25g,141418.0,23.8,cfg,85,7,2,3.83,232.1,22340.49,0.209
73,f27d _1D2G,4.5,e,f27d,148006.7,91.5,cfg,170,2,2,3.76,1535.0,69543.06,0.082
104,f26g _3H2I,5.5,e,f26g,147323.1,134.0,list,142,2,2,3.68,432.5,36400.66,0.101
320,f27d _3F2D,1.5,e,f27d,136895.1,91.5,cfg,92,5,2,3.67,752.2,67916.56,0.085
346,f27d _3F4P,1.5,e,f27d,136568.7,91.5,cfg,95,4,2,3.66,993.0,68237.02,0.102
460,f27p ~1I2I,6.5,o,f27p,133556.1,42.3,cfg,61,6,2,3.62,9656.3,94770.34,0.095
451,f26f ~3H4F,1.5,o,f26f,133965.8,45.4,cfg,58,6,2,3.54,4820.2,113805.44,0.086
361,f26f ~3H4F,2.5,o,f26f,136362.4,45.4,cfg,84,3,2,3.5,7545.3,116489.96,0.018
174,f26f ~1G2H,5.5,o,f26f,143877.1,45.4,cfg,88,5,2,3.45,7691.3,116272.84,0.014
1070,f5d2 ~3F4D,0.5,o,f5d2,63128.5,210.4,cfg,30,6,2,3.39,62833.0,43031.79,0.174
25,f26g _3H4H,5.5,e,f26g,149474.9,134.0,list,145,3,2,3.35,362.9,36831.73,0.181
64,f27d _1D2D,2.5,e,f27d,148255.8,91.5,cfg,138,2,2,3.28,727.1,69366.68,0.065
896,f5d6s~1P2P,0.5,o,f5d6s,100126.8,215.8,cfg,30,6,2,3.26,7763.8,54282.16,0.067
109,f28s _1D2D,1.5,e,f28s,147248.1,79.6,cfg,87,4,2,3.2,381.9,71633.31,0.098
301,f26f ~3H2K,7.5,o,f26f,138498.0,45.4,cfg,34,5,2,3.18,30670.5,119137.9,0.02
274,f25g _3H2P,1.5,e,f25g,138944.5,23.8,cfg,77,4,2,3.12,497.5,23144.33,0.233
196,f25g _3F2K,7.5,e,f25g,141424.1,23.8,cfg,47,3,2,3.1,1840.0,22813.18,0.194
855,f26d _3F4P,0.5,e,f26d,105979.2,60.4,cfg,46,6,2,3.09,14170.4,39435.5,0.111
263,f25g _3F2P,1.5,e,f25g,139513.5,23.8,cfg,87,4,2,3.08,663.0,23801.54,0.252
106,f26g _3H2K,6.5,e,f26g,147313.7,134.0,list,95,3,2,3.05,675.1,122955.73,0.108
261,f25g _3F4K,5.5,e,f25g,139524.7,23.8,cfg,87,2,2,3.04,2869.7,23642.97,0.203
300,f26f ~3F4H,3.5,o,f26f,138554.8,45.4,cfg,99,3,2,2.98,6795.9,123508.97,0.026
391,f27p ~1I2H,5.5,o,f27p,135138.8,42.3,cfg,84,5,2,2.96,3361.2,89332.82,0.069
237,f26f ~3F2I,5.5,o,f26f,140278.7,45.4,cfg,91,3,2,2.93,11073.0,119963.05,0.02
717,f27p ~3F4D,0.5,o,f27p,117733.1,42.3,cfg,32,3,2,2.91,3042.3,96134.52,0.107
24,f26g _3H4L,7.5,e,f26g,149481.6,134.0,list,58,3,2,2.79,462.4,36711.85,0.109
232,f26f ~3F4I,6.5,o,f26f,140601.8,45.4,cfg,61,4,2,2.76,20173.9,118845.96,0.024
29,f26g _3H4I,6.5,e,f26g,149456.8,134.0,list,100,2,2,2.74,634.8,36813.63,0.113
168,f26f ~1G2K,6.5,o,f26f,144088.1,45.4,cfg,68,4,2,2.72,15124.7,113582.41,0.017
176,f26f ~1G2I,6.5,o,f26f,143627.2,45.4,cfg,63,4,2,2.71,11143.4,117531.98,0.021
542,f25f ~1D2P,0.5,o,f25f,128448.6,106.1,cfg,29,4,2,2.71,18628.2,96644.91,0.091
150,f25g _1G2D,2.5,e,f25g,144464.0,23.8,cfg,119,2,2,2.68,251.1,23051.35,0.232
244,f26f ~3F4I,6.5,o,f26f,140130.1,45.4,cfg,64,2,2,2.62,17402.5,118374.26,0.026
208,f26f ~3F2I,6.5,o,f26f,141135.0,45.4,cfg,66,3,2,2.61,14664.2,113754.7,0.012
153,f25g _1G2L,7.5,e,f25g,144462.1,23.8,cfg,51,3,2,2.54,2443.6,23030.85,0.263
67,f27d _1D2D,1.5,e,f27d,148105.8,91.5,cfg,89,2,2,2.39,369.8,69792.93,0.057
412,f25g _3H4D,0.5,e,f25g,134542.7,23.8,cfg,44,3,2,2.25,402.2,23274.1,0.305
96,f26g _3H2M,8.5,e,f26g,147394.1,134.0,list,21,4,2,2.22,5206.3,122149.46,0.133
388,f25f ~3P4D,0.5,o,f25f,135252.3,106.1,cfg,30,4,2,2.21,3918.1,115091.94,0.067
228,f26f ~3F4I,7.5,o,f26f,140780.2,45.4,cfg,35,2,2,1.99,32444.8,117605.12,0.025
410,f25g _3H4P,0.5,e,f25g,134560.6,23.8,cfg,46,2,2,1.9,422.2,22787.92,0.248
567,fd6p _1F2G,4.5,e,fd6p,125237.6,404.2,cfg,172,13,1,8.22,9296.8,55829.11,0.06
545,fd6p _3D4F,4.5,e,fd6p,128336.4,404.2,cfg,165,14,1,8.19,7632.3,54727.27,0.076
588,fd6p _3H4G,3.5,e,fd6p,124189.4,404.2,cfg,161,12,1,7.69,4933.1,54758.43,0.076
634,fd6p _3F4D,2.5,e,fd6p,121676.6,404.2,cfg,127,11,1,7.24,2746.0,54733.61,0.099
637,f27p ~1G2F,3.5,o,f27p,121583.5,42.3,cfg,110,11,1,7.2,4242.2,94131.05,0.1
564,fd6p _1D2F,3.5,e,fd6p,125530.6,404.2,cfg,170,11,1,7.07,4383.3,49768.39,0.096
566,f26d _3P2F,3.5,e,f26d,125263.1,60.4,cfg,159,9,1,6.16,8620.6,39956.93,0.04
549,fd6p _3D4F,3.5,e,fd6p,127710.0,404.2,cfg,166,6,1,6.13,6649.1,54679.99,0.079
910,f5d6s~3P4P,1.5,o,f5d6s,93427.9,215.8,cfg,63,12,1,6.1,13526.8,43775.59,0.033
552,fd6p _3D4D,3.5,e,fd6p,127128.4,404.2,cfg,168,9,1,5.89,2571.5,50717.37,0.092
425,f26f ~3H4F,2.5,o,f26f,134417.9,45.4,cfg,84,13,1,5.54,6973.1,116206.12,0.019
659,fd6p _3F4D,1.5,e,fd6p,120221.0,404.2,cfg,79,9,1,5.14,4132.1,54455.87,0.097
493,fd6p _3D2D,2.5,e,fd6p,132112.5,404.2,cfg,136,8,1,5.07,3009.0,52716.96,0.096
371,f26f ~3H4H,4.5,o,f26f,136100.3,45.4,cfg,106,7,1,4.97,9833.0,118473.31,0.025
594,f26d _3P4F,3.5,e,f26d,123752.5,60.4,cfg,150,3,1,4.66,7885.5,40325.9,0.037
668,f26d _1D2F,3.5,e,f26d,119407.2,60.4,cfg,140,5,1,4.6,20592.8,40040.55,0.264
1085,4f3  ~2F2F1,2.5,o,4f3,54158.4,101.0,cfg,91,5,1,4.59,837.2,28223.42,0.063
650,fd6p _3D4F,1.5,e,fd6p,120808.7,404.2,cfg,79,9,1,4.5,5608.4,55991.17,0.06
678,f26d _1D2G,4.5,e,f26d,119027.7,60.4,cfg,134,5,1,4.4,35079.7,40564.06,0.172
608,fd6p _3H4G,2.5,e,fd6p,123020.6,404.2,cfg,130,3,1,4.34,4611.6,39994.7,0.089
574,f26d _1I2G,3.5,e,f26d,124705.2,60.4,cfg,161,5,1,4.33,15745.5,40294.49,0.264
581,fd6p _3F2F,2.5,e,fd6p,124369.4,404.2,cfg,136,3,1,4.27,2657.5,50991.01,0.105
606,f27p ~1G2F,2.5,o,f27p,123038.1,42.3,cfg,89,6,1,4.16,4271.7,94101.65,0.103
204,f26f ~3F4F,3.5,o,f26f,141245.0,45.4,cfg,104,7,1,4.1,6301.7,117593.12,0.024
369,f26f ~3H4F,3.5,o,f26f,136185.8,45.4,cfg,103,5,1,4.06,7258.0,113658.1,0.008
654,f25f ~1G2P,0.5,o,f25f,120658.3,106.1,cfg,29,8,1,3.99,37031.2,91721.85,0.084
211,f26f ~3F2G,4.5,o,f26f,140972.3,45.4,cfg,103,7,1,3.95,7118.9,119437.14,0.02
194,f25g _1G2D,1.5,e,f25g,141426.0,23.8,cfg,86,7,1,3.92,277.2,23201.91,0.279
78,f27d _1D2G,3.5,e,f27d,147863.5,91.5,cfg,164,3,1,3.86,1384.0,72248.71,0.041
403,f25f ~3P4D,1.5,o,f25f,134831.6,106.1,cfg,59,7,1,3.85,4169.2,116619.82,0.064
1008,f5d2 ~3F4P,0.5,o,f5d2,70478.0,210.4,cfg,33,6,1,3.84,26651.3,46168.8,0.099
262,f25g _3F4P,2.5,e,f25g,139515.3,23.8,cfg,130,5,1,3.83,1125.2,23524.65,0.222
100,f26g _3H2H,4.5,e,f26g,147344.7,134.0,list,172,3,1,3.8,305.7,36002.19,0.098
792,f26p ~1S2P,1.5,o,f26p,112214.9,108.7,cfg,62,7,1,3.78,816.0,66407.77,0.062
629,fd6p _3D2P,1.5,e,fd6p,122017.8,404.2,cfg,81,5,1,3.72,4072.1,53341.25,0.089
433,f27p ~3P4S,1.5,o,f27p,134345.1,42.3,cfg,58,8,1,3.68,5151.3,94859.63,0.081
686,f26d _1D2D,1.5,e,f26d,118792.5,60.4,cfg,76,4,1,3.66,5696.7,39903.38,0.04
305,f26f ~3H4D,3.5,o,f26f,138365.2,45.4,cfg,102,4,1,3.64,11179.8,115617.52,0.017
68,f27d _1D2F,2.5,e,f27d,148085.8,91.5,cfg,140,4,1,3.6,544.1,72471.01,0.035
167,f26f ~1G2I,5.5,o,f26f,144149.3,45.4,cfg,97,6,1,3.56,5636.5,114314.21,0.012
559,f26d _3P2D,2.5,e,f26d,126005.2,60.4,cfg,133,4,1,3.5,4592.4,41201.06,0.03
368,f27d _3F4D,1.5,e,f27d,136186.3,91.5,cfg,94,4,1,3.45,1716.5,71785.26,0.058
270,f26f ~3F4G,2.5,o,f26f,138998.9,45.4,cfg,82,5,1,3.34,6632.7,115948.28,0.017
748,fd6p _3F2D,1.5,e,fd6p,115992.5,404.2,cfg,71,3,1,3.31,3233.0,50227.37,0.099
156,f26f ~1G2G,4.5,o,f26f,144460.3,45.4,cfg,100,5,1,3.28,7239.8,113205.58,0.006
290,f26f ~3H2F,3.5,o,f26f,138780.5,45.4,cfg,97,3,1,3.21,11732.5,113992.48,0.008
857,f26d _3F2P,0.5,e,f26d,105664.6,60.4,cfg,45,3,1,3.2,30516.9,42443.33,0.034
105,f26g _3H4I,4.5,e,f26g,147318.1,134.0,list,155,1,1,3.13,507.2,36984.51,0.062
5,5d3  _2P2P,1.5,e,5d3,149761.5,134.0,list,80,4,1,3.12,925.5,73350.47,0.029
21,f26g _3H4G,4.5,e,f26g,149499.0,134.0,list,167,2,1,3.09,189.9,124612.47,0.26
1038,f25d _1S2D,1.5,e,f25d,67211.8,147.8,cfg,70,5,1,3.07,6581.2,36608.97,0.116
438,f27p ~3P4S,1.5,o,f27p,134249.1,42.3,cfg,59,5,1,3.04,3969.1,94763.63,0.08
367,f27p ~3P4D,3.5,o,f27p,136211.8,42.3,cfg,100,3,1,2.9,3587.5,97187.53,0.072
107,f26g _3H4K,5.5,e,f26g,147305.1,134.0,list,123,3,1,2.86,312.2,37009.69,0.062
806,f26d _1G2D,1.5,e,f26d,111182.3,60.4,cfg,80,4,1,2.84,30874.0,39645.95,0.168
380,f27p ~1I2H,4.5,o,f27p,135618.2,42.3,cfg,99,4,1,2.82,2757.2,88834.39,0.046
510,f27p ~1D2F,3.5,o,f27p,130293.0,42.3,cfg,96,4,1,2.76,4920.7,94464.55,0.09
899,f5d6s~3P2P,0.5,o,f5d6s,98274.6,215.8,cfg,31,5,1,2.76,8058.8,47405.37,0.06
837,f26d _3F2P,0.5,e,f26d,107529.8,60.4,cfg,44,3,1,2.69,22407.6,39564.35,0.171
146,f25g _1G2F,2.5,e,f25g,144467.8,23.8,cfg,124,2,1,2.66,539.1,23752.15,0.177
101,f26g _3H4H,3.5,e,f26g,147342.4,134.0,list,157,1,1,2.65,352.3,37008.81,0.062
103,f26g _3H4L,6.5,e,f26g,147332.1,134.0,list,82,3,1,2.62,992.7,37036.69,0.062
404,f27p ~1I2K,6.5,o,f27p,134829.4,42.3,cfg,61,4,1,2.56,8392.4,95103.4,0.095
102,f26g _3H2L,7.5,e,f26g,147340.1,134.0,list,51,4,1,2.5,873.8,36229.94,0.112
551,fd6p _1F2D,1.5,e,fd6p,127403.7,404.2,cfg,91,2,1,2.49,2474.6,50511.23,0.099
296,f26f ~3F4I,4.5,o,f26f,138652.3,45.4,cfg,106,2,1,2.48,28839.4,119662.22,0.017
249,f27d _1G2I,6.5,e,f27d,139847.5,91.5,cfg,85,2,1,2.42,5058.8,68111.09,0.106
285,f26f ~3F4P,1.5,o,f26f,138811.4,45.4,cfg,56,3,1,2.33,5684.4,117212.82,0.026
243,f27d _1G2D,1.5,e,f27d,140144.0,91.5,cfg,85,2,1,2.28,1724.8,68607.65,0.101
385,f27p ~1I2K,7.5,o,f27p,135347.9,42.3,cfg,31,3,1,2.18,9697.2,94321.03,0.103
405,f27d _3F2P,0.5,e,f27d,134810.9,91.5,cfg,49,3,1,2.15,1172.4,71589.63,0.079
23,f26g _3H4L,8.5,e,f26g,149482.8,134.0,list,30,3,1,2.13,925.8,36586.44,0.095
165,f26f ~1G2D,2.5,o,f26f,144224.1,45.4,cfg,88,2,1,2.13,6262.9,116771.65,0.027
656,fd6p _3D2P,0.5,e,fd6p,120611.0,404.2,cfg,39,3,1,2.1,2649.3,50133.2,0.098
32,f26g _3H4K,6.5,e,f26g,149441.8,134.0,list,99,1,1,2.09,295.5,36672.05,0.08
207,f26f ~3F4S,1.5,o,f26f,141192.0,45.4,cfg,57,3,1,2.09,6341.9,119580.82,0.018
397,f27d _3F4P,0.5,e,f27d,134997.8,91.5,cfg,48,2,1,1.98,779.6,68454.1,0.108
590,f26d _1I2L,7.5,e,f26d,124011.9,60.4,cfg,52,2,1,1.98,41869.5,40308.47,0.241
200,f25g _3F4P,0.5,e,f25g,141414.9,23.8,cfg,44,2,1,1.9,230.3,22337.39,0.19
342,f27d _3F2P,0.5,e,f27d,136597.7,91.5,cfg,46,2,1,1.85,969.1,68632.25,0.103
197,f25g _3F4K,8.5,e,f25g,141423.5,23.8,cfg,22,3,1,1.83,3736.6,23360.32,0.305
17,f26g _3H4M,8.5,e,f26g,149532.6,134.0,list,25,3,1,1.82,2804.2,124287.96,0.183
223,f25g _3F4D,0.5,e,f25g,140922.4,23.8,cfg,46,2,1,1.82,255.1,23563.09,0.193
198,f25g _3F2P,0.5,e,f25g,141422.7,23.8,cfg,42,2,1,1.72,201.2,22403.5,0.193
173,f26f ~1G2K,7.5,o,f26f,143938.0,45.4,cfg,39,3,1,1.7,27586.8,114674.93,0.014
327,f25g _3H2P,0.5,e,f25g,136713.6,23.8,cfg,47,2,1,1.68,500.2,22890.44,0.236
179,5d3  _4P4P,0.5,e,5d3,143478.5,134.0,list,45,3,1,1.67,512.3,70772.65,0.063
151,f25g _1G2D,1.5,e,f25g,144462.5,23.8,cfg,78,1,1,1.62,350.9,22879.64,0.236
97,f26g _3H4M,7.5,e,f26g,147385.6,134.0,list,40,2,1,1.53,1507.2,36854.44,0.062
18,f26g _3H4M,9.5,e,f26g,149532.3,134.0,list,11,3,1,1.48,2713.4,123084.41,0.11
169,f26f ~1G2P,1.5,o,f26f,144079.2,45.4,cfg,58,3,1,1.46,5331.9,116626.75,0.025
74,f27d _1D2P,0.5,e,f27d,148002.9,91.5,cfg,42,1,1,1.22,360.2,69690.03,0.056
154,f25g _1G2L,8.5,e,f25g,144462.2,23.8,cfg,25,1,1,1.2,3188.1,23342.82,0.293
583,f26d _1I2L,8.5,e,f26d,124336.0,60.4,cfg,28,1,1,1.17,52844.4,39343.98,0.179
155,f25g _1G2P,0.5,e,f25g,144460.8,23.8,cfg,39,1,1,0.99,176.9,22877.94,0.238
148,f25g _1G2S,0.5,e,f25g,144464.6,23.8,cfg,38,1,1,0.92,145.6,22881.74,0.237
502,fd6p _3P4D,3.5,e,fd6p,131294.1,404.2,cfg,159,12,0,7.02,2723.2,54399.52,0.056
669,f26d _1D2F,2.5,e,f26d,119378.4,60.4,cfg,121,11,0,6.58,5989.5,40489.28,0.082
582,f26d _3P2F,3.5,e,f26d,124337.3,60.4,cfg,166,7,0,6.54,3650.7,42932.79,0.054
547,fd6p _3H2G,3.5,e,fd6p,128027.2,404.2,cfg,164,12,0,6.52,3878.7,37397.99,0.05
616,f26d _3P4F,2.5,e,f26d,122676.4,60.4,cfg,125,10,0,6.25,2382.8,42512.4,0.058
631,fd6p _3F2D,2.5,e,fd6p,121861.1,404.2,cfg,131,10,0,5.98,2885.0,54620.76,0.06
596,fd6p _3H4G,2.5,e,fd6p,123449.7,404.2,cfg,133,6,0,5.85,2893.4,43285.7,0.057
695,f27s _1D2D,2.5,e,f27s,118448.3,58.6,cfg,117,9,0,5.47,9028.3,42833.51,0.078
613,f26d _3P4P,2.5,e,f26d,122869.2,60.4,cfg,128,8,0,5.17,6229.5,39843.3,0.058
556,fd6p _1F2D,2.5,e,fd6p,126304.3,404.2,cfg,142,7,0,4.87,1794.6,52925.91,0.041
698,f27s _1D2D,2.5,e,f27s,118248.1,58.6,cfg,119,7,0,4.84,8269.3,42838.51,0.075
537,fd6p _1F2F,2.5,e,fd6p,128617.9,404.2,cfg,141,6,0,4.66,1895.9,36063.22,0.051
593,fd6p _3D4P,2.5,e,fd6p,123779.3,404.2,cfg,130,3,0,4.6,2124.5,39369.39,0.057
455,fd6p _3D2D,2.5,e,fd6p,133665.4,404.2,cfg,139,6,0,4.55,2036.2,35925.08,0.06
555,fd6p _1F2D,2.5,e,fd6p,126408.2,404.2,cfg,137,6,0,4.53,1883.7,58076.46,0.041
230,f26f ~3F4D,3.5,o,f26f,140608.5,45.4,cfg,98,8,0,4.46,3242.9,116137.61,0.028
562,fd6p _3D4D,2.5,e,fd6p,125690.4,404.2,cfg,143,6,0,4.42,3040.0,34492.61,0.045
241,f26f ~3F4H,4.5,o,f26f,140194.6,45.4,cfg,104,9,0,4.34,3945.2,115723.71,0.032
236,f26f ~3F4G,3.5,o,f26f,140279.7,45.4,cfg,97,7,0,4.3,3637.5,118198.76,0.026
267,f26f ~3F4H,4.5,o,f26f,139093.7,45.4,cfg,104,7,0,4.3,4641.7,117012.76,0.036
264,f26f ~3F4G,3.5,o,f26f,139393.2,45.4,cfg,99,6,0,4.16,4922.6,115641.65,0.027
676,fd6p _3F4F,1.5,e,fd6p,119178.9,404.2,cfg,75,9,0,4.1,4507.9,40289.78,0.09
528,fd6p _3P4P,2.5,e,fd6p,129085.9,404.2,cfg,138,3,0,4.02,1349.4,60098.85,0.053
570,f26d _3P4D,3.5,e,f26d,124989.0,60.4,cfg,160,5,0,4.02,5915.1,43584.49,0.052
578,f26d _3P4D,2.5,e,f26d,124571.3,60.4,cfg,131,3,0,4.0,4072.0,43166.79,0.058
584,f27s _3P4P,2.5,e,f27s,124306.4,58.6,cfg,134,5,0,3.96,2833.4,39876.49,0.055
569,fd6p _1D2F,2.5,e,fd6p,124999.8,404.2,cfg,134,5,0,3.88,2157.9,43595.29,0.053
643,fd6p _1D2P,1.5,e,fd6p,121458.2,404.2,cfg,78,7,0,3.88,3174.9,55548.76,0.074
265,f26f ~3F4P,2.5,o,f26f,139198.7,45.4,cfg,79,6,0,3.61,4253.4,112751.73,0.024
587,f26d _3P2F,2.5,e,f26d,124214.1,60.4,cfg,130,4,0,3.57,6216.5,44050.1,0.058
119,5d3  _4P4P,1.5,e,5d3,146641.6,134.0,list,82,6,0,3.56,618.8,74646.8,0.033
225,f26f ~1G2F,3.5,o,f26f,140891.6,45.4,cfg,102,5,0,3.44,3312.6,111623.74,0.028
203,f26f ~3F2H,5.5,o,f26f,141275.6,45.4,cfg,92,7,0,3.32,16490.0,112554.89,0.041
238,f26f ~3F4P,2.5,o,f26f,140240.8,45.4,cfg,83,6,0,3.28,3513.4,118821.97,0.025
222,f25g _3F4P,1.5,e,f25g,140926.4,23.8,cfg,86,6,0,3.25,139.4,23385.88,0.05
172,f26f ~1G2H,4.5,o,f26f,143973.5,45.4,cfg,107,6,0,3.24,1935.4,116369.24,0.041
224,f26f ~3F4F,2.5,o,f26f,140918.6,45.4,cfg,90,5,0,3.23,3450.6,117167.05,0.026
298,f26f ~3H2D,2.5,o,f26f,138621.5,45.4,cfg,84,3,0,3.15,4407.0,112174.53,0.026
235,f26f ~3F2D,2.5,o,f26f,140307.2,45.4,cfg,84,4,0,3.13,4820.2,116056.58,0.025
98,f26g _3H2G,3.5,e,f26g,147371.9,134.0,list,168,1,0,3.01,469.3,124125.9,0.046
701,f26d _1D2P,1.5,e,f26d,118208.1,60.4,cfg,76,2,0,2.95,6380.5,42593.31,0.086
170,f26f ~1G2F,3.5,o,f26f,143983.9,45.4,cfg,105,4,0,2.92,3212.4,112729.18,0.04
202,f26f ~3F2D,2.5,o,f26f,141310.9,45.4,cfg,88,4,0,2.86,3690.3,112043.04,0.026
398,f27p ~3P2D,1.5,o,f27p,134975.5,42.3,cfg,58,5,0,2.81,1678.9,116763.72,0.026
595,fd6p _3D4D,1.5,e,fd6p,123727.0,404.2,cfg,85,2,0,2.75,1594.4,57045.87,0.062
20,f26g _3H4D,3.5,e,f26g,149523.6,134.0,list,167,1,0,2.69,319.6,124637.07,0.046
331,f26f ~3H4D,1.5,o,f26f,136668.6,45.4,cfg,58,4,0,2.61,3497.8,115820.22,0.023
163,f26f ~1G2G,4.5,o,f26f,144267.8,45.4,cfg,110,3,0,2.6,3657.6,116663.54,0.045
164,f26f ~1G2G,3.5,o,f26f,144264.8,45.4,cfg,98,4,0,2.6,2184.1,114996.94,0.03
697,f27s _1D2D,1.5,e,f27s,118358.6,58.6,cfg,73,3,0,2.57,5755.0,38991.95,0.087
382,fd6p _1P2D,1.5,e,fd6p,135571.8,404.2,cfg,95,2,0,2.56,806.8,52145.2,0.058
677,fd6p _3F4D,0.5,e,fd6p,119170.8,404.2,cfg,37,5,0,2.51,2663.0,40857.93,0.09
400,f27p ~3P4D,2.5,o,f27p,134931.4,42.3,cfg,83,3,0,2.49,1934.0,97011.81,0.03
266,f26f ~3F2D,1.5,o,f26f,139189.1,45.4,cfg,56,5,0,2.47,3160.2,119092.39,0.023
26,f26g _3H4H,4.5,e,f26g,149472.6,134.0,list,173,0,0,2.44,245.8,117684.68,0.052
459,fd6p _3P2D,1.5,e,fd6p,133599.7,404.2,cfg,96,2,0,2.42,723.6,55777.74,0.063
507,f27p ~1D2D,2.5,o,f27p,130629.1,42.3,cfg,82,3,0,2.42,2416.1,93988.71,0.04
77,f27d _1D2P,1.5,e,f27d,147879.0,91.5,cfg,89,3,0,2.39,505.7,72469.41,0.035
348,f27p ~3P4P,2.5,o,f27p,136564.6,42.3,cfg,81,4,0,2.38,1653.1,95540.61,0.024
453,f27p ~3P4D,1.5,o,f27p,133713.8,42.3,cfg,58,4,0,2.38,2269.8,97061.52,0.032
908,f5d6s~3P4P,0.5,o,f5d6s,93597.1,215.8,cfg,30,5,0,2.36,13779.5,43369.23,0.06
31,f26g _3H4I,5.5,e,f26g,149450.6,134.0,list,140,1,0,2.35,219.1,36292.02,0.054
233,f26f ~3F4F,1.5,o,f26f,140542.5,45.4,cfg,57,4,0,2.34,2851.1,116291.88,0.021
302,fd6p _1P2D,2.5,e,fd6p,138471.9,404.2,cfg,140,0,0,2.34,1053.2,59076.36,0.05
571,fd6p _3D4F,1.5,e,fd6p,124905.1,404.2,cfg,88,1,0,2.33,2011.6,55223.52,0.058
22,f26g _3H4H,3.5,e,f26g,149498.6,134.0,list,168,0,0,2.3,317.5,117710.68,0.047
563,fd6p _3D4P,1.5,e,fd6p,125559.5,404.2,cfg,87,2,0,2.28,2258.1,44661.69,0.048
234,f26f ~3F2D,1.5,o,f26f,140370.3,45.4,cfg,57,3,0,2.24,1835.5,116618.75,0.021
610,f26d _3P4P,1.5,e,f26d,122955.0,60.4,cfg,82,0,0,2.18,5990.7,42791.0,0.061
586,f26d _3P4D,1.5,e,f26d,124216.9,60.4,cfg,86,2,0,2.17,2828.0,43319.09,0.061
693,f26d _1D2S,0.5,e,f26d,118485.4,60.4,cfg,37,4,0,2.17,4226.3,40172.53,0.093
387,f27p ~3P2D,2.5,o,f27p,135275.5,42.3,cfg,80,3,0,2.13,1189.0,90595.55,0.029
575,fd6p _3D4D,1.5,e,fd6p,124695.5,404.2,cfg,85,1,0,2.09,1089.0,58014.37,0.061
548,fd6p _3P4P,1.5,e,fd6p,127866.8,404.2,cfg,92,2,0,2.07,1664.2,50974.33,0.052
15,f26g _3H4D,2.5,e,f26g,149545.3,134.0,list,135,1,0,2.04,383.4,118942.47,0.046
226,f26f ~3F4D,1.5,o,f26f,140830.0,45.4,cfg,61,2,0,2.04,4196.3,116520.8,0.022
175,f26f ~1G2F,2.5,o,f26f,143651.5,45.4,cfg,88,3,0,2.03,2934.6,114383.64,0.028
619,f26d _3P4F,1.5,e,f26d,122620.1,60.4,cfg,79,1,0,2.01,9027.4,43241.69,0.064
99,f26g _3H4G,2.5,e,f26g,147371.2,134.0,list,133,1,0,2.0,242.8,116768.37,0.046
93,f26g _3H2F,2.5,e,f26g,147397.8,134.0,list,134,0,0,1.91,592.7,124151.8,0.045
508,f27p ~1D2D,1.5,o,f27p,130441.6,42.3,cfg,55,2,0,1.91,1128.8,93429.68,0.023
591,f26d _3P2P,1.5,e,f26d,123942.8,60.4,cfg,86,1,0,1.91,5510.9,40516.62,0.06
526,fd6p _3P4D,1.5,e,fd6p,129334.8,404.2,cfg,94,1,0,1.9,952.3,57340.0,0.053
536,fd6p _3P4S,1.5,e,fd6p,128662.4,404.2,cfg,88,2,0,1.9,1296.8,54557.14,0.05
166,f5d6d~3H4H,3.5,o,f5d6d,144191.4,134.0,list,106,2,0,1.88,3055.2,112936.68,0.038
379,fd6p _1P2P,0.5,e,fd6p,135712.2,404.2,cfg,49,4,0,1.87,857.3,53219.7,0.06
19,f26g _3H4G,2.5,e,f26g,149524.9,134.0,list,138,0,0,1.84,405.2,121927.77,0.046
457,f26f ~3H4D,0.5,o,f26f,133636.7,45.4,cfg,30,4,0,1.81,2910.5,113476.34,0.028
490,fd6p _3P2P,1.5,e,fd6p,132305.3,404.2,cfg,94,1,0,1.76,964.5,56744.58,0.057
41,p5f3d_4I6Ha,5.5,e,p5f3d,149225.3,134.0,list,127,0,0,1.67,3.8,36066.72,0.057
386,f27p ~3P4P,1.5,o,f27p,135296.2,42.3,cfg,59,2,0,1.66,707.1,95197.52,0.027
10,p5f3d_4I6Ga,5.5,e,p5f3d,149651.9,134.0,list,130,0,0,1.64,12.1,36493.32,0.058
821,f26p ~1S2P,0.5,o,f26p,108850.8,108.7,cfg,31,4,0,1.64,849.8,63006.16,0.031
560,f26d _3P2D,1.5,e,f26d,125889.9,60.4,cfg,84,1,0,1.51,3420.0,41297.85,0.043
463,f27p ~3P2S,0.5,o,f27p,133493.7,42.3,cfg,30,2,0,1.49,2245.9,96810.48,0.028
579,f27s _3P2P,1.5,e,f27s,124488.6,58.6,cfg,80,0,0,1.49,3050.5,43084.09,0.062
704,f26d _1D2P,0.5,e,f26d,118105.4,60.4,cfg,39,2,0,1.45,7858.0,42695.81,0.092
326,f27p ~3P2P,1.5,o,f27p,136743.7,42.3,cfg,59,1,0,1.43,712.9,87998.21,0.024
28,f5d6d~3H4H,6.5,o,f5d6d,149462.3,134.0,list,63,1,0,1.38,290.7,45978.17,0.057
14,p5f3d_4I6Lb,6.5,e,p5f3d,149556.5,134.0,list,95,0,0,1.37,27.9,36786.75,0.061
597,f26d _3P4D,0.5,e,f26d,123443.2,60.4,cfg,41,2,0,1.35,1433.7,54886.91,0.083
180,f5d6d~1G2I,5.5,o,f5d6d,143468.7,134.0,list,95,1,0,1.3,1539.9,29614.35,0.059
145,f25g _1G2P,1.5,e,f25g,144468.8,23.8,cfg,78,1,0,1.29,360.9,123611.95,0.047
13,f26g _3H4P,1.5,e,f26g,149559.9,134.0,list,79,1,0,1.26,356.9,118957.07,0.049
42,p5f3d_4I6Ha,4.5,e,p5f3d,149170.8,134.0,list,102,0,0,1.25,0.3,70476.25,0.039
471,fd6p _3P2S,0.5,e,fd6p,133097.9,404.2,cfg,48,2,0,1.24,994.5,50605.4,0.061
535,fd6p _3P4D,0.5,e,fd6p,128811.4,404.2,cfg,47,1,0,1.24,2598.6,54347.68,0.056
620,fd6p _3D4D,0.5,e,fd6p,122612.0,404.2,cfg,39,1,0,1.23,2176.3,42869.57,0.08
139,f5d6d~1G2G,4.5,o,f5d6d,145134.4,134.0,list,108,0,0,1.19,587.9,31280.05,0.053
137,f5d6d~1G2H,5.5,o,f5d6d,145270.1,134.0,list,95,0,0,1.18,242.0,121827.85,0.057
245,f26f ~3F4D,0.5,o,f26f,140097.8,45.4,cfg,29,2,0,1.16,3048.6,117820.13,0.018
607,f27s _3P4P,1.5,e,f27s,123031.0,58.6,cfg,79,0,0,1.16,3647.3,43288.57,0.057
143,f26f ~1G2D,1.5,o,f26f,144734.9,45.4,cfg,63,2,0,1.15,3280.7,115798.45,0.028
46,p5f3d_4I6F,2.5,e,p5f3d,149065.2,134.0,list,91,0,0,1.14,0.3,122143.72,0.031
118,f5d6d~3H4K,5.5,o,f5d6d,146695.6,134.0,list,93,0,0,1.11,202.3,27728.26,0.058
48,f5d6d~3F4G,5.5,o,f5d6d,149057.3,134.0,list,90,0,0,1.1,167.3,122962.08,0.059
247,f26f ~3F4P,0.5,o,f26f,139924.9,45.4,cfg,29,2,0,1.1,1927.4,115969.58,0.017
47,f5d6d~3G4I,4.5,o,f5d6d,149057.3,134.0,list,95,0,0,1.09,187.4,35202.95,0.063
308,fd6p _1P2S,0.5,e,fd6p,138243.1,404.2,cfg,47,1,0,1.09,1172.2,51304.56,0.035
142,f26f ~1G2D,1.5,o,f26f,144793.0,45.4,cfg,62,1,0,1.08,2680.5,115856.55,0.028
50,f5d7s~3H2H,4.5,o,f5d7s,148979.2,134.0,list,98,0,0,1.07,119.7,35124.85,0.064
90,f26g _3H4P,1.5,e,f26g,147416.0,134.0,list,88,0,0,1.07,843.2,124324.3,0.046
94,f26g _3H4F,1.5,e,f26g,147395.9,134.0,list,87,0,0,1.07,294.4,123930.48,0.046
297,f26f ~3F2S,0.5,o,f26f,138631.8,45.4,cfg,30,1,0,1.07,4844.7,118535.09,0.025
60,f5d6d~3G2G,3.5,o,f5d6d,148337.5,134.0,list,96,0,0,1.06,362.3,32898.0,0.04
37,f5d7s~3H4H,4.5,o,f5d7s,149319.6,134.0,list,99,0,0,1.05,72.5,112649.04,0.052
49,f5d6d~1G2H,5.5,o,f5d6d,148989.7,134.0,list,89,0,0,1.05,103.8,112347.59,0.061
87,p5f3d_4I6Ga,3.5,e,p5f3d,147455.2,134.0,list,80,0,0,1.05,0.2,122568.67,0.032
108,f5d6d~3G4H,4.5,o,f5d6d,147295.8,134.0,list,104,0,0,1.04,319.9,46130.47,0.053
124,f5d6d~3G4I,4.5,o,f5d6d,146442.5,134.0,list,105,0,0,1.04,174.6,45817.46,0.045
129,f5d6d~3F4H,4.5,o,f5d6d,145714.7,134.0,list,105,0,0,1.04,191.5,123633.76,0.041
81,f27d _1D2S,0.5,e,f27d,147786.7,91.5,cfg,42,1,0,1.03,397.0,72377.11,0.041
16,f26g _3H4F,1.5,e,f26g,149544.5,134.0,list,79,0,0,1.02,357.1,122623.02,0.046
577,fd6p _3D4P,0.5,e,fd6p,124596.3,404.2,cfg,42,1,0,1.02,1481.2,43698.49,0.074
59,f5d6d~3F2G,3.5,o,f5d6d,148444.9,134.0,list,94,0,0,1.01,152.2,48123.8,0.034
117,f5d7s~1G2G,4.5,o,f5d7s,146797.8,134.0,list,99,0,0,1.01,305.8,32943.45,0.047
141,f5d6d~3F4G,3.5,o,f5d6d,144942.7,134.0,list,106,0,0,1.01,163.1,125070.26,0.041
70,f5d6d~1G2H,4.5,o,f5d6d,148060.4,134.0,list,101,0,0,1.0,116.3,123026.49,0.048
72,f5d6d~1G2I,5.5,o,f5d6d,148015.7,134.0,list,96,0,0,1.0,342.1,124367.93,0.06
134,f5d6d~3F4H,3.5,o,f5d6d,145385.2,134.0,list,103,0,0,1.0,185.7,44954.85,0.041
201,f26f ~3F2P,0.5,o,f26f,141316.2,45.4,cfg,30,1,0,1.0,4563.0,117007.0,0.021
3,f5d6d~3F4F,4.5,o,f5d6d,149900.1,134.0,list,99,0,0,0.99,150.8,122295.84,0.047
58,p5f3d_4I6Ha,3.5,e,p5f3d,148456.5,134.0,list,77,0,0,0.99,0.2,69089.85,0.028
273,p5f3d_4I6Ka,5.5,e,p5f3d,138956.7,134.0,list,73,0,0,0.99,0.3,23553.49,0.057
44,f5d7s~3F4F,3.5,o,f5d7s,149074.2,134.0,list,91,0,0,0.98,165.1,48753.1,0.032
83,f5d6d~3F4H,5.5,o,f5d6d,147648.0,134.0,list,88,0,0,0.98,323.8,28680.66,0.063
476,f27p ~3P4D,0.5,o,f27p,133047.8,42.3,cfg,30,2,0,0.98,1021.5,97909.97,0.028
11,f5d7s~3F4F,3.5,o,f5d7s,149628.8,134.0,list,93,0,0,0.97,133.4,49307.7,0.045
40,f5d6d~3H4I,6.5,o,f5d6d,149228.4,134.0,list,65,0,0,0.97,232.1,45744.27,0.064
95,f5d6d~3G4I,5.5,o,f5d6d,147394.5,134.0,list,92,0,0,0.97,379.1,45714.06,0.058
561,fd6p _1D2P,0.5,e,fd6p,125806.1,404.2,cfg,45,1,0,0.97,1443.9,54305.07,0.041
598,f26d _3P4P,0.5,e,f26d,123392.0,60.4,cfg,40,0,0,0.97,1501.0,42494.19,0.084
6,f5d7s~3G4G,3.5,o,f5d7s,149739.4,134.0,list,89,0,0,0.96,256.0,49418.3,0.04
112,f5d6d~3F4G,4.5,o,f5d6d,147123.4,134.0,list,102,0,0,0.96,163.9,121713.66,0.047
127,f5d6d~3F4G,3.5,o,f5d6d,146284.8,134.0,list,103,0,0,0.96,144.5,45337.61,0.034
313,p5f3d_4I6Ka,4.5,e,p5f3d,137383.7,134.0,list,74,0,0,0.96,0.4,75778.03,0.057
7,f5d6d~3F4H,6.5,o,f5d6d,149719.1,134.0,list,57,1,0,0.95,398.7,28575.73,0.051
8,f5d6d~3H4I,4.5,o,f5d6d,149696.9,134.0,list,94,0,0,0.95,87.1,30729.56,0.047
128,f5d6d~1G2F,3.5,o,f5d6d,145963.7,134.0,list,107,0,0,0.95,234.7,124668.81,0.041
63,p5f3d_4I6Ha,4.5,e,p5f3d,148283.5,134.0,list,74,0,0,0.94,0.1,69588.95,0.029
35,f5d6d~3G4H,5.5,o,f5d6d,149342.5,134.0,list,83,0,0,0.93,204.4,46360.62,0.056
43,f5d7s~3H4H,3.5,o,f5d7s,149116.3,134.0,list,92,0,0,0.92,73.5,30148.96,0.031
45,f5d6d~3H4K,7.5,o,f5d6d,149070.2,134.0,list,37,1,0,0.91,708.2,26137.54,0.065
53,f5d7s~3G4G,2.5,o,f5d7s,148827.6,134.0,list,75,0,0,0.91,435.2,48612.59,0.028
71,f5d6d~3F4F,3.5,o,f5d6d,148039.9,134.0,list,97,0,0,0.91,153.0,32600.4,0.038
111,f5d6d~3H2G,3.5,o,f5d6d,147128.2,134.0,list,97,0,0,0.89,110.3,124600.5,0.034
125,5d3  _2P2P,0.5,e,5d3,146422.3,134.0,list,41,1,0,0.89,121.4,71012.71,0.031
171,f5d6d~3F4G,2.5,o,f5d6d,143977.9,134.0,list,86,0,0,0.89,408.0,118042.92,0.028
79,p5f3d_4I6Ha,2.5,e,p5f3d,147853.5,134.0,list,70,0,0,0.88,0.2,124607.5,0.028
52,f5d7s~3H4H,3.5,o,f5d7s,148861.8,134.0,list,87,0,0,0.87,45.2,29894.46,0.028
516,f27p ~1D2P,0.5,o,f27p,130099.6,42.3,cfg,28,1,0,0.87,1042.7,95901.0,0.025
114,f5d7s~1G2G,3.5,o,f5d7s,146890.9,134.0,list,92,0,0,0.83,267.2,33036.55,0.031
580,f26d _3P4D,0.5,e,f26d,124372.6,60.4,cfg,39,0,0,0.83,1736.7,40946.42,0.066
66,p5f3d_4I6F,1.5,e,p5f3d,148134.1,134.0,list,67,0,0,0.82,10.6,69821.23,0.029
384,f27p ~3P4P,0.5,o,f27p,135358.9,42.3,cfg,30,1,0,0.82,827.8,95153.15,0.022
130,f5d6d~1G2I,6.5,o,f5d6d,145682.3,134.0,list,66,0,0,0.81,222.3,122240.05,0.06
51,f5d6d~3H2F,2.5,o,f5d6d,148872.2,134.0,list,78,0,0,0.77,63.2,47425.87,0.028
4,f5d6d~3G4F,2.5,o,f5d6d,149784.9,134.0,list,71,0,0,0.75,95.8,123849.92,0.028
36,f5d6d~3F4P,2.5,o,f5d6d,149340.0,134.0,list,73,0,0,0.75,94.5,124878.77,0.028
504,fd6p _3P2P,0.5,e,fd6p,131122.8,404.2,cfg,44,0,0,0.72,849.2,56659.08,0.05
121,f5d6d~3F4F,2.5,o,f5d6d,146545.7,134.0,list,82,0,0,0.71,74.9,123012.83,0.028
27,f5d7s~3F2F,2.5,o,f5d7s,149469.8,134.0,list,69,0,0,0.7,91.6,42724.14,0.028
86,f5d6d~3H4K,6.5,o,f5d6d,147534.8,134.0,list,66,0,0,0.7,111.6,45854.36,0.064
116,f5d6d~3F4F,2.5,o,f5d6d,146827.5,134.0,list,80,0,0,0.7,121.2,31388.0,0.028
75,f5d6d~3F4P,2.5,o,f5d6d,148000.2,134.0,list,79,0,0,0.69,124.9,124348.32,0.028
599,f27s _3P2P,0.5,e,f27s,123261.3,58.6,cfg,39,0,0,0.69,1347.8,38851.39,0.085
92,f5d7s~3F4F,2.5,o,f5d7s,147403.4,134.0,list,77,0,0,0.68,157.8,42064.9,0.028
135,f5d6d~1G2D,2.5,o,f5d6d,145367.6,134.0,list,83,0,0,0.68,190.4,123948.77,0.028
178,p5f3d_4I6Ia,5.5,e,p5f3d,143593.2,134.0,list,47,0,0,0.68,0.2,75722.47,0.028
625,f27s _3P4P,0.5,e,f27s,122401.3,58.6,cfg,39,0,0,0.68,2347.8,43022.89,0.081
126,f5d6d~1G2F,2.5,o,f5d6d,146385.8,134.0,list,79,0,0,0.67,114.4,122852.93,0.028
227,p5f3d_4I6Ka,6.5,e,p5f3d,140793.9,134.0,list,53,0,0,0.67,1.6,23470.92,0.053
183,p5f3d_4I6Ia,4.5,e,p5f3d,142310.5,134.0,list,45,0,0,0.64,0.2,78541.84,0.025
362,f27p ~3P2P,0.5,o,f27p,136351.4,42.3,cfg,29,0,0,0.64,423.4,96865.93,0.021
205,p5f3d_4I6Ia,3.5,e,p5f3d,141217.4,134.0,list,45,0,0,0.63,0.4,77641.13,0.029
69,f5d6d~3F4P,2.5,o,f5d6d,148065.0,134.0,list,72,0,0,0.62,61.3,46618.67,0.028
39,p5f3d_4I6M,7.5,e,p5f3d,149245.0,134.0,list,47,0,0,0.6,1.2,36475.25,0.064
115,p5f3d_4I6Ga,2.5,e,p5f3d,146855.4,134.0,list,48,0,0,0.6,0.4,123609.4,0.028
557,fd6p _3P4P,0.5,e,fd6p,126302.4,404.2,cfg,42,0,0,0.59,1151.6,45404.59,0.041
140,p5f3d_4I6Ia,6.5,e,p5f3d,145044.1,134.0,list,41,0,0,0.57,0.1,76518.5,0.047
177,f26f ~1G2P,0.5,o,f26f,143622.4,45.4,cfg,28,1,0,0.57,3612.8,114685.95,0.017
1,f5d6d~3D4D,1.5,o,f5d6d,149995.3,134.0,list,47,0,0,0.5,61.5,46021.94,0.024
122,p5f3d_4I6Ga,1.5,e,p5f3d,146464.1,134.0,list,41,0,0,0.48,0.3,123372.4,0.022
123,f5d6d~1G2D,1.5,o,f5d6d,146456.4,134.0,list,57,0,0,0.48,125.2,124178.73,0.028
89,f26g _3H4P,0.5,e,f26g,147423.0,134.0,list,42,0,0,0.47,436.2,124331.3,0.029
113,f5d7s~3F4F,1.5,o,f5d7s,147094.8,134.0,list,54,0,0,0.47,108.9,41903.79,0.028
33,f5d6d~3H4F,1.5,o,f5d6d,149439.3,134.0,list,46,0,0,0.46,61.9,125130.1,0.019
9,f5d6d~3F4D,1.5,o,f5d6d,149666.7,134.0,list,43,0,0,0.45,35.8,42403.99,0.02
82,f5d6d~3F4F,1.5,o,f5d6d,147748.2,134.0,list,55,0,0,0.45,58.0,46082.64,0.028
91,f26g _3H4D,0.5,e,f26g,147412.8,134.0,list,41,0,0,0.45,286.0,123947.38,0.029
966,f26s _1S2S,0.5,e,f26s,79157.4,96.8,cfg,27,0,0,0.43,327.8,60463.77,0.096
12,f26g _3H2P,0.5,e,f26g,149559.7,134.0,list,35,0,0,0.42,458.2,122638.22,0.034
120,p5f3d_4I6Ia,7.5,e,p5f3d,146640.9,134.0,list,34,0,0,0.42,0.1,82425.48,0.051
88,f5d6d~3F2D,1.5,o,f5d6d,147434.4,134.0,list,51,0,0,0.41,59.9,123682.85,0.028
61,f5d6d~3G4F,1.5,o,f5d6d,148324.6,134.0,list,48,0,0,0.39,161.1,47253.21,0.023
131,f5d6d~3F4P,1.5,o,f5d6d,145671.9,134.0,list,58,0,0,0.38,106.3,124060.72,0.028
38,p5f3d_4I6M,8.5,e,p5f3d,149258.6,134.0,list,28,0,0,0.36,3.9,36362.24,0.071
182,p5f3d_4I6Ka,7.5,e,p5f3d,142908.1,134.0,list,21,0,0,0.31,0.1,25132.87,0.057
2,f5d6d~3D2S,0.5,o,f5d6d,149906.2,134.0,list,22,0,0,0.24,19.9,117617.29,0.018
65,p5f3d_4I6M,8.5,e,p5f3d,148175.3,134.0,list,18,0,0,0.23,1.4,122930.66,0.057
57,f5d6d~1D2P,0.5,o,f5d6d,148633.3,134.0,list,25,0,0,0.22,16.4,124324.1,0.02
84,f5d6d~3F4D,0.5,o,f5d6d,147617.1,134.0,list,26,0,0,0.2,26.5,45839.12,0.021
80,f5d6d~3F2P,0.5,o,f5d6d,147798.3,134.0,list,25,0,0,0.19,29.1,46020.32,0.018
132,f5d6d~3F4P,0.5,o,f5d6d,145495.8,134.0,list,28,0,0,0.17,260.2,124347.37,0.024
136,p5f3d_4I6Ka,8.5,e,p5f3d,145337.2,134.0,list,13,0,0,0.16,0.1,24217.82,0.055
85,p5f3d_4I6F,0.5,e,p5f3d,147562.9,134.0,list,11,0,0,0.11,0.2,124471.2,0.028
76,p5f3d_4I6Ka,9.5,e,p5f3d,147963.8,134.0,list,8,0,0,0.1,0.0,11852.8,0.062
54,p5f3d_4I6M,9.5,e,p5f3d,148810.0,134.0,list,8,0,0,0.09,0.1,35786.29,0.056
