block,degree,lambda_lo_A,lambda_hi_A,coefficient_A,u_coefficient_A,cov_1_0,cov_2_0,cov_3_0,cov_4_0,cov_4_1,cov_4_2,cov_4_3,cov_4_4,cov_6_0,cov_6_1,cov_6_2,cov_6_3,cov_6_4,cov_7_0,cov_8_0,cov_9_0,cov_9_1,cov_9_2,cov_9_3,cov_9_4,cov_9_5,cov_10_0,cov_10_1,cov_11_0,cov_11_1,cov_12_0,cov_12_1,cov_12_2,cov_13_0,cov_14_0,cov_14_1,cov_14_2,cov_15_0,cov_15_1,cov_15_2,cov_15_3,cov_15_4,cov_16_0,cov_17_0,cov_18_0,cov_19_0,cov_20_0,cov_22_0,cov_22_1,cov_22_2,cov_22_3,cov_22_4,cov_23_0,cov_24_0,cov_25_0,cov_25_1,cov_26_0,cov_26_1,cov_27_0,cov_28_0,cov_29_0
1,0,822.725,827.345,-1.790782e-03,1.497440e-03,+2.242328e-06,+3.551126e-07,+2.255169e-07,+2.074651e-07,+1.526387e-08,+1.198516e-09,+6.634276e-10,-5.131532e-09,+2.564163e-07,+3.367675e-08,-2.446645e-10,-1.945590e-09,+2.559879e-09,+3.068538e-07,+3.285637e-07,+3.701968e-07,+3.395300e-08,-3.385904e-10,-1.106727e-09,-5.738262e-11,-8.740090e-10,+4.127058e-07,+5.147706e-09,+4.216479e-07,+2.458919e-09,+4.268417e-07,+1.399921e-09,-8.570740e-11,+4.316186e-07,+4.404899e-07,+4.784981e-09,-5.714674e-10,+4.613766e-07,+1.242920e-08,+2.701357e-09,-1.705469e-09,-9.905453e-10,+4.783916e-07,+4.913546e-07,+5.113638e-07,+5.207375e-07,+5.569866e-07,+7.562373e-07,+1.500036e-07,-4.975742e-09,+3.960992e-09,-9.697628e-10,+9.085966e-07,+9.599233e-07,+1.136986e-06,+1.480500e-07,+1.350670e-06,+7.248538e-08,+1.454705e-06,+1.543515e-06,+1.579894e-06
2,0,828.169,886.233,+7.238313e-04,7.105610e-04,+3.551126e-07,+5.048970e-07,+2.095514e-07,+2.143911e-07,+2.020663e-08,-6.202528e-10,+1.296569e-09,-2.979990e-09,+2.647973e-07,+3.407277e-08,+2.228376e-10,-2.650164e-09,+3.873846e-09,+3.169382e-07,+3.384934e-07,+3.807960e-07,+3.493421e-08,-4.924990e-10,-9.176212e-10,+6.433345e-11,-5.018800e-10,+4.246150e-07,+6.156070e-09,+4.340374e-07,+2.219123e-09,+4.399720e-07,+1.488862e-09,-9.765376e-11,+4.447131e-07,+4.538353e-07,+5.121611e-09,-3.719016e-10,+4.753908e-07,+1.246234e-08,+2.410137e-09,-1.700668e-09,-8.695722e-10,+4.927074e-07,+5.071648e-07,+5.270472e-07,+5.365426e-07,+5.737831e-07,+7.788745e-07,+1.538995e-07,-6.370888e-09,+1.873512e-09,-1.923993e-09,+9.331884e-07,+9.866397e-07,+1.171538e-06,+1.600830e-07,+1.401211e-06,+6.075192e-08,+1.507778e-06,+1.605397e-06,+1.636317e-06
3,0,889.296,965.313,+1.946103e-03,9.150761e-04,+2.255169e-07,+2.095514e-07,+8.373642e-07,+2.369195e-07,+1.912170e-08,-5.123790e-09,-5.752608e-09,+7.255301e-09,+2.914928e-07,+3.425935e-08,+7.331673e-10,-1.551181e-09,+7.806880e-10,+3.453811e-07,+3.688408e-07,+4.151044e-07,+3.690865e-08,-1.577625e-10,-1.080600e-09,+8.094444e-11,+3.555045e-10,+4.601985e-07,+8.865199e-09,+4.719272e-07,+1.826722e-09,+4.780520e-07,+1.932390e-09,+6.764618e-11,+4.836487e-07,+4.939699e-07,+5.806878e-09,-7.215284e-10,+5.176158e-07,+1.433181e-08,+2.961425e-09,-2.048375e-09,-1.377370e-09,+5.369405e-07,+5.523047e-07,+5.744552e-07,+5.867309e-07,+6.228145e-07,+8.546984e-07,+1.722347e-07,-7.665300e-09,+9.434108e-10,-4.265508e-09,+1.021645e-06,+1.087923e-06,+1.307546e-06,+1.877051e-07,+1.583946e-06,+8.094205e-08,+1.693705e-06,+1.800993e-06,+1.862896e-06
4,0,966.531,1163.805,-9.385217e-04,5.348001e-04,+2.074651e-07,+2.143911e-07,+2.369195e-07,+2.860111e-07,+1.735615e-08,+2.120039e-08,-8.899551e-09,+6.805483e-09,+3.347630e-07,+3.950227e-08,-2.433075e-09,-3.183420e-10,+3.226531e-09,+3.946857e-07,+4.194237e-07,+4.722799e-07,+4.272565e-08,-1.588864e-10,-7.356506e-10,+6.375442e-11,-3.740763e-10,+5.251568e-07,+9.214219e-09,+5.379797e-07,+2.598289e-09,+5.455317e-07,+2.251220e-09,+2.038365e-10,+5.517386e-07,+5.636132e-07,+6.539863e-09,-8.624921e-10,+5.909403e-07,+1.565731e-08,+3.514897e-09,-2.293822e-09,-9.118891e-10,+6.132112e-07,+6.316385e-07,+6.565232e-07,+6.687927e-07,+7.124144e-07,+9.795137e-07,+1.999037e-07,-7.255256e-09,+1.782134e-09,-3.350697e-09,+1.173893e-06,+1.247064e-06,+1.501611e-06,+2.201771e-07,+1.823715e-06,+9.829520e-08,+1.965160e-06,+2.111922e-06,+2.173158e-06
4,1,966.531,1163.805,-3.222808e-03,2.921006e-04,+1.526387e-08,+2.020663e-08,+1.912170e-08,+1.735615e-08,+8.532277e-08,-2.323767e-08,+4.440281e-08,-7.394105e-09,+3.131550e-08,+1.664230e-09,-1.697087e-10,-5.691977e-10,+2.748918e-09,+3.427986e-08,+3.622263e-08,+3.972875e-08,+3.428555e-09,+3.614079e-10,+1.935938e-10,-1.100307e-10,-3.097291e-10,+4.347494e-08,+2.070909e-09,+4.572136e-08,+4.216056e-10,+4.689946e-08,+1.367558e-10,-5.554335e-10,+4.768911e-08,+4.884298e-08,+7.575580e-10,+2.125167e-10,+5.199484e-08,+1.845002e-09,+3.647380e-10,-5.220244e-10,-6.226004e-11,+5.449828e-08,+5.664652e-08,+5.948595e-08,+6.025743e-08,+6.425395e-08,+8.928139e-08,+2.022613e-08,+2.441807e-10,-1.976208e-09,-3.423146e-09,+9.894496e-08,+1.114535e-07,+1.438219e-07,+2.607231e-08,+1.797511e-07,+1.152851e-08,+1.998890e-07,+2.290815e-07,+2.354517e-07
4,2,966.531,1163.805,-3.606424e-03,3.550893e-04,+1.198516e-09,-6.202528e-10,-5.123790e-09,+2.120039e-08,-2.323767e-08,+1.260884e-07,-1.920893e-08,+4.851592e-08,-2.130708e-09,+6.628648e-10,+1.726038e-09,-1.815398e-09,+1.721722e-09,-1.172801e-09,-1.357220e-09,-8.997541e-10,+1.865038e-11,-1.549319e-10,+9.405879e-11,-8.921113e-11,+3.298928e-11,-9.293779e-10,-3.241583e-10,-1.242534e-09,-3.595942e-10,-1.565009e-09,-2.352289e-10,-2.720427e-10,-1.383598e-09,-1.181108e-09,-5.773167e-11,-1.005779e-10,-1.197287e-09,-8.581984e-11,+3.137708e-10,-2.968106e-10,+2.261305e-10,-9.829496e-10,-9.012804e-10,-6.659153e-10,-1.495209e-09,-2.068371e-10,+4.525910e-10,+4.476490e-10,-1.222469e-09,+3.021014e-10,+1.847108e-09,+5.222882e-09,-7.276503e-10,+6.251653e-10,-4.379825e-10,+5.658125e-10,+4.147247e-09,-2.726681e-09,+1.478082e-08,+1.938800e-08
4,3,966.531,1163.805,+4.839068e-04,3.754578e-04,+6.634276e-10,+1.296569e-09,-5.752608e-09,-8.899551e-09,+4.440281e-08,-1.920893e-08,+1.409686e-07,-7.584237e-09,-1.064813e-09,+1.704925e-09,-1.269688e-10,-7.373999e-10,+1.077245e-09,+4.427665e-10,+5.467252e-11,+6.489405e-10,+5.789713e-10,-3.038723e-10,-1.508328e-10,-3.372469e-10,+2.518205e-10,+1.010729e-09,-1.132715e-09,+3.352420e-10,-4.612868e-11,+4.798064e-10,+3.591399e-11,+1.956087e-10,+2.832558e-10,+2.375437e-10,+1.781515e-12,+3.080191e-11,+1.608620e-10,-1.592407e-10,-1.419154e-10,+2.289179e-10,+1.877049e-11,+2.308130e-10,+3.675178e-10,+4.300010e-10,-1.342468e-10,+7.065484e-10,+1.829326e-09,+8.855720e-10,-8.699049e-10,-3.973536e-10,+5.320488e-10,+3.843221e-09,+1.629558e-09,+4.789266e-10,+1.874823e-09,+4.320261e-09,+5.719529e-09,+7.945916e-09,+2.792167e-08,+9.877490e-09
4,4,966.531,1163.805,+2.163933e-03,4.133403e-04,-5.131532e-09,-2.979990e-09,+7.255301e-09,+6.805483e-09,-7.394105e-09,+4.851592e-08,-7.584237e-09,+1.708502e-07,-1.978569e-10,-5.226513e-10,+4.731252e-10,-3.730160e-10,+1.653564e-10,+3.900169e-11,-3.032670e-10,-1.732794e-10,+3.838864e-10,-1.464143e-10,-3.035673e-11,-2.314884e-11,+9.728809e-11,-1.057203e-10,+3.113296e-10,-3.310034e-10,+3.943429e-11,+1.045527e-10,-2.220253e-11,-1.209520e-11,+7.283856e-11,+4.891833e-11,+2.313914e-10,-1.228213e-10,-3.343153e-11,-2.101296e-10,-1.731304e-11,+6.235746e-12,+4.032238e-10,-2.585699e-11,-1.339250e-10,-1.676159e-10,-3.078672e-11,+4.767333e-11,-7.242279e-10,-1.023335e-09,-3.100414e-10,+6.736764e-10,+1.620032e-09,-2.134903e-09,-1.675633e-09,-3.656171e-09,-6.598017e-10,-2.099887e-09,-1.602459e-09,-9.887391e-09,-5.703849e-09,-6.511105e-09
6,0,1175.410,1522.489,-1.361644e-03,6.764709e-04,+2.564163e-07,+2.647973e-07,+2.914928e-07,+3.347630e-07,+3.131550e-08,-2.130708e-09,-1.064813e-09,-1.978569e-10,+4.576128e-07,+5.211176e-08,-1.469074e-08,+1.180973e-08,+7.194648e-09,+5.157516e-07,+5.372267e-07,+6.013227e-07,+4.885188e-08,+1.666965e-09,-1.879608e-09,+1.812709e-09,-1.829082e-09,+6.635010e-07,+1.218378e-08,+6.806405e-07,+3.721977e-09,+6.899427e-07,+2.677820e-09,-7.592864e-13,+6.981178e-07,+7.127638e-07,+7.806161e-09,-6.849051e-10,+7.473847e-07,+1.977578e-08,+4.212956e-09,-2.157281e-09,-1.679253e-09,+7.758918e-07,+7.990008e-07,+8.308466e-07,+8.469435e-07,+9.016790e-07,+1.244031e-06,+2.562292e-07,-9.322728e-09,+2.417400e-09,-3.737001e-09,+1.492248e-06,+1.588976e-06,+1.926880e-06,+2.804791e-07,+2.333633e-06,+1.290465e-07,+2.520670e-06,+2.710353e-06,+2.781489e-06
6,1,1175.410,1522.489,-1.074268e-03,3.127978e-04,+3.367675e-08,+3.407277e-08,+3.425935e-08,+3.950227e-08,+1.664230e-09,+6.628648e-10,+1.704925e-09,-5.226513e-10,+5.211176e-08,+9.784244e-08,-1.005980e-10,-1.741297e-08,+2.894410e-08,+8.866689e-08,+8.614819e-08,+9.068498e-08,+9.127754e-10,+1.625332e-09,-6.326669e-10,+1.297055e-09,-1.086584e-09,+9.499102e-08,+1.837209e-09,+9.731026e-08,+8.311502e-10,+9.846406e-08,-1.266925e-10,+6.925898e-11,+9.941096e-08,+1.006646e-07,+4.365921e-10,+2.656446e-10,+1.047214e-07,+2.089842e-09,-2.824513e-10,+1.109642e-10,-7.745101e-10,+1.070339e-07,+1.104170e-07,+1.145166e-07,+1.168642e-07,+1.210824e-07,+1.626292e-07,+3.145569e-08,-1.021101e-09,+1.148860e-09,+2.052036e-09,+2.021810e-07,+2.096959e-07,+2.482040e-07,+1.521698e-08,+2.744625e-07,+1.391036e-08,+2.928631e-07,+2.838115e-07,+2.585280e-07
6,2,1175.410,1522.489,-5.217800e-04,3.608249e-04,-2.446645e-10,+2.228376e-10,+7.331673e-10,-2.433075e-09,-1.697087e-10,+1.726038e-09,-1.269688e-10,+4.731252e-10,-1.469074e-08,-1.005980e-10,+1.301946e-07,-6.063835e-09,-2.020000e-08,-8.470437e-09,-3.593657e-10,-1.084208e-09,-7.874990e-10,-6.453713e-10,+1.877279e-09,-1.633624e-09,+1.297372e-09,-1.740538e-09,+3.839817e-10,-1.585177e-09,+1.288344e-10,-1.318285e-09,-2.300367e-10,-1.803167e-10,-1.008186e-09,-1.154304e-09,-8.217308e-11,+2.264988e-10,-1.188106e-09,+4.111479e-10,-2.031068e-10,+3.234243e-10,-2.449221e-10,-5.056454e-10,-9.102484e-10,-8.743495e-10,-7.589245e-10,-1.642173e-09,-6.892033e-09,-3.150908e-09,+1.248074e-09,-1.103252e-09,-1.562339e-09,-9.121827e-09,-1.094440e-08,-1.447508e-08,-5.876049e-09,-2.055711e-08,+3.030519e-09,-2.537968e-08,-4.112543e-08,-4.184574e-08
6,3,1175.410,1522.489,+3.634584e-03,4.213234e-04,-1.945590e-09,-2.650164e-09,-1.551181e-09,-3.183420e-10,-5.691977e-10,-1.815398e-09,-7.373999e-10,-3.730160e-10,+1.180973e-08,-1.741297e-08,-6.063835e-09,+1.775134e-07,-7.850773e-10,-1.079969e-08,-7.484022e-09,-4.319643e-09,+1.837129e-09,-1.184089e-09,+1.570109e-09,-1.876604e-09,+2.439155e-09,-4.287255e-09,-6.726750e-11,-3.992684e-09,-4.040801e-10,-4.103910e-09,+4.222007e-10,-7.472624e-10,-3.771961e-09,-3.470492e-09,+1.225827e-10,-7.510498e-11,-3.239856e-09,+1.007054e-10,+7.413320e-11,+3.211908e-10,-4.281035e-10,-2.227962e-09,-2.613274e-09,-2.785889e-09,-2.776548e-09,-1.331225e-09,-5.818803e-10,-2.035912e-09,-1.400446e-09,+1.123129e-09,-7.694868e-11,-6.534016e-09,-4.137302e-09,-1.753082e-09,+1.004104e-08,+1.028353e-08,-1.368517e-09,+8.520706e-09,+2.445647e-08,+3.716008e-08
6,4,1175.410,1522.489,-4.705263e-03,4.919319e-04,+2.559879e-09,+3.873846e-09,+7.806880e-10,+3.226531e-09,+2.748918e-09,+1.721722e-09,+1.077245e-09,+1.653564e-10,+7.194648e-09,+2.894410e-08,-2.020000e-08,-7.850773e-10,+2.419970e-07,+8.480523e-09,+2.532546e-09,+3.141259e-09,+9.366703e-11,-1.285379e-10,+2.685307e-10,-1.203172e-09,+1.734633e-09,+3.758169e-09,-2.610765e-10,+3.623421e-09,-3.809514e-10,+3.660544e-09,+4.443796e-10,-7.571930e-10,+3.663826e-09,+3.559363e-09,-4.768338e-11,+8.800066e-11,+4.014793e-09,-4.395258e-10,+4.976034e-11,-2.558096e-10,-4.135915e-10,+3.039650e-09,+3.649984e-09,+3.907924e-09,+3.431922e-09,+3.363867e-09,+3.473899e-09,-1.357673e-09,-1.308370e-09,+1.508599e-09,+4.775138e-10,+5.745439e-10,+1.409264e-10,-8.818781e-09,-2.019445e-09,-1.811993e-08,-7.908372e-09,-1.920312e-08,-2.041741e-08,-3.118314e-08
7,0,1529.851,1660.981,+1.778833e-03,1.271583e-03,+3.068538e-07,+3.169382e-07,+3.453811e-07,+3.946857e-07,+3.427986e-08,-1.172801e-09,+4.427665e-10,+3.900169e-11,+5.157516e-07,+8.866689e-08,-8.470437e-09,-1.079969e-08,+8.480523e-09,+1.616923e-06,+6.589179e-07,+7.368479e-07,+6.340371e-08,+1.583872e-09,-5.988426e-09,-3.053937e-09,-3.548037e-09,+8.055764e-07,+1.483348e-08,+8.260767e-07,+5.146834e-09,+8.368173e-07,+1.392652e-09,+1.507616e-09,+8.475636e-07,+8.632441e-07,+8.466309e-09,+1.973935e-09,+9.033253e-07,+2.342586e-08,+3.006710e-09,-8.919217e-10,-2.837184e-09,+9.352345e-07,+9.615413e-07,+1.000599e-06,+1.019840e-06,+1.086207e-06,+1.472601e-06,+2.880687e-07,-1.271042e-08,-8.653297e-10,-2.995277e-09,+1.772006e-06,+1.860090e-06,+2.224507e-06,+3.054720e-07,+2.664272e-06,+1.401909e-07,+2.847068e-06,+3.011528e-06,+3.074684e-06
8,0,1665.129,1749.160,+3.747931e-03,9.899278e-04,+3.285637e-07,+3.384934e-07,+3.688408e-07,+4.194237e-07,+3.622263e-08,-1.357220e-09,+5.467252e-11,-3.032670e-10,+5.372267e-07,+8.614819e-08,-3.593657e-10,-7.484022e-09,+2.532546e-09,+6.589179e-07,+9.799570e-07,+7.869122e-07,+6.099797e-08,+2.080280e-09,-2.037639e-09,+5.685941e-09,-6.908179e-09,+8.641591e-07,+1.844387e-08,+8.856446e-07,+4.678346e-09,+9.004214e-07,+1.432926e-09,+1.836115e-09,+9.114701e-07,+9.278628e-07,+9.469837e-09,+2.191716e-09,+9.698191e-07,+2.568652e-08,+3.714412e-09,-4.431956e-09,-2.455688e-09,+1.002958e-06,+1.031138e-06,+1.070703e-06,+1.094415e-06,+1.161263e-06,+1.561252e-06,+2.945296e-07,-1.614529e-08,-1.096973e-09,-4.639120e-09,+1.854680e-06,+1.959034e-06,+2.324204e-06,+3.041994e-07,+2.743929e-06,+1.211156e-07,+2.918936e-06,+3.053736e-06,+3.089665e-06
9,0,1750.486,2102.907,+3.232588e-03,9.592996e-04,+3.701968e-07,+3.807960e-07,+4.151044e-07,+4.722799e-07,+3.972875e-08,-8.997541e-10,+6.489405e-10,-1.732794e-10,+6.013227e-07,+9.068498e-08,-1.084208e-09,-4.319643e-09,+3.141259e-09,+7.368479e-07,+7.869122e-07,+9.202558e-07,+6.257648e-08,+8.760613e-09,-2.348182e-09,-5.376411e-09,+2.614919e-09,+9.749627e-07,+1.728662e-08,+9.964450e-07,+4.475117e-09,+1.011083e-06,+3.422085e-09,+2.875017e-11,+1.021639e-06,+1.041946e-06,+1.037647e-08,-1.101462e-09,+1.089169e-06,+2.912378e-08,+3.917577e-09,-3.134168e-09,-2.151430e-09,+1.126870e-06,+1.157315e-06,+1.204814e-06,+1.232288e-06,+1.307011e-06,+1.771190e-06,+3.429342e-07,-1.720840e-08,+4.634442e-09,-3.316344e-09,+2.117663e-06,+2.229089e-06,+2.646522e-06,+3.486253e-07,+3.135148e-06,+1.412211e-07,+3.346294e-06,+3.523285e-06,+3.575669e-06
9,1,1750.486,2102.907,-1.424459e-03,3.652186e-04,+3.395300e-08,+3.493421e-08,+3.690865e-08,+4.272565e-08,+3.428555e-09,+1.865038e-11,+5.789713e-10,+3.838864e-10,+4.885188e-08,+9.127754e-10,-7.874990e-10,+1.837129e-09,+9.366703e-11,+6.340371e-08,+6.099797e-08,+6.257648e-08,+1.333846e-07,-4.091438e-08,+1.343397e-08,-1.071865e-08,+6.098141e-09,+9.094310e-08,+5.831011e-10,+9.183667e-08,+1.002552e-09,+9.331719e-08,+8.790639e-10,+7.623674e-10,+9.425785e-08,+9.654708e-08,+9.951634e-10,-1.498351e-09,+1.004591e-07,+3.215953e-09,+7.686261e-11,+1.007483e-09,-4.483424e-10,+1.036524e-07,+1.055108e-07,+1.104509e-07,+1.108072e-07,+1.208015e-07,+1.651334e-07,+3.167809e-08,-3.233545e-09,-3.249502e-10,+5.074485e-10,+1.965959e-07,+2.029293e-07,+2.396306e-07,+3.121852e-08,+2.850002e-07,+9.704717e-09,+3.022647e-07,+3.233048e-07,+3.214733e-07
9,2,1750.486,2102.907,+2.249290e-03,4.230781e-04,-3.385904e-10,-4.924990e-10,-1.577625e-10,-1.588864e-10,+3.614079e-10,-1.549319e-10,-3.038723e-10,-1.464143e-10,+1.666965e-09,+1.625332e-09,-6.453713e-10,-1.184089e-09,-1.285379e-10,+1.583872e-09,+2.080280e-09,+8.760613e-09,-4.091438e-08,+1.789950e-07,-4.684323e-08,+2.890519e-08,-2.772234e-08,-1.425672e-09,+9.035266e-10,-8.479931e-10,-6.815763e-10,-1.483026e-09,+8.601409e-10,-6.381505e-10,-1.206950e-09,-1.229386e-09,-6.218914e-11,+8.325915e-10,-1.086268e-09,+4.232928e-10,-1.830174e-10,+8.131269e-10,+4.747312e-10,-3.902011e-10,-6.763259e-10,-8.874429e-10,-4.058270e-09,+4.642142e-10,-9.525272e-10,-1.178509e-09,-1.393640e-09,-2.279783e-10,-2.821964e-10,-6.191250e-09,-2.683542e-09,+6.124141e-09,+3.402911e-09,+6.389302e-09,+1.946615e-10,+5.326152e-09,-1.913686e-09,+1.558387e-08
9,3,1750.486,2102.907,+3.020432e-03,5.121025e-04,-1.106727e-09,-9.176212e-10,-1.080600e-09,-7.356506e-10,+1.935938e-10,+9.405879e-11,-1.508328e-10,-3.035673e-11,-1.879608e-09,-6.326669e-10,+1.877279e-09,+1.570109e-09,+2.685307e-10,-5.988426e-09,-2.037639e-09,-2.348182e-09,+1.343397e-08,-4.684323e-08,+2.622490e-07,-8.474919e-08,+4.554538e-08,-4.014758e-09,+3.739748e-09,-2.329085e-09,+9.119336e-10,-2.049408e-09,-4.151594e-10,-4.590766e-10,-3.456102e-09,-2.780308e-09,-7.980541e-10,-7.361240e-10,-2.427889e-09,+6.688995e-10,+5.822690e-10,+7.531395e-11,+3.460250e-10,-1.574307e-09,-9.419085e-10,-1.172690e-09,+4.100203e-09,-2.368805e-09,-1.229579e-09,+3.255822e-10,-1.152848e-09,-2.378276e-09,-1.022996e-09,-7.814455e-09,+1.487836e-10,+1.191148e-08,+1.016148e-09,+1.733599e-08,+5.400031e-09,+2.236734e-08,+1.278517e-08,+1.913276e-08
9,4,1750.486,2102.907,-6.636303e-03,5.837220e-04,-5.738262e-11,+6.433345e-11,+8.094444e-11,+6.375442e-11,-1.100307e-10,-8.921113e-11,-3.372469e-10,-2.314884e-11,+1.812709e-09,+1.297055e-09,-1.633624e-09,-1.876604e-09,-1.203172e-09,-3.053937e-09,+5.685941e-09,-5.376411e-09,-1.071865e-08,+2.890519e-08,-8.474919e-08,+3.407313e-07,-8.616915e-08,+8.638031e-10,+4.580183e-10,+1.470450e-09,-8.250811e-10,+8.357416e-10,+9.234445e-10,+1.149577e-09,+2.229464e-09,+2.106472e-09,-5.347525e-10,+8.089380e-10,+1.203758e-09,-4.566474e-10,-9.702708e-10,+9.530960e-11,+1.257859e-10,+1.976280e-10,+6.262681e-10,+2.000588e-09,+3.144718e-09,+1.475240e-09,-3.139866e-09,-3.871603e-09,-4.760838e-10,+2.401185e-10,+9.057302e-10,-6.242729e-10,-1.142545e-08,-1.737189e-08,-6.906868e-09,-2.035914e-08,-6.448058e-10,-3.224785e-08,-4.481194e-08,-4.615295e-08
9,5,1750.486,2102.907,+2.079918e-03,6.054722e-04,-8.740090e-10,-5.018800e-10,+3.555045e-10,-3.740763e-10,-3.097291e-10,+3.298928e-11,+2.518205e-10,+9.728809e-11,-1.829082e-09,-1.086584e-09,+1.297372e-09,+2.439155e-09,+1.734633e-09,-3.548037e-09,-6.908179e-09,+2.614919e-09,+6.098141e-09,-2.772234e-08,+4.554538e-08,-8.616915e-08,+3.665965e-07,-1.513244e-09,+2.294436e-09,-1.342825e-09,-7.785006e-10,-9.929870e-10,+6.499335e-10,+4.715822e-10,-7.418727e-11,-5.256826e-10,-8.573185e-10,-1.480579e-09,-1.037833e-09,-3.840659e-10,-1.850303e-10,+3.619624e-10,+9.808268e-10,-4.197216e-10,-6.702660e-10,-3.437067e-09,-6.931459e-09,-2.024602e-09,+8.570962e-10,+1.037536e-09,+1.784074e-09,-2.924245e-09,-8.777159e-10,+5.134521e-09,+5.151705e-09,+4.822077e-09,+7.574505e-09,+1.449159e-08,+4.529000e-09,+1.657844e-08,+2.558275e-08,+1.768971e-08
10,0,2103.455,2190.588,-9.467848e-04,1.094674e-03,+4.127058e-07,+4.246150e-07,+4.601985e-07,+5.251568e-07,+4.347494e-08,-9.293779e-10,+1.010729e-09,-1.057203e-10,+6.635010e-07,+9.499102e-08,-1.740538e-09,-4.287255e-09,+3.758169e-09,+8.055764e-07,+8.641591e-07,+9.749627e-07,+9.094310e-08,-1.425672e-09,-4.014758e-09,+8.638031e-10,-1.513244e-09,+1.198312e-06,-4.099088e-08,+1.112290e-06,+6.472554e-09,+1.128056e-06,+6.235296e-09,+2.279166e-09,+1.139320e-06,+1.161585e-06,+1.253190e-08,-9.770344e-10,+1.213734e-06,+3.311139e-08,+3.446516e-09,-3.058427e-09,-1.654388e-09,+1.254589e-06,+1.286261e-06,+1.339710e-06,+1.367108e-06,+1.454094e-06,+1.968072e-06,+3.759686e-07,-2.551888e-08,+9.557391e-10,-3.493332e-09,+2.367395e-06,+2.464737e-06,+2.915400e-06,+3.741094e-07,+3.446844e-06,+1.345474e-07,+3.676058e-06,+3.851390e-06,+3.925476e-06
10,1,2103.455,2190.588,-5.750438e-03,5.904062e-04,+5.147706e-09,+6.156070e-09,+8.865199e-09,+9.214219e-09,+2.070909e-09,-3.241583e-10,-1.132715e-09,+3.113296e-10,+1.218378e-08,+1.837209e-09,+3.839817e-10,-6.726750e-11,-2.610765e-10,+1.483348e-08,+1.844387e-08,+1.728662e-08,+5.831011e-10,+9.035266e-10,+3.739748e-09,+4.580183e-10,+2.294436e-09,-4.099088e-08,+3.485795e-07,+2.181697e-08,-4.189952e-09,+2.169172e-08,-2.712169e-09,-2.575406e-09,+2.189692e-08,+2.273047e-08,-2.142341e-10,+1.002147e-09,+2.415887e-08,+7.572338e-10,+1.808257e-09,-2.193169e-09,+6.849445e-10,+2.458958e-08,+2.677550e-08,+2.782018e-08,+3.147457e-08,+2.809068e-08,+3.580635e-08,+3.154551e-09,-3.762587e-10,-5.594799e-09,-7.104137e-09,-9.206431e-09,+4.253342e-08,+7.313399e-08,+2.289454e-08,+8.315394e-08,+1.007346e-08,+5.773191e-08,+5.097808e-08,+3.666735e-08
11,0,2191.001,2224.345,-3.255766e-04,1.116723e-03,+4.216479e-07,+4.340374e-07,+4.719272e-07,+5.379797e-07,+4.572136e-08,-1.242534e-09,+3.352420e-10,-3.310034e-10,+6.806405e-07,+9.731026e-08,-1.585177e-09,-3.992684e-09,+3.623421e-09,+8.260767e-07,+8.856446e-07,+9.964450e-07,+9.183667e-08,-8.479931e-10,-2.329085e-09,+1.470450e-09,-1.342825e-09,+1.112290e-06,+2.181697e-08,+1.247070e-06,-4.405393e-09,+1.153264e-06,+5.408399e-09,+6.920756e-11,+1.166926e-06,+1.190278e-06,+1.089467e-08,-1.349497e-09,+1.244300e-06,+3.358230e-08,+2.407447e-09,-2.283081e-09,-2.033078e-09,+1.286477e-06,+1.319870e-06,+1.374959e-06,+1.404585e-06,+1.492530e-06,+2.021417e-06,+3.872520e-07,-2.509182e-08,-4.405777e-09,-6.426081e-09,+2.405512e-06,+2.538460e-06,+3.017330e-06,+3.956360e-07,+3.566461e-06,+1.444606e-07,+3.796411e-06,+3.964970e-06,+4.057729e-06
11,1,2191.001,2224.345,+2.861174e-03,5.332309e-04,+2.458919e-09,+2.219123e-09,+1.826722e-09,+2.598289e-09,+4.216056e-10,-3.595942e-10,-4.612868e-11,+3.943429e-11,+3.721977e-09,+8.311502e-10,+1.288344e-10,-4.040801e-10,-3.809514e-10,+5.146834e-09,+4.678346e-09,+4.475117e-09,+1.002552e-09,-6.815763e-10,+9.119336e-10,-8.250811e-10,-7.785006e-10,+6.472554e-09,-4.189952e-09,-4.405393e-09,+2.843352e-07,+7.669649e-09,-1.580908e-09,+1.454119e-09,+8.057741e-09,+6.569243e-09,+6.958474e-10,+2.150193e-09,+7.282178e-09,+1.791256e-09,-2.393916e-09,+1.391769e-09,-5.563951e-10,+7.556775e-09,+7.399223e-09,+6.055962e-09,+1.056546e-08,+6.758258e-09,+1.046376e-08,+1.513153e-09,-3.323687e-09,-6.344601e-10,+1.077770e-09,+1.540992e-08,+1.611803e-08,+2.369118e-08,-7.227129e-09,+1.468231e-08,+8.070312e-09,+3.983817e-08,+3.591973e-08,+3.043917e-08
12,0,2225.570,2249.844,+9.535571e-04,1.126631e-03,+4.268417e-07,+4.399720e-07,+4.780520e-07,+5.455317e-07,+4.689946e-08,-1.565009e-09,+4.798064e-10,+1.045527e-10,+6.899427e-07,+9.846406e-08,-1.318285e-09,-4.103910e-09,+3.660544e-09,+8.368173e-07,+9.004214e-07,+1.011083e-06,+9.331719e-08,-1.483026e-09,-2.049408e-09,+8.357416e-10,-9.929870e-10,+1.128056e-06,+2.169172e-08,+1.153264e-06,+7.669649e-09,+1.269298e-06,-6.025104e-09,-3.417530e-08,+1.184591e-06,+1.207480e-06,+1.220471e-08,-1.356306e-09,+1.262615e-06,+3.460011e-08,+2.184866e-09,-4.464152e-09,-2.620817e-09,+1.305172e-06,+1.339947e-06,+1.396138e-06,+1.429029e-06,+1.516142e-06,+2.047250e-06,+3.874476e-07,-2.549055e-08,+7.911827e-10,+4.422481e-10,+2.438597e-06,+2.559711e-06,+3.039505e-06,+4.073785e-07,+3.592565e-06,+1.447140e-07,+3.831652e-06,+4.042298e-06,+4.096669e-06
12,1,2225.570,2249.844,+1.971283e-03,4.914186e-04,+1.399921e-09,+1.488862e-09,+1.932390e-09,+2.251220e-09,+1.367558e-10,-2.352289e-10,+3.591399e-11,-2.220253e-11,+2.677820e-09,-1.266925e-10,-2.300367e-10,+4.222007e-10,+4.443796e-10,+1.392652e-09,+1.432926e-09,+3.422085e-09,+8.790639e-10,+8.601409e-10,-4.151594e-10,+9.234445e-10,+6.499335e-10,+6.235296e-09,-2.712169e-09,+5.408399e-09,-1.580908e-09,-6.025104e-09,+2.414922e-07,+2.814566e-08,+4.337847e-09,+5.742880e-09,+3.120451e-09,-9.874062e-10,+5.336750e-09,-4.114034e-10,+7.565033e-10,+1.404686e-10,+8.683879e-10,+7.478666e-09,+4.923091e-09,+4.455806e-09,-1.611870e-09,+4.545903e-09,+7.045004e-09,+2.593436e-09,-2.595529e-09,-1.587910e-09,-1.319781e-11,+1.008628e-09,+9.560336e-09,+9.800040e-09,+4.040805e-09,+3.295778e-08,+5.160452e-09,+2.044168e-08,+2.251794e-08,+6.465170e-09
12,2,2225.570,2249.844,-2.236306e-03,6.241253e-04,-8.570740e-11,-9.765376e-11,+6.764618e-11,+2.038365e-10,-5.554335e-10,-2.720427e-10,+1.956087e-10,-1.209520e-11,-7.592864e-13,+6.925898e-11,-1.803167e-10,-7.472624e-10,-7.571930e-10,+1.507616e-09,+1.836115e-09,+2.875017e-11,+7.623674e-10,-6.381505e-10,-4.590766e-10,+1.149577e-09,+4.715822e-10,+2.279166e-09,-2.575406e-09,+6.920756e-11,+1.454119e-09,-3.417530e-08,+2.814566e-08,+3.895323e-07,+1.997966e-09,+8.477509e-10,+1.508485e-09,+1.210862e-09,-8.237228e-10,+1.033895e-09,-6.053162e-10,-8.852940e-10,-9.084416e-10,-1.496761e-09,-2.245861e-09,-2.982745e-09,-1.103535e-08,-2.611487e-09,+8.889983e-11,+3.378254e-09,-1.359738e-09,+3.418870e-09,+3.419062e-09,+6.597314e-09,+1.259602e-08,+1.236575e-09,+1.932098e-08,+1.517999e-08,-6.199520e-10,+5.452597e-09,+2.810825e-08,-4.293618e-09
13,0,2250.369,2282.004,+1.064517e-03,1.130951e-03,+4.316186e-07,+4.447131e-07,+4.836487e-07,+5.517386e-07,+4.768911e-08,-1.383598e-09,+2.832558e-10,+7.283856e-11,+6.981178e-07,+9.941096e-08,-1.008186e-09,-3.771961e-09,+3.663826e-09,+8.475636e-07,+9.114701e-07,+1.021639e-06,+9.425785e-08,-1.206950e-09,-3.456102e-09,+2.229464e-09,-7.418727e-11,+1.139320e-06,+2.189692e-08,+1.166926e-06,+8.057741e-09,+1.184591e-06,+4.337847e-09,+1.997966e-09,+1.279051e-06,+1.222529e-06,+1.345504e-08,+1.666256e-09,+1.278129e-06,+3.471563e-08,+3.123753e-09,-3.766592e-09,-1.957714e-09,+1.321391e-06,+1.355694e-06,+1.411015e-06,+1.442078e-06,+1.533823e-06,+2.071934e-06,+3.909781e-07,-2.610498e-08,-2.264844e-09,-6.913620e-09,+2.451247e-06,+2.592994e-06,+3.080989e-06,+4.077532e-07,+3.651578e-06,+1.497754e-07,+3.887885e-06,+4.086840e-06,+4.147748e-06
14,0,2284.783,2342.397,+5.843799e-04,1.134406e-03,+4.404899e-07,+4.538353e-07,+4.939699e-07,+5.636132e-07,+4.884298e-08,-1.181108e-09,+2.375437e-10,+4.891833e-11,+7.127638e-07,+1.006646e-07,-1.154304e-09,-3.470492e-09,+3.559363e-09,+8.632441e-07,+9.278628e-07,+1.041946e-06,+9.654708e-08,-1.229386e-09,-2.780308e-09,+2.106472e-09,-5.256826e-10,+1.161585e-06,+2.273047e-08,+1.190278e-06,+6.569243e-09,+1.207480e-06,+5.742880e-09,+8.477509e-10,+1.222529e-06,+1.286877e-06,+2.001094e-08,+6.174731e-09,+1.304023e-06,+3.561326e-08,+3.748638e-09,-3.220167e-09,-1.182884e-09,+1.350904e-06,+1.385723e-06,+1.440306e-06,+1.471535e-06,+1.564642e-06,+2.115795e-06,+3.986082e-07,-2.802523e-08,-4.877709e-09,-7.119838e-09,+2.506070e-06,+2.645857e-06,+3.154596e-06,+4.202787e-07,+3.735336e-06,+1.550493e-07,+3.972230e-06,+4.193050e-06,+4.239444e-06
14,1,2284.783,2342.397,+2.402832e-03,3.606051e-04,+4.784981e-09,+5.121611e-09,+5.806878e-09,+6.539863e-09,+7.575580e-10,-5.773167e-11,+1.781515e-12,+2.313914e-10,+7.806161e-09,+4.365921e-10,-8.217308e-11,+1.225827e-10,-4.768338e-11,+8.466309e-09,+9.469837e-09,+1.037647e-08,+9.951634e-10,-6.218914e-11,-7.980541e-10,-5.347525e-10,-8.573185e-10,+1.253190e-08,-2.142341e-10,+1.089467e-08,+6.958474e-10,+1.220471e-08,+3.120451e-09,+1.508485e-09,+1.345504e-08,+2.001094e-08,+1.300361e-07,+6.548878e-09,+1.383748e-08,-7.507900e-10,+1.295965e-09,-2.739583e-09,-3.527739e-10,+1.619345e-08,+1.579180e-08,+1.461249e-08,+1.377953e-08,+1.640624e-08,+1.860361e-08,-7.517486e-10,-4.713107e-09,-1.424531e-09,-3.323107e-09,+2.512708e-08,+1.168671e-08,+2.329323e-08,+8.473427e-09,+3.909328e-08,-4.233167e-11,+2.840572e-08,+4.291121e-08,+1.484766e-08
14,2,2284.783,2342.397,-2.196197e-03,4.550015e-04,-5.714674e-10,-3.719016e-10,-7.215284e-10,-8.624921e-10,+2.125167e-10,-1.005779e-10,+3.080191e-11,-1.228213e-10,-6.849051e-10,+2.656446e-10,+2.264988e-10,-7.510498e-11,+8.800066e-11,+1.973935e-09,+2.191716e-09,-1.101462e-09,-1.498351e-09,+8.325915e-10,-7.361240e-10,+8.089380e-10,-1.480579e-09,-9.770344e-10,+1.002147e-09,-1.349497e-09,+2.150193e-09,-1.356306e-09,-9.874062e-10,+1.210862e-09,+1.666256e-09,+6.174731e-09,+6.548878e-09,+2.070264e-07,-8.925731e-10,+1.881904e-10,-7.421553e-10,+3.036679e-09,-3.096476e-09,-3.423307e-09,-2.121406e-10,-9.906921e-10,-2.687457e-09,+2.235818e-09,-1.642093e-09,-2.553666e-09,+3.451976e-09,-1.186238e-09,-2.621313e-09,-1.575633e-09,+7.091662e-09,-2.765698e-09,-1.942083e-09,-6.881111e-09,-1.082574e-08,+2.895451e-09,-2.040219e-08,+1.229507e-08
15,0,2343.890,2497.896,+8.302752e-04,1.178493e-03,+4.613766e-07,+4.753908e-07,+5.176158e-07,+5.909403e-07,+5.199484e-08,-1.197287e-09,+1.608620e-10,-3.343153e-11,+7.473847e-07,+1.047214e-07,-1.188106e-09,-3.239856e-09,+4.014793e-09,+9.033253e-07,+9.698191e-07,+1.089169e-06,+1.004591e-07,-1.086268e-09,-2.427889e-09,+1.203758e-09,-1.037833e-09,+1.213734e-06,+2.415887e-08,+1.244300e-06,+7.282178e-09,+1.262615e-06,+5.336750e-09,-8.237228e-10,+1.278129e-06,+1.304023e-06,+1.383748e-08,-8.925731e-10,+1.388847e-06,+3.633148e-08,+3.734858e-09,-1.015531e-08,+3.523741e-10,+1.413989e-06,+1.452800e-06,+1.511228e-06,+1.541319e-06,+1.638943e-06,+2.218815e-06,+4.210712e-07,-3.149275e-08,-1.907320e-09,-4.895225e-09,+2.621436e-06,+2.775764e-06,+3.312383e-06,+4.452900e-07,+3.928215e-06,+1.624588e-07,+4.186656e-06,+4.415085e-06,+4.483633e-06
15,1,2343.890,2497.896,-1.249066e-03,2.714295e-04,+1.242920e-08,+1.246234e-08,+1.433181e-08,+1.565731e-08,+1.845002e-09,-8.581984e-11,-1.592407e-10,-2.101296e-10,+1.977578e-08,+2.089842e-09,+4.111479e-10,+1.007054e-10,-4.395258e-10,+2.342586e-08,+2.568652e-08,+2.912378e-08,+3.215953e-09,+4.232928e-10,+6.688995e-10,-4.566474e-10,-3.840659e-10,+3.311139e-08,+7.572338e-10,+3.358230e-08,+1.791256e-09,+3.460011e-08,-4.114034e-10,+1.033895e-09,+3.471563e-08,+3.561326e-08,-7.507900e-10,+1.881904e-10,+3.633148e-08,+7.367397e-08,-1.127081e-08,+3.634390e-09,-2.180339e-08,+4.072006e-08,+3.827425e-08,+4.315183e-08,+4.785482e-08,+4.740776e-08,+6.508053e-08,+1.215559e-08,-2.127101e-09,-1.278928e-09,+1.814944e-09,+7.436926e-08,+8.086084e-08,+1.049924e-07,+1.695899e-08,+1.376637e-07,+2.369138e-08,+1.115423e-07,+1.378592e-07,+1.677032e-07
15,2,2343.890,2497.896,+1.789347e-03,3.547573e-04,+2.701357e-09,+2.410137e-09,+2.961425e-09,+3.514897e-09,+3.647380e-10,+3.137708e-10,-1.419154e-10,-1.731304e-11,+4.212956e-09,-2.824513e-10,-2.031068e-10,+7.413320e-11,+4.976034e-11,+3.006710e-09,+3.714412e-09,+3.917577e-09,+7.686261e-11,-1.830174e-10,+5.822690e-10,-9.702708e-10,-1.850303e-10,+3.446516e-09,+1.808257e-09,+2.407447e-09,-2.393916e-09,+2.184866e-09,+7.565033e-10,-6.053162e-10,+3.123753e-09,+3.748638e-09,+1.295965e-09,-7.421553e-10,+3.734858e-09,-1.127081e-08,+1.258528e-07,-2.559517e-08,+4.583480e-09,+6.947676e-09,+6.410797e-09,+5.257015e-09,+2.580225e-09,+3.420359e-09,+4.446603e-09,+1.102804e-09,-2.279897e-09,-1.720126e-10,-4.391565e-09,-3.013065e-10,+1.825173e-09,+4.365324e-09,+9.359191e-10,+9.247342e-09,-1.280051e-08,+1.911962e-08,-3.303597e-09,-1.438165e-09
15,3,2343.890,2497.896,+2.060053e-03,4.227158e-04,-1.705469e-09,-1.700668e-09,-2.048375e-09,-2.293822e-09,-5.220244e-10,-2.968106e-10,+2.289179e-10,+6.235746e-12,-2.157281e-09,+1.109642e-10,+3.234243e-10,+3.211908e-10,-2.558096e-10,-8.919217e-10,-4.431956e-09,-3.134168e-09,+1.007483e-09,+8.131269e-10,+7.531395e-11,+9.530960e-11,+3.619624e-10,-3.058427e-09,-2.193169e-09,-2.283081e-09,+1.391769e-09,-4.464152e-09,+1.404686e-10,-8.852940e-10,-3.766592e-09,-3.220167e-09,-2.739583e-09,+3.036679e-09,-1.015531e-08,+3.634390e-09,-2.559517e-08,+1.786887e-07,-1.558700e-08,-1.801934e-09,-1.581542e-09,-3.919387e-09,-4.710974e-09,-3.216198e-09,-2.551099e-09,+1.610042e-09,+2.915199e-09,+2.565218e-09,+1.839101e-09,+5.836559e-09,+1.192497e-08,+1.152243e-09,+2.748898e-09,-1.095099e-09,+1.020275e-08,+2.091163e-09,-6.483636e-08,+4.147777e-08
15,4,2343.890,2497.896,+1.719274e-03,4.642265e-04,-9.905453e-10,-8.695722e-10,-1.377370e-09,-9.118891e-10,-6.226004e-11,+2.261305e-10,+1.877049e-11,+4.032238e-10,-1.679253e-09,-7.745101e-10,-2.449221e-10,-4.281035e-10,-4.135915e-10,-2.837184e-09,-2.455688e-09,-2.151430e-09,-4.483424e-10,+4.747312e-10,+3.460250e-10,+1.257859e-10,+9.808268e-10,-1.654388e-09,+6.849445e-10,-2.033078e-09,-5.563951e-10,-2.620817e-09,+8.683879e-10,-9.084416e-10,-1.957714e-09,-1.182884e-09,-3.527739e-10,-3.096476e-09,+3.523741e-10,-2.180339e-08,+4.583480e-09,-1.558700e-08,+2.155063e-07,-2.371846e-09,-2.803316e-09,-3.942421e-09,-1.494886e-09,-2.677908e-09,-6.180214e-09,+6.506177e-10,+9.417311e-10,-5.385365e-09,-2.061152e-09,-1.575530e-08,-1.465703e-08,-1.165168e-08,-3.473572e-09,-1.066614e-08,-1.609635e-08,-3.757249e-08,+5.457318e-08,-4.162997e-08
16,0,2498.849,2543.071,-1.269626e-03,1.246882e-03,+4.783916e-07,+4.927074e-07,+5.369405e-07,+6.132112e-07,+5.449828e-08,-9.829496e-10,+2.308130e-10,-2.585699e-11,+7.758918e-07,+1.070339e-07,-5.056454e-10,-2.227962e-09,+3.039650e-09,+9.352345e-07,+1.002958e-06,+1.126870e-06,+1.036524e-07,-3.902011e-10,-1.574307e-09,+1.976280e-10,-4.197216e-10,+1.254589e-06,+2.458958e-08,+1.286477e-06,+7.556775e-09,+1.305172e-06,+7.478666e-09,-1.496761e-09,+1.321391e-06,+1.350904e-06,+1.619345e-08,-3.423307e-09,+1.413989e-06,+4.072006e-08,+6.947676e-09,-1.801934e-09,-2.371846e-09,+1.554715e-06,+1.512172e-06,+1.568480e-06,+1.601125e-06,+1.698955e-06,+2.301957e-06,+4.388130e-07,-3.504314e-08,-3.982835e-09,-4.354764e-09,+2.719746e-06,+2.876448e-06,+3.445801e-06,+4.667761e-07,+4.098325e-06,+1.843018e-07,+4.345466e-06,+4.636498e-06,+4.699501e-06
17,0,2543.516,2631.539,-2.495760e-03,1.268719e-03,+4.913546e-07,+5.071648e-07,+5.523047e-07,+6.316385e-07,+5.664652e-08,-9.012804e-10,+3.675178e-10,-1.339250e-10,+7.990008e-07,+1.104170e-07,-9.102484e-10,-2.613274e-09,+3.649984e-09,+9.615413e-07,+1.031138e-06,+1.157315e-06,+1.055108e-07,-6.763259e-10,-9.419085e-10,+6.262681e-10,-6.702660e-10,+1.286261e-06,+2.677550e-08,+1.319870e-06,+7.399223e-09,+1.339947e-06,+4.923091e-09,-2.245861e-09,+1.355694e-06,+1.385723e-06,+1.579180e-08,-2.121406e-10,+1.452800e-06,+3.827425e-08,+6.410797e-09,-1.581542e-09,-2.803316e-09,+1.512172e-06,+1.609647e-06,+1.614411e-06,+1.645181e-06,+1.744521e-06,+2.363620e-06,+4.492493e-07,-3.703953e-08,-5.512505e-09,-6.499354e-09,+2.792003e-06,+2.958048e-06,+3.538513e-06,+4.822378e-07,+4.201935e-06,+1.797278e-07,+4.500467e-06,+4.760651e-06,+4.840477e-06
18,0,2631.997,2780.112,-2.743506e-03,1.318016e-03,+5.113638e-07,+5.270472e-07,+5.744552e-07,+6.565232e-07,+5.948595e-08,-6.659153e-10,+4.300010e-10,-1.676159e-10,+8.308466e-07,+1.145166e-07,-8.743495e-10,-2.785889e-09,+3.907924e-09,+1.000599e-06,+1.070703e-06,+1.204814e-06,+1.104509e-07,-8.874429e-10,-1.172690e-09,+2.000588e-09,-3.437067e-09,+1.339710e-06,+2.782018e-08,+1.374959e-06,+6.055962e-09,+1.396138e-06,+4.455806e-09,-2.982745e-09,+1.411015e-06,+1.440306e-06,+1.461249e-08,-9.906921e-10,+1.511228e-06,+4.315183e-08,+5.257015e-09,-3.919387e-09,-3.942421e-09,+1.568480e-06,+1.614411e-06,+1.737167e-06,+1.721833e-06,+1.822829e-06,+2.473855e-06,+4.776265e-07,-3.590610e-08,-3.101959e-09,-3.824291e-09,+2.922983e-06,+3.099364e-06,+3.708333e-06,+5.087765e-07,+4.416876e-06,+1.980074e-07,+4.727841e-06,+5.015063e-06,+5.145411e-06
19,0,2783.563,2806.489,-9.433442e-04,1.684085e-03,+5.207375e-07,+5.365426e-07,+5.867309e-07,+6.687927e-07,+6.025743e-08,-1.495209e-09,-1.342468e-10,-3.078672e-11,+8.469435e-07,+1.168642e-07,-7.589245e-10,-2.776548e-09,+3.431922e-09,+1.019840e-06,+1.094415e-06,+1.232288e-06,+1.108072e-07,-4.058270e-09,+4.100203e-09,+3.144718e-09,-6.931459e-09,+1.367108e-06,+3.147457e-08,+1.404585e-06,+1.056546e-08,+1.429029e-06,-1.611870e-09,-1.103535e-08,+1.442078e-06,+1.471535e-06,+1.377953e-08,-2.687457e-09,+1.541319e-06,+4.785482e-08,+2.580225e-09,-4.710974e-09,-1.494886e-09,+1.601125e-06,+1.645181e-06,+1.721833e-06,+2.836142e-06,+1.860081e-06,+2.525628e-06,+4.889908e-07,-4.250933e-08,-3.970779e-09,+3.464273e-09,+2.985634e-06,+3.152142e-06,+3.819675e-06,+5.304952e-07,+4.527332e-06,+1.355140e-07,+4.869092e-06,+5.205814e-06,+5.304678e-06
20,0,2808.822,3209.590,+8.004855e-05,1.435689e-03,+5.569866e-07,+5.737831e-07,+6.228145e-07,+7.124144e-07,+6.425395e-08,-2.068371e-10,+7.065484e-10,+4.767333e-11,+9.016790e-07,+1.210824e-07,-1.642173e-09,-1.331225e-09,+3.363867e-09,+1.086207e-06,+1.161263e-06,+1.307011e-06,+1.208015e-07,+4.642142e-10,-2.368805e-09,+1.475240e-09,-2.024602e-09,+1.454094e-06,+2.809068e-08,+1.492530e-06,+6.758258e-09,+1.516142e-06,+4.545903e-09,-2.611487e-09,+1.533823e-06,+1.564642e-06,+1.640624e-08,+2.235818e-09,+1.638943e-06,+4.740776e-08,+3.420359e-09,-3.216198e-09,-2.677908e-09,+1.698955e-06,+1.744521e-06,+1.822829e-06,+1.860081e-06,+2.061202e-06,+2.710382e-06,+5.195569e-07,-3.704820e-08,-4.813099e-09,-3.527799e-09,+3.193942e-06,+3.391369e-06,+4.097014e-06,+5.936080e-07,+4.899983e-06,+2.387474e-07,+5.254423e-06,+5.606223e-06,+5.790370e-06
22,0,3256.859,4930.492,+7.527954e-04,1.978723e-03,+7.562373e-07,+7.788745e-07,+8.546984e-07,+9.795137e-07,+8.928139e-08,+4.525910e-10,+1.829326e-09,-7.242279e-10,+1.244031e-06,+1.626292e-07,-6.892033e-09,-5.818803e-10,+3.473899e-09,+1.472601e-06,+1.561252e-06,+1.771190e-06,+1.651334e-07,-9.525272e-10,-1.229579e-09,-3.139866e-09,+8.570962e-10,+1.968072e-06,+3.580635e-08,+2.021417e-06,+1.046376e-08,+2.047250e-06,+7.045004e-09,+8.889983e-11,+2.071934e-06,+2.115795e-06,+1.860361e-08,-1.642093e-09,+2.218815e-06,+6.508053e-08,+4.446603e-09,-2.551099e-09,-6.180214e-09,+2.301957e-06,+2.363620e-06,+2.473855e-06,+2.525628e-06,+2.710382e-06,+3.915346e-06,+9.298014e-07,+2.144691e-08,+5.531083e-08,+1.971135e-08,+4.637632e-06,+4.971307e-06,+6.064572e-06,+9.621280e-07,+7.388021e-06,+3.875627e-07,+8.048077e-06,+8.721501e-06,+9.111481e-06
22,1,3256.859,4930.492,+3.260129e-03,7.971416e-04,+1.500036e-07,+1.538995e-07,+1.722347e-07,+1.999037e-07,+2.022613e-08,+4.476490e-10,+8.855720e-10,-1.023335e-09,+2.562292e-07,+3.145569e-08,-3.150908e-09,-2.035912e-09,-1.357673e-09,+2.880687e-07,+2.945296e-07,+3.429342e-07,+3.167809e-08,-1.178509e-09,+3.255822e-10,-3.871603e-09,+1.037536e-09,+3.759686e-07,+3.154551e-09,+3.872520e-07,+1.513153e-09,+3.874476e-07,+2.593436e-09,+3.378254e-09,+3.909781e-07,+3.986082e-07,-7.517486e-10,-2.553666e-09,+4.210712e-07,+1.215559e-08,+1.102804e-09,+1.610042e-09,+6.506177e-10,+4.388130e-07,+4.492493e-07,+4.776265e-07,+4.889908e-07,+5.195569e-07,+9.298014e-07,+6.354347e-07,+2.586678e-07,+1.137430e-07,+6.248067e-08,+1.143194e-06,+1.293287e-06,+1.549592e-06,+2.940940e-07,+2.020483e-06,+1.804283e-07,+2.277338e-06,+2.476559e-06,+2.739513e-06
22,2,3256.859,4930.492,-2.525807e-03,7.631059e-04,-4.975742e-09,-6.370888e-09,-7.665300e-09,-7.255256e-09,+2.441807e-10,-1.222469e-09,-8.699049e-10,-3.100414e-10,-9.322728e-09,-1.021101e-09,+1.248074e-09,-1.400446e-09,-1.308370e-09,-1.271042e-08,-1.614529e-08,-1.720840e-08,-3.233545e-09,-1.393640e-09,-1.152848e-09,-4.760838e-10,+1.784074e-09,-2.551888e-08,-3.762587e-10,-2.509182e-08,-3.323687e-09,-2.549055e-08,-2.595529e-09,-1.359738e-09,-2.610498e-08,-2.802523e-08,-4.713107e-09,+3.451976e-09,-3.149275e-08,-2.127101e-09,-2.279897e-09,+2.915199e-09,+9.417311e-10,-3.504314e-08,-3.703953e-08,-3.590610e-08,-4.250933e-08,-3.704820e-08,+2.144691e-08,+2.586678e-07,+5.823306e-07,+2.976610e-07,+7.947357e-08,+5.399905e-08,+1.268187e-07,+6.404215e-08,+2.214474e-09,+1.264181e-07,+9.515964e-08,+1.588890e-07,+1.815686e-07,+1.803141e-07
22,3,3256.859,4930.492,-6.170555e-03,8.438674e-04,+3.960992e-09,+1.873512e-09,+9.434108e-10,+1.782134e-09,-1.976208e-09,+3.021014e-10,-3.973536e-10,+6.736764e-10,+2.417400e-09,+1.148860e-09,-1.103252e-09,+1.123129e-09,+1.508599e-09,-8.653297e-10,-1.096973e-09,+4.634442e-09,-3.249502e-10,-2.279783e-10,-2.378276e-09,+2.401185e-10,-2.924245e-09,+9.557391e-10,-5.594799e-09,-4.405777e-09,-6.344601e-10,+7.911827e-10,-1.587910e-09,+3.418870e-09,-2.264844e-09,-4.877709e-09,-1.424531e-09,-1.186238e-09,-1.907320e-09,-1.278928e-09,-1.720126e-10,+2.565218e-09,-5.385365e-09,-3.982835e-09,-5.512505e-09,-3.101959e-09,-3.970779e-09,-4.813099e-09,+5.531083e-08,+1.137430e-07,+2.976610e-07,+7.121122e-07,+3.374059e-07,+5.730185e-08,+1.280240e-07,+6.734826e-08,+2.281815e-09,+6.309313e-08,+2.498982e-08,+8.490830e-08,+1.881182e-07,+7.890808e-08
22,4,3256.859,4930.492,-2.674507e-03,8.600166e-04,-9.697628e-10,-1.923993e-09,-4.265508e-09,-3.350697e-09,-3.423146e-09,+1.847108e-09,+5.320488e-10,+1.620032e-09,-3.737001e-09,+2.052036e-09,-1.562339e-09,-7.694868e-11,+4.775138e-10,-2.995277e-09,-4.639120e-09,-3.316344e-09,+5.074485e-10,-2.821964e-10,-1.022996e-09,+9.057302e-10,-8.777159e-10,-3.493332e-09,-7.104137e-09,-6.426081e-09,+1.077770e-09,+4.422481e-10,-1.319781e-11,+3.419062e-09,-6.913620e-09,-7.119838e-09,-3.323107e-09,-2.621313e-09,-4.895225e-09,+1.814944e-09,-4.391565e-09,+1.839101e-09,-2.061152e-09,-4.354764e-09,-6.499354e-09,-3.824291e-09,+3.464273e-09,-3.527799e-09,+1.971135e-08,+6.248067e-08,+7.947357e-08,+3.374059e-07,+7.396286e-07,+9.073506e-10,+5.458230e-08,-1.216152e-08,+9.490636e-09,-1.593156e-08,-9.885567e-09,-2.601456e-08,+9.159753e-08,-8.285796e-09
23,0,4966.023,5032.082,-3.655130e-03,4.425988e-03,+9.085966e-07,+9.331884e-07,+1.021645e-06,+1.173893e-06,+9.894496e-08,+5.222882e-09,+3.843221e-09,-2.134903e-09,+1.492248e-06,+2.021810e-07,-9.121827e-09,-6.534016e-09,+5.745439e-10,+1.772006e-06,+1.854680e-06,+2.117663e-06,+1.965959e-07,-6.191250e-09,-7.814455e-09,-6.242729e-10,+5.134521e-09,+2.367395e-06,-9.206431e-09,+2.405512e-06,+1.540992e-08,+2.438597e-06,+1.008628e-09,+6.597314e-09,+2.451247e-06,+2.506070e-06,+2.512708e-08,-1.575633e-09,+2.621436e-06,+7.436926e-08,-3.013065e-10,+5.836559e-09,-1.575530e-08,+2.719746e-06,+2.792003e-06,+2.922983e-06,+2.985634e-06,+3.193942e-06,+4.637632e-06,+1.143194e-06,+5.399905e-08,+5.730185e-08,+9.073506e-10,+1.958937e-05,+6.284522e-06,+7.641693e-06,+1.158818e-06,+9.293973e-06,+3.272126e-07,+1.034947e-05,+1.099921e-05,+1.198669e-05
24,0,5077.658,5363.128,-4.170387e-03,3.057536e-03,+9.599233e-07,+9.866397e-07,+1.087923e-06,+1.247064e-06,+1.114535e-07,-7.276503e-10,+1.629558e-09,-1.675633e-09,+1.588976e-06,+2.096959e-07,-1.094440e-08,-4.137302e-09,+1.409264e-10,+1.860090e-06,+1.959034e-06,+2.229089e-06,+2.029293e-07,-2.683542e-09,+1.487836e-10,-1.142545e-08,+5.151705e-09,+2.464737e-06,+4.253342e-08,+2.538460e-06,+1.611803e-08,+2.559711e-06,+9.560336e-09,+1.259602e-08,+2.592994e-06,+2.645857e-06,+1.168671e-08,+7.091662e-09,+2.775764e-06,+8.086084e-08,+1.825173e-09,+1.192497e-08,-1.465703e-08,+2.876448e-06,+2.958048e-06,+3.099364e-06,+3.152142e-06,+3.391369e-06,+4.971307e-06,+1.293287e-06,+1.268187e-07,+1.280240e-07,+5.458230e-08,+6.284522e-06,+9.348529e-06,+8.318628e-06,+1.412868e-06,+1.034049e-05,+6.043967e-07,+1.143334e-05,+1.220410e-05,+1.293314e-05
25,0,5404.228,7384.918,-2.621828e-03,3.369004e-03,+1.136986e-06,+1.171538e-06,+1.307546e-06,+1.501611e-06,+1.438219e-07,+6.251653e-10,+4.789266e-10,-3.656171e-09,+1.926880e-06,+2.482040e-07,-1.447508e-08,-1.753082e-09,-8.818781e-09,+2.224507e-06,+2.324204e-06,+2.646522e-06,+2.396306e-07,+6.124141e-09,+1.191148e-08,-1.737189e-08,+4.822077e-09,+2.915400e-06,+7.313399e-08,+3.017330e-06,+2.369118e-08,+3.039505e-06,+9.800040e-09,+1.236575e-09,+3.080989e-06,+3.154596e-06,+2.329323e-08,-2.765698e-09,+3.312383e-06,+1.049924e-07,+4.365324e-09,+1.152243e-09,-1.165168e-08,+3.445801e-06,+3.538513e-06,+3.708333e-06,+3.819675e-06,+4.097014e-06,+6.064572e-06,+1.549592e-06,+6.404215e-08,+6.734826e-08,-1.216152e-08,+7.641693e-06,+8.318628e-06,+1.135019e-05,+2.328034e-06,+1.321880e-05,+7.260133e-07,+1.451497e-05,+1.606672e-05,+1.702824e-05
25,1,5404.228,7384.918,+5.263615e-03,1.564153e-03,+1.480500e-07,+1.600830e-07,+1.877051e-07,+2.201771e-07,+2.607231e-08,-4.379825e-10,+1.874823e-09,-6.598017e-10,+2.804791e-07,+1.521698e-08,-5.876049e-09,+1.004104e-08,-2.019445e-09,+3.054720e-07,+3.041994e-07,+3.486253e-07,+3.121852e-08,+3.402911e-09,+1.016148e-09,-6.906868e-09,+7.574505e-09,+3.741094e-07,+2.289454e-08,+3.956360e-07,-7.227129e-09,+4.073785e-07,+4.040805e-09,+1.932098e-08,+4.077532e-07,+4.202787e-07,+8.473427e-09,-1.942083e-09,+4.452900e-07,+1.695899e-08,+9.359191e-10,+2.748898e-09,-3.473572e-09,+4.667761e-07,+4.822378e-07,+5.087765e-07,+5.304952e-07,+5.936080e-07,+9.621280e-07,+2.940940e-07,+2.214474e-09,+2.281815e-09,+9.490636e-09,+1.158818e-06,+1.412868e-06,+2.328034e-06,+2.446575e-06,+2.784509e-06,+1.547722e-07,+2.994648e-06,+4.103726e-06,+3.985204e-06
26,0,7399.887,8177.985,-5.739653e-03,4.479960e-03,+1.350670e-06,+1.401211e-06,+1.583946e-06,+1.823715e-06,+1.797511e-07,+5.658125e-10,+4.320261e-09,-2.099887e-09,+2.333633e-06,+2.744625e-07,-2.055711e-08,+1.028353e-08,-1.811993e-08,+2.664272e-06,+2.743929e-06,+3.135148e-06,+2.850002e-07,+6.389302e-09,+1.733599e-08,-2.035914e-08,+1.449159e-08,+3.446844e-06,+8.315394e-08,+3.566461e-06,+1.468231e-08,+3.592565e-06,+3.295778e-08,+1.517999e-08,+3.651578e-06,+3.735336e-06,+3.909328e-08,-6.881111e-09,+3.928215e-06,+1.376637e-07,+9.247342e-09,-1.095099e-09,-1.066614e-08,+4.098325e-06,+4.201935e-06,+4.416876e-06,+4.527332e-06,+4.899983e-06,+7.388021e-06,+2.020483e-06,+1.264181e-07,+6.309313e-08,-1.593156e-08,+9.293973e-06,+1.034049e-05,+1.321880e-05,+2.784509e-06,+2.007004e-05,+2.592872e-06,+1.934647e-05,+2.138421e-05,+2.253052e-05
26,1,7399.887,8177.985,+9.458727e-03,3.080163e-03,+7.248538e-08,+6.075192e-08,+8.094205e-08,+9.829520e-08,+1.152851e-08,+4.147247e-09,+5.719529e-09,-1.602459e-09,+1.290465e-07,+1.391036e-08,+3.030519e-09,-1.368517e-09,-7.908372e-09,+1.401909e-07,+1.211156e-07,+1.412211e-07,+9.704717e-09,+1.946615e-10,+5.400031e-09,-6.448058e-10,+4.529000e-09,+1.345474e-07,+1.007346e-08,+1.444606e-07,+8.070312e-09,+1.447140e-07,+5.160452e-09,-6.199520e-10,+1.497754e-07,+1.550493e-07,-4.233167e-11,-1.082574e-08,+1.624588e-07,+2.369138e-08,-1.280051e-08,+1.020275e-08,-1.609635e-08,+1.843018e-07,+1.797278e-07,+1.980074e-07,+1.355140e-07,+2.387474e-07,+3.875627e-07,+1.804283e-07,+9.515964e-08,+2.498982e-08,-9.885567e-09,+3.272126e-07,+6.043967e-07,+7.260133e-07,+1.547722e-07,+2.592872e-06,+9.487405e-06,+1.995045e-06,+1.069391e-06,+2.337161e-06
27,0,8190.967,8741.987,+7.981310e-03,5.381545e-03,+1.454705e-06,+1.507778e-06,+1.693705e-06,+1.965160e-06,+1.998890e-07,-2.726681e-09,+7.945916e-09,-9.887391e-09,+2.520670e-06,+2.928631e-07,-2.537968e-08,+8.520706e-09,-1.920312e-08,+2.847068e-06,+2.918936e-06,+3.346294e-06,+3.022647e-07,+5.326152e-09,+2.236734e-08,-3.224785e-08,+1.657844e-08,+3.676058e-06,+5.773191e-08,+3.796411e-06,+3.983817e-08,+3.831652e-06,+2.044168e-08,+5.452597e-09,+3.887885e-06,+3.972230e-06,+2.840572e-08,+2.895451e-09,+4.186656e-06,+1.115423e-07,+1.911962e-08,+2.091163e-09,-3.757249e-08,+4.345466e-06,+4.500467e-06,+4.727841e-06,+4.869092e-06,+5.254423e-06,+8.048077e-06,+2.277338e-06,+1.588890e-07,+8.490830e-08,-2.601456e-08,+1.034947e-05,+1.143334e-05,+1.451497e-05,+2.994648e-06,+1.934647e-05,+1.995045e-06,+2.896103e-05,+2.376599e-05,+2.606129e-05
28,0,8765.940,9018.744,-1.444349e-03,8.622271e-03,+1.543515e-06,+1.605397e-06,+1.800993e-06,+2.111922e-06,+2.290815e-07,+1.478082e-08,+2.792167e-08,-5.703849e-09,+2.710353e-06,+2.838115e-07,-4.112543e-08,+2.445647e-08,-2.041741e-08,+3.011528e-06,+3.053736e-06,+3.523285e-06,+3.233048e-07,-1.913686e-09,+1.278517e-08,-4.481194e-08,+2.558275e-08,+3.851390e-06,+5.097808e-08,+3.964970e-06,+3.591973e-08,+4.042298e-06,+2.251794e-08,+2.810825e-08,+4.086840e-06,+4.193050e-06,+4.291121e-08,-2.040219e-08,+4.415085e-06,+1.378592e-07,-3.303597e-09,-6.483636e-08,+5.457318e-08,+4.636498e-06,+4.760651e-06,+5.015063e-06,+5.205814e-06,+5.606223e-06,+8.721501e-06,+2.476559e-06,+1.815686e-07,+1.881182e-07,+9.159753e-08,+1.099921e-05,+1.220410e-05,+1.606672e-05,+4.103726e-06,+2.138421e-05,+1.069391e-06,+2.376599e-05,+7.434356e-05,+3.044104e-05
29,0,9038.102,10327.421,-1.399434e-03,6.611480e-03,+1.579894e-06,+1.636317e-06,+1.862896e-06,+2.173158e-06,+2.354517e-07,+1.938800e-08,+9.877490e-09,-6.511105e-09,+2.781489e-06,+2.585280e-07,-4.184574e-08,+3.716008e-08,-3.118314e-08,+3.074684e-06,+3.089665e-06,+3.575669e-06,+3.214733e-07,+1.558387e-08,+1.913276e-08,-4.615295e-08,+1.768971e-08,+3.925476e-06,+3.666735e-08,+4.057729e-06,+3.043917e-08,+4.096669e-06,+6.465170e-09,-4.293618e-09,+4.147748e-06,+4.239444e-06,+1.484766e-08,+1.229507e-08,+4.483633e-06,+1.677032e-07,-1.438165e-09,+4.147777e-08,-4.162997e-08,+4.699501e-06,+4.840477e-06,+5.145411e-06,+5.304678e-06,+5.790370e-06,+9.111481e-06,+2.739513e-06,+1.803141e-07,+7.890808e-08,-8.285796e-09,+1.198669e-05,+1.293314e-05,+1.702824e-05,+3.985204e-06,+2.253052e-05,+2.337161e-06,+2.606129e-05,+3.044104e-05,+4.371167e-05
