level_id,E_cg,u_fit,S,u_S,u_E,E_source_cg,diff,N_lines
059003.000001,0.0000,0.0076,0.3431,0.0214,0.0227,0.0000,0.0000,22
059003.000031,1398.3505,0.0095,0.3314,0.0206,0.0227,1398.3506,-0.0001,21
059003.000032,2893.1389,0.0101,0.3299,0.0211,0.0234,2893.1389,0.0000,20
059003.000033,4453.7487,0.0126,0.3375,0.0206,0.0242,4453.7488,-0.0001,13
059003.000034,9370.8213,0.0106,0.1283,0.0086,0.0137,9370.8213,-0.0000,17
059003.000035,10032.9648,0.0099,0.2925,0.0191,0.0215,10032.9649,-0.0001,23
059003.000036,10138.3468,0.0094,0.1306,0.0087,0.0128,10138.3467,0.0000,25
059003.000037,10859.2044,0.0090,0.1540,0.0114,0.0145,10859.2044,0.0001,26
059003.000038,10950.4842,0.0104,0.0022,0.0041,0.0111,10950.4843,-0.0001,18
059003.000039,11761.8107,0.0095,0.1969,0.0146,0.0175,11761.8106,0.0001,20
059003.000040,12494.6802,0.0100,0.2805,0.0192,0.0217,12494.6802,0.0000,15
059003.000041,12846.6203,0.0165,0.4185,0.0439,0.0469,12846.6201,0.0002,53
059003.000042,13351.9634,0.0222,0.5528,0.0577,0.0619,13351.9635,-0.0001,29
059003.000043,13887.6800,0.0095,0.2196,0.0192,0.0215,13887.6801,-0.0001,22
059003.000044,14187.4393,0.0122,0.2037,0.0125,0.0175,14187.4393,0.0001,12
059003.000045,14558.7786,0.0126,0.3791,0.0405,0.0424,14558.7785,0.0001,51
059003.000046,14859.9339,0.0127,0.4084,0.0426,0.0445,14859.9337,0.0001,64
059003.000047,15045.9038,0.0235,0.2787,0.0294,0.0376,15045.9039,-0.0001,35
059003.000048,15443.6032,0.0111,0.1916,0.0123,0.0165,15443.6030,0.0002,13
059003.000049,15454.0696,0.0181,0.4956,0.0504,0.0535,15454.0697,-0.0001,29
059003.000050,15525.4704,0.0121,0.3864,0.0399,0.0417,15525.4703,0.0001,48
059003.000051,15705.2308,0.0109,0.2205,0.0158,0.0191,15705.2309,-0.0001,16
059003.000052,16089.0915,0.0123,0.4014,0.0244,0.0273,16089.0915,0.0001,12
059003.000053,16135.9939,0.0178,0.3063,0.0341,0.0385,16135.9942,-0.0003,44
059003.000054,16516.1746,0.0165,0.3237,0.0350,0.0387,16516.1747,-0.0001,45
059003.000055,16764.0921,0.0119,0.1980,0.0124,0.0172,16764.0922,-0.0001,13
059003.000056,17095.8320,0.0114,0.0716,0.0101,0.0153,17095.8320,-0.0000,11
059003.000057,17113.1387,0.0137,0.3803,0.0390,0.0413,17113.1390,-0.0002,37
059003.000058,17409.6861,0.0153,0.2324,0.0151,0.0215,17409.6861,-0.0000,8
059003.000059,17534.6718,0.0175,0.4425,0.0450,0.0483,17534.6720,-0.0002,21
059003.000060,17627.0380,0.0134,0.2756,0.0304,0.0332,17627.0381,-0.0001,52
059003.000061,17642.0101,0.0162,0.3956,0.0262,0.0309,17642.0103,-0.0002,7
059003.000062,18063.3809,0.0131,0.3083,0.0326,0.0352,18063.3808,0.0001,55
059003.000063,18211.8721,0.0140,0.2106,0.0369,0.0394,18211.8720,0.0001,52
059003.000064,18241.5066,0.0113,0.3713,0.0413,0.0428,18241.5065,0.0000,69
059003.000065,18693.8701,0.0133,0.0664,0.0042,0.0140,18693.8699,0.0002,9
059003.000066,18921.2140,0.0174,0.3656,0.0394,0.0431,18921.2140,-0.0000,25
059003.000067,18990.0717,0.0153,0.3535,0.0376,0.0406,18990.0716,0.0001,27
059003.000068,19046.2964,0.0109,0.1144,0.0081,0.0136,19046.2962,0.0002,13
059003.000069,19308.9465,0.0137,0.2998,0.0330,0.0357,19308.9465,0.0000,52
059003.000070,19360.0468,0.0129,0.3754,0.0406,0.0426,19360.0467,0.0001,46
059003.000071,19649.6112,0.0258,0.3974,0.0425,0.0497,19649.6114,-0.0002,9
059003.000072,19700.9229,0.0127,0.2943,0.0316,0.0341,19700.9229,0.0000,56
059003.000073,19872.5455,0.0117,0.2170,0.0394,0.0411,19872.5456,-0.0001,74
059003.000539,20096.9604,0.0200,0.0149,0.0187,0.0274,20096.9608,-0.0004,10
059003.000074,20160.4535,0.0179,0.2321,0.0259,0.0314,20160.4538,-0.0003,22
059003.000075,20315.6342,0.0138,0.3296,0.0360,0.0386,20315.6344,-0.0001,33
059003.000076,20848.5157,0.0110,0.2194,0.0256,0.0279,20848.5156,0.0001,47
059003.000077,20857.0634,0.0120,0.0679,0.0071,0.0139,20857.0632,0.0001,8
059003.000078,21148.6628,0.0160,0.0116,0.0195,0.0252,21148.6628,0.0000,32
059003.000079,21238.7492,0.0165,0.3185,0.0341,0.0379,21238.7494,-0.0002,41
059003.000080,21294.9812,0.0115,0.2476,0.0271,0.0294,21294.9812,0.0000,69
059003.000081,21418.9320,0.0132,0.2087,0.0287,0.0316,21418.9318,0.0002,37
059003.000082,21535.1890,0.0108,0.3195,0.0360,0.0376,21535.1891,-0.0000,71
059003.000540,21598.8475,0.0189,-0.0169,0.0149,0.0241,21598.8477,-0.0002,11
059003.000083,21611.3496,0.0119,0.1388,0.0244,0.0271,21611.3495,0.0001,49
059003.000084,21755.8580,0.0119,0.3149,0.0344,0.0364,21755.8580,0.0000,31
059003.000085,22081.0487,0.0108,0.2258,0.0245,0.0268,22081.0488,-0.0001,53
059003.000086,22277.8811,0.0154,0.0746,0.0236,0.0282,22277.8810,0.0001,31
059003.000087,22527.7830,0.0111,0.2756,0.0315,0.0334,22527.7828,0.0002,55
059003.000088,22747.8038,0.0118,0.2295,0.0304,0.0326,22747.8036,0.0002,58
059003.000089,23050.8008,0.0161,0.1170,0.0203,0.0259,23050.8005,0.0003,32
059003.000090,23091.8774,0.0132,0.0945,0.0071,0.0150,23091.8776,-0.0002,10
059003.000091,23175.0755,0.0140,0.3315,0.0390,0.0414,23175.0755,-0.0000,39
059003.000092,23246.1534,0.0111,0.1181,0.0081,0.0137,23246.1531,0.0002,12
059003.000093,23442.3133,0.0111,0.2722,0.0303,0.0322,23442.3136,-0.0003,52
059003.000094,23465.6249,0.0319,0.0760,0.0049,0.0323,23465.6249,0.0001,4
059003.000095,23532.9968,0.0114,0.1638,0.0200,0.0230,23532.9968,0.0000,48
059003.000096,23647.6884,0.0159,0.4534,0.0488,0.0513,23647.6884,-0.0001,46
059003.000097,23651.9862,0.0101,0.2240,0.0254,0.0273,23651.9861,0.0001,63
059003.000098,23751.7460,0.0116,0.0925,0.0219,0.0248,23751.7456,0.0004,35
059003.000099,23844.6717,0.0109,0.2531,0.0292,0.0312,23844.6717,0.0001,67
059003.000100,23955.5270,0.0200,0.0813,0.0164,0.0258,23955.5271,-0.0001,12
059003.000101,24250.8062,0.0122,0.1395,0.0199,0.0233,24250.8062,0.0001,27
059003.000102,24309.3589,0.0133,0.1481,0.0184,0.0227,24309.3590,-0.0001,31
059003.000103,24357.9954,0.0129,0.3190,0.0192,0.0232,24357.9953,0.0001,12
059003.000104,24461.3957,0.0105,0.1519,0.0206,0.0232,24461.3956,0.0001,59
059003.000105,24471.0557,0.0109,0.1488,0.0219,0.0244,24471.0557,0.0000,49
059003.000106,24788.0854,0.0108,0.2655,0.0292,0.0312,24788.0854,0.0000,60
059003.000107,24886.6925,0.0135,0.0927,0.0070,0.0152,24886.6923,0.0002,8
059003.000108,25034.0155,0.0105,0.2182,0.0248,0.0269,25034.0155,-0.0000,62
059003.000109,25244.5754,0.0175,0.4369,0.0262,0.0315,25244.5752,0.0002,5
059003.000110,25391.7609,0.0141,0.3526,0.0211,0.0254,25391.7606,0.0002,7
059003.000111,25409.8474,0.0097,0.2240,0.0359,0.0372,25409.8474,0.0000,68
059003.000112,25935.1157,0.0104,0.1706,0.0225,0.0248,25935.1158,-0.0000,54
059003.000113,25979.2264,0.0220,0.4594,0.0487,0.0535,25979.2265,-0.0001,24
059003.000114,26095.3069,0.0113,0.2571,0.0303,0.0323,26095.3068,0.0001,46
059003.000115,26447.0787,0.0099,0.2048,0.0236,0.0256,26447.0788,-0.0001,59
059003.000116,26447.8394,0.0194,0.4526,0.0276,0.0338,26447.8388,0.0006,4
059003.000117,26921.6725,0.0122,0.0847,0.0075,0.0144,26921.6725,0.0000,10
059003.000118,27089.7983,0.0276,0.2655,0.0169,0.0323,27089.7985,-0.0002,5
059003.000119,27138.6248,0.0095,0.2581,0.0289,0.0304,27138.6249,-0.0000,57
059003.000120,27380.2830,0.0102,0.4042,0.0440,0.0452,27380.2828,0.0002,49
059003.000121,27452.6192,0.0115,0.1237,0.0350,0.0368,27452.6191,0.0001,36
059003.000122,27597.2892,0.0147,0.1263,0.0106,0.0181,27597.2888,0.0004,9
059003.000123,27604.3755,0.0100,0.2025,0.0236,0.0257,27604.3755,0.0001,57
059003.000124,28101.8224,0.0124,0.2805,0.0179,0.0217,28101.8225,-0.0001,10
059003.000125,28399.9902,0.0252,-0.2293,0.0201,0.0322,28399.9902,0.0000,21
059003.000126,28720.7178,0.0106,0.3274,0.0517,0.0528,28720.7178,-0.0001,70
059003.000127,28884.6046,0.0102,0.8854,0.0191,0.0217,28884.6048,-0.0002,45
059003.000128,28936.6073,0.0165,0.1402,0.0349,0.0386,28936.6075,-0.0002,17
059003.000129,29263.0647,0.0120,0.3510,0.0390,0.0408,29263.0647,0.0000,40
059003.000130,29267.9559,0.0103,0.2144,0.0231,0.0253,29267.9558,0.0001,48
059003.000131,29835.1436,0.0108,0.2925,0.0349,0.0365,29835.1435,0.0001,53
059003.000132,30505.6868,0.0106,0.3781,0.0481,0.0493,30505.6868,-0.0000,53
059003.000430,30602.9802,0.0153,0.1594,0.0119,0.0193,30602.9801,0.0000,8
059003.000133,30732.8025,0.0157,1.1000,0.0192,0.0248,30732.8024,0.0000,30
059003.000134,30995.1097,0.0168,-0.2228,0.0169,0.0238,30995.1096,0.0001,35
059003.000135,31254.8362,0.0103,0.1864,0.0210,0.0234,31254.8364,-0.0001,48
059003.000136,31788.0767,0.0149,0.1663,0.0114,0.0188,31788.0768,-0.0000,6
059003.000137,31803.9650,0.0214,-0.0126,0.0155,0.0264,31803.9652,-0.0002,9
059003.000138,32289.1229,0.0139,0.0484,0.0169,0.0219,32289.1228,0.0000,14
059003.000139,32759.3603,0.0180,1.1375,0.0195,0.0266,32759.3604,-0.0001,21
059003.000140,33339.0017,0.0198,-0.3330,0.0143,0.0244,33339.0018,-0.0001,14
059003.000141,33467.0237,0.0152,-0.2833,0.0165,0.0225,33467.0237,0.0000,31
059003.000142,33659.4817,0.0132,0.8100,0.0144,0.0195,33659.4817,-0.0001,35
059003.000143,34198.8611,0.0142,0.0099,0.0134,0.0195,34198.8611,0.0001,11
059003.000144,34520.3675,0.0101,0.2206,0.0287,0.0305,34520.3676,-0.0001,49
059003.000145,34825.0476,0.0128,0.7787,0.0175,0.0217,34825.0477,-0.0001,32
059003.000146,35024.4830,0.0100,0.3657,0.0621,0.0629,35024.4832,-0.0001,61
059003.000147,35137.9973,0.0123,0.1429,0.0187,0.0224,35137.9973,0.0001,19
059003.000148,35290.2558,0.0114,1.0597,0.0158,0.0194,35290.2556,0.0001,33
059003.000149,35384.6672,0.0131,-0.1969,0.0144,0.0194,35384.6674,-0.0002,32
059003.000150,35801.6656,0.0138,-0.1803,0.0192,0.0237,35801.6657,-0.0001,49
059003.000151,35828.5066,0.0115,0.2633,0.0461,0.0475,35828.5065,0.0001,37
059003.000152,35863.9031,0.0122,0.1283,0.0203,0.0237,35863.9031,-0.0000,25
059003.000153,36640.5278,0.0099,0.1881,0.0262,0.0281,36640.5278,-0.0000,53
059003.000154,36642.0477,0.0110,0.4355,0.0455,0.0468,36642.0477,0.0001,42
059003.000155,36652.4718,0.0121,0.1281,0.0238,0.0267,36652.4717,0.0000,29
059003.000156,36670.5143,0.0127,0.4249,0.0646,0.0659,36670.5144,-0.0001,30
059003.000157,36683.4902,0.0157,-0.0044,0.0100,0.0186,36683.4905,-0.0003,13
059003.000158,37012.1388,0.0114,0.0544,0.0212,0.0241,37012.1389,-0.0000,37
059003.000159,37197.8328,0.0112,0.0803,0.0176,0.0209,37197.8329,-0.0001,23
059003.000160,37919.8002,0.0124,0.0998,0.0359,0.0380,37919.8004,-0.0002,34
059003.000161,38447.6379,0.0124,1.0451,0.0169,0.0210,38447.6380,-0.0001,30
059003.000162,38550.1238,0.0135,0.0243,0.0150,0.0202,38550.1240,-0.0002,14
059003.000163,38694.6995,0.0112,0.0575,0.0206,0.0235,38694.6992,0.0003,26
059003.000164,38701.5218,0.0106,0.4485,0.0471,0.0483,38701.5216,0.0002,32
059003.000165,38727.1981,0.0141,-0.3675,0.0140,0.0199,38727.1981,0.0000,38
059003.000166,38785.6672,0.0128,0.5081,0.0544,0.0559,38785.6671,0.0000,25
059003.000167,39024.4039,0.0113,0.1946,0.0394,0.0410,39024.4038,0.0001,30
059003.000168,39120.6934,0.0123,0.0799,0.0146,0.0191,39120.6934,-0.0000,16
059003.000169,39225.6971,0.0116,0.2385,0.0146,0.0187,39225.6974,-0.0003,9
059003.000170,39485.7389,0.0176,0.0462,0.0151,0.0232,39485.7390,-0.0001,7
059003.000171,39725.8834,0.0130,0.5306,0.0563,0.0577,39725.8834,0.0001,22
059003.000172,39733.0381,0.0099,0.3465,0.0371,0.0384,39733.0382,-0.0000,42
059003.000173,39870.2234,0.0100,0.3443,0.0585,0.0593,39870.2235,-0.0001,48
059003.000174,39940.8488,0.0109,0.2030,0.0131,0.0171,39940.8488,-0.0000,12
059003.000175,40098.8568,0.0114,0.1012,0.0150,0.0188,40098.8566,0.0001,25
059003.000176,40205.9740,0.0117,0.0476,0.0180,0.0215,40205.9740,0.0000,22
059003.000177,41024.1839,0.0128,0.0735,0.0236,0.0269,41024.1841,-0.0002,18
059003.000178,41026.8002,0.0218,0.4866,0.0510,0.0555,41026.8000,0.0002,7
059003.000179,44680.0358,0.0097,0.2117,0.0227,0.0247,44680.0357,0.0001,40
059003.000180,44903.5258,0.0100,0.1412,0.0175,0.0202,44903.5257,0.0001,40
059003.000181,45806.0588,0.0111,0.2689,0.0304,0.0324,45806.0588,0.0000,33
059003.000182,45806.5592,0.0128,0.9325,0.0306,0.0332,45806.5594,-0.0002,19
059003.000183,45845.2433,0.0144,-0.3686,0.0180,0.0231,45845.2434,-0.0001,16
059003.000184,46783.8199,0.0235,0.3386,0.0359,0.0429,46783.8202,-0.0003,15
059003.000185,48401.8127,0.0124,0.1155,0.0150,0.0195,48401.8130,-0.0002,16
059003.000186,48745.6622,0.0116,0.1250,0.0163,0.0200,48745.6623,-0.0001,23
059003.000642,49653.4883,0.0152,0.6312,0.0088,0.0176,49653.4882,0.0001,9
059003.000187,50227.4062,0.0157,0.7455,0.0210,0.0262,50227.4061,0.0001,11
059003.000188,50647.9713,0.0173,-0.1843,0.0316,0.0360,50647.9713,0.0001,13
059003.000189,50657.9511,0.0176,1.1684,0.0309,0.0355,50657.9511,0.0000,11
059003.000190,50869.7845,0.0202,-0.1963,0.0125,0.0238,50869.7845,0.0000,14
059003.000191,51312.2366,0.0240,0.8756,0.0269,0.0360,51312.2366,0.0000,10
059003.000192,52027.6071,0.0152,-0.3788,0.0184,0.0239,52027.6072,-0.0000,14
059003.000193,53092.9257,0.0138,0.1610,0.0105,0.0173,53092.9260,-0.0003,8
059003.000194,58158.1542,0.0106,0.2345,0.0175,0.0205,58158.1542,-0.0000,38
059003.000195,58174.0131,0.0154,0.5659,0.0225,0.0272,58174.0132,-0.0001,36
059003.000196,60166.2604,0.0099,0.2486,0.0203,0.0226,60166.2603,0.0001,44
059003.000197,60419.6191,0.0116,0.5142,0.0192,0.0225,60419.6190,0.0001,46
059003.000198,60520.3134,0.0137,0.3579,0.0219,0.0258,60520.3133,0.0001,25
059003.000199,61357.0439,0.0107,0.3443,0.0203,0.0229,61357.0439,0.0000,46
059003.000200,61605.6821,0.0111,0.3202,0.0201,0.0230,61605.6821,-0.0000,34
059003.000201,61718.0397,0.0122,0.2800,0.0212,0.0245,61718.0397,0.0000,27
059003.000202,62062.6260,0.0124,0.4174,0.0236,0.0267,62062.6259,0.0000,35
059003.000203,62240.8029,0.0102,0.3822,0.0179,0.0206,62240.8028,0.0001,46
059003.000204,62535.6123,0.0146,0.3735,0.0259,0.0297,62535.6123,0.0000,19
059003.000205,62558.7009,0.0099,0.2901,0.0179,0.0204,62558.7008,0.0001,53
059003.000206,62678.5953,0.0118,0.4664,0.0211,0.0242,62678.5953,-0.0000,36
059003.000207,63221.5172,0.0121,0.0341,0.0143,0.0187,63221.5174,-0.0002,23
059003.000208,63232.2070,0.0115,0.3194,0.0210,0.0239,63232.2070,0.0001,29
059003.000209,63576.2926,0.0128,0.3537,0.0169,0.0212,63576.2926,-0.0001,30
059003.000210,63593.3737,0.0103,0.3071,0.0169,0.0198,63593.3736,0.0001,43
059003.000211,63768.7289,0.0106,0.2782,0.0175,0.0205,63768.7290,-0.0001,49
059003.000212,63816.8674,0.0103,0.3974,0.0192,0.0218,63816.8675,-0.0001,48
059003.000213,64150.8784,0.0123,0.3974,0.0261,0.0289,64150.8784,0.0000,36
059003.000214,64215.3586,0.0132,0.4680,0.0195,0.0236,64215.3588,-0.0001,30
059003.000215,64235.7027,0.0106,0.2790,0.0225,0.0249,64235.7029,-0.0001,42
059003.000216,64401.2420,0.0108,0.0825,0.0238,0.0261,64401.2421,-0.0000,31
059003.000217,64817.6409,0.0121,0.2150,0.0206,0.0239,64817.6410,-0.0001,24
059003.000218,64857.1151,0.0105,0.4174,0.0169,0.0199,64857.1152,-0.0001,51
059003.000219,64865.2005,0.0116,0.2846,0.0289,0.0311,64865.2005,-0.0001,38
059003.000220,64979.6802,0.0135,0.1522,0.0245,0.0280,64979.6802,-0.0000,32
059003.000431,65073.5052,0.0188,0.0292,0.0424,0.0463,65073.5052,0.0000,9
059003.000221,65295.9529,0.0114,0.2844,0.0219,0.0247,65295.9527,0.0002,41
059003.000432,65765.2802,0.0207,0.1793,0.0124,0.0242,65765.2802,-0.0000,13
059003.000222,65909.5711,0.0173,0.1888,0.0225,0.0284,65909.5711,-0.0001,16
059003.000223,65922.4165,0.0110,0.3300,0.0179,0.0210,65922.4165,0.0000,45
059003.000224,65935.3577,0.0123,0.1846,0.0158,0.0200,65935.3578,-0.0000,32
059003.000225,65967.1215,0.0155,0.3510,0.0244,0.0289,65967.1217,-0.0001,21
059003.000226,66148.3402,0.0128,0.3689,0.0260,0.0290,66148.3404,-0.0002,31
059003.000227,66301.3027,0.0214,0.4275,0.0413,0.0465,66301.3028,-0.0001,18
059003.000228,66543.9690,0.0350,0.0352,0.0221,0.0414,66543.9691,-0.0001,5
059003.000229,66681.2753,0.0126,0.1688,0.0319,0.0343,66681.2751,0.0002,31
059003.000230,66735.8799,0.0136,0.3055,0.0504,0.0522,66735.8801,-0.0002,32
059003.000231,66853.0106,0.0115,0.1540,0.0297,0.0319,66853.0109,-0.0003,28
059003.000232,66867.2813,0.0149,0.1189,0.0217,0.0263,66867.2815,-0.0001,16
059003.000233,66943.2185,0.0156,0.1156,0.0287,0.0327,66943.2185,-0.0000,18
059003.000237,67049.2411,0.0104,0.2678,0.0225,0.0248,67049.2411,0.0000,47
059003.000235,67240.4203,0.0133,0.2459,0.0490,0.0508,67240.4204,-0.0001,33
059003.000236,67395.4708,0.0117,0.1488,0.0450,0.0465,67395.4708,-0.0000,32
059003.000234,67398.8344,0.0138,0.3341,0.0169,0.0218,67398.8344,-0.0001,27
059003.000238,67679.3894,0.0108,0.1356,0.0166,0.0198,67679.3895,-0.0001,36
059003.000239,67870.7921,0.0130,0.3071,0.0349,0.0372,67870.7921,-0.0000,39
059003.000240,67965.6818,0.0187,0.0803,0.0169,0.0252,67965.6819,-0.0001,19
059003.000241,68238.0948,0.0213,0.4015,0.0440,0.0489,68238.0945,0.0003,17
059003.000242,68305.2427,0.0318,0.2925,0.0244,0.0401,68305.2427,0.0001,9
059003.000433,68331.8514,0.0130,0.1250,0.0275,0.0304,68331.8513,0.0000,32
059003.000243,68331.8641,0.0151,0.1934,0.0149,0.0212,68331.8638,0.0003,38
059003.000244,68374.5544,0.0111,0.3544,0.0180,0.0211,68374.5544,-0.0000,41
059003.000245,68492.5593,0.0109,0.1943,0.0158,0.0192,68492.5593,-0.0001,33
059003.000246,68525.6953,0.0135,0.2351,0.0247,0.0282,68525.6954,-0.0000,31
059003.000247,68544.2594,0.0129,0.2655,0.0281,0.0309,68544.2596,-0.0001,32
059003.000434,68556.5861,0.0222,-0.0240,0.0225,0.0316,68556.5857,0.0004,6
059003.000435,68676.7538,0.0148,0.0925,0.0306,0.0340,68676.7536,0.0001,13
059003.000248,68801.7337,0.0114,0.2520,0.0166,0.0202,68801.7337,-0.0000,35
059003.000653,68890.3953,0.0181,0.0664,0.0255,0.0313,68890.3956,-0.0003,6
059003.000249,68978.7028,0.0123,0.1470,0.0374,0.0393,68978.7027,0.0001,27
059003.000250,68987.1870,0.0124,0.2126,0.0219,0.0251,68987.1870,-0.0001,35
059003.000251,69138.3077,0.0106,0.2981,0.0180,0.0209,69138.3077,-0.0000,43
059003.000252,69408.5735,0.0171,0.2846,0.0289,0.0336,69408.5734,0.0001,21
059003.000253,69431.1356,0.0182,0.1496,0.0201,0.0271,69431.1354,0.0002,23
059003.000254,69681.8158,0.0335,0.3063,0.0138,0.0362,69681.8159,-0.0001,8
059003.000255,69686.3376,0.0127,0.1991,0.0180,0.0220,69686.3373,0.0003,31
059003.000256,69978.1315,0.0152,0.2255,0.0303,0.0339,69978.1316,-0.0001,21
059003.000257,70381.5146,0.0182,0.3299,0.0471,0.0505,70381.5146,0.0000,19
059003.000631,70478.0832,0.0209,0.0728,0.0300,0.0366,70478.0833,-0.0001,8
059003.000258,71021.2779,0.0324,0.2509,0.0203,0.0382,71021.2779,0.0001,13
059003.000259,71385.8113,0.0237,0.2538,0.0123,0.0267,71385.8113,0.0000,15
059003.000260,71501.3461,0.0164,0.0049,0.0300,0.0342,71501.3460,0.0001,15
059003.000261,71536.5210,0.0126,0.1400,0.0212,0.0247,71536.5210,0.0000,20
059003.000262,71592.4220,0.0140,0.2846,0.0304,0.0335,71592.4220,-0.0000,26
059003.000263,71736.4611,0.0168,0.3162,0.0289,0.0334,71736.4610,0.0001,23
059003.000647,71767.4544,0.0221,0.0829,0.0270,0.0349,71767.4543,0.0001,7
059003.000264,71978.6036,0.0114,0.2144,0.0227,0.0255,71978.6037,-0.0001,27
059003.000265,71994.9717,0.0158,0.1475,0.0225,0.0275,71994.9720,-0.0003,18
059003.000645,72706.0397,0.0308,0.0929,0.0120,0.0331,72706.0402,-0.0005,8
059003.000266,73030.1138,0.0186,0.2925,0.0158,0.0244,73030.1140,-0.0002,20
059003.000267,73378.4727,0.0201,0.2398,0.0123,0.0235,73378.4729,-0.0002,16
059003.000268,73606.2363,0.0227,0.2025,0.0416,0.0474,73606.2363,-0.0000,15
059003.000269,73609.3302,0.0298,0.2186,0.0192,0.0354,73609.3302,0.0000,12
059003.000270,74105.4225,0.0190,0.1494,0.0206,0.0281,74105.4227,-0.0001,17
059003.000271,74463.9784,0.0313,0.2085,0.0270,0.0413,74463.9786,-0.0002,11
059003.000436,74619.8412,0.0176,0.1505,0.0219,0.0281,74619.8411,0.0001,13
059003.000437,74696.2895,0.0207,0.2644,0.0439,0.0485,74696.2896,-0.0002,15
059003.000272,75294.2931,0.0213,0.1251,0.0297,0.0366,75294.2931,0.0000,18
059003.000273,75409.7942,0.0150,0.0351,0.0419,0.0445,75409.7943,-0.0001,20
059003.000674,75481.4182,0.0335,0.0795,0.0129,0.0359,75481.4180,0.0002,6
059003.000274,75560.8716,0.0146,0.1419,0.0325,0.0356,75560.8716,0.0000,19
059003.000275,75614.8971,0.0181,0.2662,0.0275,0.0329,75614.8972,-0.0001,22
059003.000276,75640.0128,0.0168,0.3162,0.0179,0.0246,75640.0125,0.0003,16
059003.000277,75762.2870,0.0181,0.2363,0.0146,0.0233,75762.2872,-0.0001,13
059003.000438,75983.0557,0.0229,0.1225,0.0280,0.0362,75983.0557,0.0000,10
059003.000439,76130.5244,0.0350,0.2365,0.1650,0.1687,76130.5242,0.0002,10
059003.000440,76411.2232,0.0207,0.0725,0.0331,0.0390,76411.2234,-0.0002,14
059003.000441,76534.5911,0.0211,0.5086,0.0358,0.0415,76534.5912,-0.0001,7
059003.000278,76892.7441,0.0448,0.0773,0.0173,0.0480,76892.7441,0.0000,6
059003.000442,76894.7676,0.0267,0.1181,0.0371,0.0457,76894.7676,-0.0001,8
059003.000279,77822.1226,0.0199,0.1375,0.0344,0.0397,77822.1228,-0.0002,13
059003.000280,78313.1061,0.0168,0.0178,0.0093,0.0192,78313.1065,-0.0004,11
059003.000281,78463.8314,0.0264,0.2109,0.0350,0.0438,78463.8315,-0.0001,16
059003.000282,78694.5779,0.0178,0.3616,0.0303,0.0351,78694.5778,0.0000,15
059003.000283,78889.3057,0.0202,0.0821,0.0319,0.0377,78889.3060,-0.0003,19
059003.000284,79136.2032,0.0184,0.4128,0.0699,0.0723,79136.2032,-0.0000,17
059003.000285,79366.8162,0.0200,0.1931,0.0275,0.0340,79366.8163,-0.0001,14
059003.000443,79377.1111,0.0351,0.4594,0.0356,0.0500,79377.1111,-0.0000,5
059003.000444,79378.5940,0.0182,0.1053,0.0415,0.0453,79378.5937,0.0002,10
059003.000286,79395.6586,0.0217,0.2284,0.0473,0.0520,79395.6587,-0.0001,18
059003.000287,79742.6952,0.0182,-0.0084,0.0065,0.0193,79742.6952,0.0000,7
059003.000288,80164.2269,0.0190,0.0979,0.0251,0.0315,80164.2270,-0.0001,12
059003.000289,80360.8310,0.0193,0.3314,0.0303,0.0359,80360.8310,0.0000,15
059003.000290,80898.0859,0.0212,-0.0004,0.0383,0.0438,80898.0858,0.0001,13
059003.000291,80988.6701,0.0240,0.5460,0.0309,0.0391,80988.6697,0.0003,12
059003.000292,81404.6362,0.0208,0.2469,0.0281,0.0350,81404.6362,-0.0000,15
059003.000445,82082.8423,0.0282,0.2214,0.0411,0.0499,82082.8421,0.0002,11
059003.000633,82084.0828,0.0369,0.2801,0.0360,0.0515,82084.0824,0.0004,9
059003.000293,82492.7467,0.0292,0.0409,0.0289,0.0411,82492.7464,0.0003,9
059003.000294,83026.1653,0.0211,0.0442,0.0214,0.0300,83026.1649,0.0003,9
059003.000641,83426.4618,0.0256,0.0221,0.0350,0.0434,83426.4617,0.0001,7
059003.000295,83426.7417,0.0246,0.1594,0.0331,0.0412,83426.7416,0.0001,10
059003.000296,83607.2947,0.0226,0.4538,0.0330,0.0400,83607.2947,0.0001,15
059003.000297,83703.3830,0.0254,0.4859,0.0455,0.0521,83703.3828,0.0002,11
059003.000446,84151.1549,0.0722,-0.1645,0.1129,0.1340,84151.1547,0.0002,7
059003.000298,84271.0328,0.0285,-0.1534,0.0724,0.0778,84271.0330,-0.0003,8
059003.000447,84410.1383,0.0212,0.0604,0.0217,0.0303,84410.1380,0.0003,11
059003.000299,84410.6992,0.0205,0.3405,0.0727,0.0755,84410.6991,0.0001,17
059003.000300,84430.1281,0.0286,0.1820,0.0359,0.0459,84430.1282,-0.0000,7
059003.000654,84588.8308,0.0259,0.1412,0.0300,0.0397,84588.8305,0.0003,11
059003.000643,84592.2940,0.0278,0.0592,0.0123,0.0304,84592.2939,0.0001,9
059003.000448,84689.7225,0.0558,0.9068,0.1294,0.1409,84689.7225,-0.0000,15
059003.000449,84804.3591,0.0225,0.0244,0.0278,0.0357,84804.3590,0.0001,13
059003.000665,84914.9101,0.0798,0.4862,0.1537,0.1732,84914.9100,0.0001,9
059003.000301,84991.9308,0.0401,0.4915,0.1031,0.1106,84991.9308,0.0000,8
059003.000656,85186.8911,0.0365,0.1689,0.0140,0.0391,85186.8912,-0.0001,10
059003.000302,85306.3414,0.0211,0.1288,0.0238,0.0318,85306.3415,-0.0000,11
059003.000450,85982.6370,0.0610,-0.2331,0.0919,0.1103,85982.6373,-0.0003,9
059003.000676,86012.2049,0.0735,0.0018,0.1348,0.1535,86012.2050,-0.0002,9
059003.000451,86389.9764,0.0638,0.9625,0.0875,0.1083,86389.9761,0.0003,8
059003.000452,86455.3913,0.0704,0.6255,0.1541,0.1695,86455.3913,0.0001,11
059003.000453,86938.7312,0.0240,0.0630,0.0232,0.0335,86938.7314,-0.0002,5
059003.000303,87511.4964,0.0345,0.1908,0.0954,0.1014,87511.4965,-0.0001,18
059003.000454,87726.2936,0.0502,0.9281,0.1416,0.1503,87726.2931,0.0005,9
059003.000660,87829.8352,0.0591,0.2863,0.1437,0.1554,87829.8350,0.0002,10
059003.000304,88209.4945,0.0667,0.9247,0.1103,0.1288,88209.4940,0.0004,10
059003.000305,88947.7469,0.0550,0.6919,0.1406,0.1510,88947.7470,-0.0001,15
059003.000455,89969.4300,0.0981,1.0546,0.1072,0.1453,89969.4301,-0.0002,5
059003.000657,90050.1598,0.0622,0.4656,0.1156,0.1313,90050.1599,-0.0001,8
059003.000306,90119.4807,0.0441,1.0051,0.1045,0.1134,90119.4808,-0.0001,12
059003.000658,90321.3603,0.0389,-0.1721,0.1039,0.1109,90321.3599,0.0004,15
059003.000629,90481.4396,0.0573,0.1356,0.2100,0.2177,90481.4398,-0.0002,16
059003.000307,90629.2283,0.0401,0.2700,0.1564,0.1614,90629.2284,-0.0001,18
059003.000627,91197.8934,0.0664,0.4450,0.1412,0.1561,91197.8933,0.0002,15
059003.000626,92091.7034,0.0525,0.4200,0.1452,0.1545,92091.7032,0.0001,15
059003.000308,92441.6756,0.0302,0.3124,0.1488,0.1518,92441.6754,0.0001,23
059003.000309,92554.8520,0.0469,0.1331,0.0737,0.0874,92554.8519,0.0001,17
059003.000310,93296.5578,0.0493,-0.0701,0.1499,0.1578,93296.5578,-0.0001,14
059003.000311,93967.4416,0.0403,0.2467,0.0569,0.0697,93967.4418,-0.0001,19
059003.000646,94876.8364,0.0638,-0.0063,0.0969,0.1160,94876.8366,-0.0002,13
059003.000659,95003.9182,0.0566,0.2696,0.0705,0.0904,95003.9184,-0.0001,13
059003.000312,95148.0780,0.0343,-0.0506,0.1417,0.1458,95148.0780,-0.0000,20
059003.000313,96830.0493,0.0605,0.5565,0.1339,0.1469,96830.0493,-0.0000,19
059003.000644,97740.4167,0.0507,0.0156,0.0956,0.1082,97740.4166,0.0001,14
059003.000456,99604.9441,0.0522,-0.2396,0.1125,0.1240,99604.9445,-0.0003,8
059003.000457,99938.7391,0.0648,0.9281,0.1251,0.1409,99938.7394,-0.0004,9
059003.000541,100215.1675,0.0178,0.1470,0.0665,0.0688,100215.1675,0.0000,12
059003.000314,100320.8623,0.0155,0.6817,0.0754,0.0770,100320.8623,-0.0000,12
059003.000315,100430.3317,0.0163,0.3825,0.0394,0.0426,100430.3317,-0.0000,12
059003.000316,100624.9766,0.0178,0.4235,0.0440,0.0475,100624.9765,0.0001,7
059003.000317,100788.9848,0.0164,0.3395,0.0350,0.0386,100788.9847,0.0002,11
059003.000318,100947.1790,0.0205,0.3240,0.0338,0.0395,100947.1792,-0.0002,8
059003.000319,101071.4298,0.0210,0.3106,0.0325,0.0387,101071.4301,-0.0003,7
059003.000320,101165.3045,0.0146,0.3575,0.0371,0.0399,101165.3046,-0.0000,12
059003.000321,101446.3420,0.0144,0.2966,0.0315,0.0346,101446.3419,0.0001,12
059003.000322,101665.6036,0.0262,0.2825,0.0300,0.0398,101665.6042,-0.0006,9
059003.000323,101680.3982,0.0186,0.3949,0.0406,0.0447,101680.3984,-0.0002,8
059003.000542,101778.0345,0.0389,0.2824,0.0292,0.0487,101778.0341,0.0005,3
059003.000324,102435.3995,0.0169,0.6504,0.0729,0.0748,102435.3995,-0.0000,14
059003.000325,102484.8107,0.0179,0.1114,0.0664,0.0687,102484.8106,0.0001,13
059003.000326,102617.3101,0.0185,0.3548,0.0371,0.0415,102617.3099,0.0002,11
059003.000327,102830.4697,0.0147,0.3285,0.0338,0.0368,102830.4696,0.0001,14
059003.000328,102981.9050,0.0178,0.3559,0.0374,0.0414,102981.9049,0.0000,12
059003.000329,103308.5721,0.0203,0.3071,0.0324,0.0382,103308.5721,0.0000,6
059003.000330,103335.1066,0.0205,0.2936,0.0304,0.0367,103335.1069,-0.0003,9
059003.000331,103344.3399,0.0149,0.3273,0.0344,0.0375,103344.3401,-0.0001,13
059003.000332,103484.1343,0.0340,0.3675,0.0375,0.0506,103484.1351,-0.0008,6
059003.000333,103805.3790,0.0273,0.3819,0.0390,0.0476,103805.3790,0.0000,7
059003.000334,103895.8997,0.0193,0.2852,0.0297,0.0355,103895.8997,0.0000,8
059003.000543,103973.4183,0.0236,0.2906,0.0306,0.0387,103973.4187,-0.0003,5
059003.000335,104598.7090,0.0213,0.6321,0.0715,0.0746,104598.7088,0.0003,10
059003.000336,104788.8362,0.0204,0.0852,0.0688,0.0717,104788.8363,-0.0002,11
059003.000337,104904.5612,0.0160,0.3121,0.0330,0.0367,104904.5610,0.0002,8
059003.000338,105019.0641,0.0149,0.3315,0.0358,0.0387,105019.0640,0.0001,15
059003.000339,105049.7030,0.0161,0.3394,0.0356,0.0391,105049.7030,-0.0001,11
059003.000544,105191.2852,0.0245,-0.0112,0.0405,0.0473,105191.2852,0.0000,5
059003.000545,105338.3619,0.0313,0.4756,0.0581,0.0660,105338.3612,0.0007,5
059003.000340,105450.2068,0.0189,0.2929,0.0303,0.0357,105450.2073,-0.0005,7
059003.000546,105485.2236,0.0268,0.3506,0.0361,0.0450,105485.2233,0.0003,4
059003.000547,105534.7644,0.0312,0.2214,0.0254,0.0402,105534.7638,0.0005,3
059003.000341,105566.6530,0.0206,0.2903,0.0315,0.0376,105566.6527,0.0003,7
059003.000342,105632.1200,0.0147,0.3266,0.0341,0.0372,105632.1200,0.0000,13
059003.000548,106153.7847,0.0213,0.2835,0.0304,0.0371,106153.7847,0.0000,7
059003.000549,106224.2412,0.0182,0.2852,0.0306,0.0356,106224.2412,0.0001,8
059003.000550,106306.6302,0.0390,0.2014,0.0236,0.0456,106306.6301,0.0002,5
059003.000551,106384.7354,0.0269,0.0813,0.0138,0.0302,106384.7358,-0.0004,3
059003.000552,106394.1101,0.0203,0.3656,0.0394,0.0443,106394.1105,-0.0003,9
059003.000553,106468.5511,0.0311,0.1488,0.0192,0.0366,106468.5510,0.0001,2
059003.000343,106665.0050,0.0249,0.4699,0.0586,0.0637,106665.0051,-0.0001,6
059003.000344,106745.9185,0.0250,-0.0219,0.0475,0.0537,106745.9186,-0.0001,5
059003.000345,107081.7663,0.0194,0.5614,0.0641,0.0670,107081.7663,-0.0000,8
059003.000554,107177.9395,0.0286,0.2542,0.0292,0.0409,107177.9395,0.0001,7
059003.000555,107223.4195,0.0254,0.0551,0.0560,0.0615,107223.4192,0.0002,6
059003.000556,107262.9221,0.0334,0.1381,0.0163,0.0372,107262.9223,-0.0002,5
059003.000346,107299.1862,0.0250,0.1846,0.0236,0.0344,107299.1864,-0.0002,8
059003.000557,107404.0634,0.0238,0.2214,0.0247,0.0344,107404.0633,0.0001,5
059003.000558,107697.1279,0.0211,0.2544,0.0289,0.0358,107697.1280,-0.0001,8
059003.000669,107755.4256,0.0179,0.1834,0.0236,0.0296,107755.4256,-0.0000,12
059003.000347,107854.5461,0.0232,0.2306,0.0259,0.0348,107854.5460,0.0001,12
059003.000559,107978.5931,0.0213,0.2746,0.0292,0.0362,107978.5931,0.0001,5
059003.000625,108117.3876,0.0344,0.1645,0.0192,0.0394,108117.3875,0.0001,5
059003.000348,108559.4951,0.0218,0.2791,0.0303,0.0373,108559.4949,0.0001,10
059003.000560,108574.1022,0.0271,0.2363,0.0259,0.0375,108574.1017,0.0005,8
059003.000349,110295.4037,0.0316,0.3589,0.0371,0.0487,110295.4040,-0.0003,12
059003.000350,110333.6301,0.0281,0.2905,0.0306,0.0415,110333.6301,-0.0000,16
059003.000351,110531.1246,0.0382,0.3900,0.0406,0.0557,110531.1240,0.0006,7
059003.000671,110846.2147,0.0249,0.2205,0.0248,0.0351,110846.2145,0.0002,8
059003.000352,110881.1422,0.0277,0.3053,0.0316,0.0421,110881.1416,0.0006,22
059003.000353,110922.5353,0.0312,0.2644,0.0281,0.0420,110922.5346,0.0006,19
059003.000673,111073.2256,0.0275,0.2654,0.0289,0.0399,111073.2254,0.0002,5
059003.000354,111110.1531,0.0249,0.3526,0.0374,0.0449,111110.1531,0.0000,16
059003.000562,111193.2906,0.0361,0.2519,0.0276,0.0455,111193.2898,0.0007,2
059003.000355,111268.6517,0.0485,0.2318,0.0278,0.0559,111268.6511,0.0006,13
059003.000356,111335.0101,0.0279,0.3825,0.0394,0.0482,111335.0095,0.0007,12
059003.000357,111342.5631,0.0251,0.2328,0.0254,0.0357,111342.5631,0.0000,24
059003.000358,111494.7334,0.0256,0.1844,0.0206,0.0329,111494.7335,-0.0001,19
059003.000458,111518.3217,0.0172,0.4376,0.0506,0.0535,111518.3216,0.0002,10
059003.000668,111600.6783,0.0267,0.1767,0.0192,0.0329,111600.6781,0.0002,6
059003.000459,111728.8918,0.0202,0.3351,0.0394,0.0442,111728.8920,-0.0002,7
059003.000460,111772.7717,0.0440,0.2055,0.0262,0.0512,111772.7716,0.0001,10
059003.000461,111779.2804,0.0567,0.1539,0.0169,0.0591,111779.2799,0.0005,4
059003.000462,111903.0402,0.0413,0.2612,0.0287,0.0503,111903.0397,0.0004,10
059003.000359,111993.0101,0.0193,0.3206,0.0338,0.0389,111993.0100,0.0001,24
059003.000360,112643.2082,0.0206,0.2777,0.0289,0.0355,112643.2080,0.0002,17
059003.000361,112769.7521,0.0198,0.3282,0.0341,0.0395,112769.7518,0.0003,18
059003.000463,112837.4521,0.0191,0.3746,0.0405,0.0448,112837.4523,-0.0001,8
059003.000362,112896.2221,0.0549,0.3394,0.0356,0.0655,112896.2223,-0.0002,11
059003.000363,113023.5471,0.0609,0.3570,0.0361,0.0708,113023.5476,-0.0005,5
059003.000464,113064.7340,0.0171,0.3377,0.0359,0.0398,113064.7344,-0.0004,11
059003.000364,113158.6403,0.0174,0.2948,0.0315,0.0360,113158.6402,0.0001,26
059003.000465,113211.6235,0.0176,0.4139,0.0481,0.0513,113211.6238,-0.0003,13
059003.000466,113225.7199,0.0173,0.3213,0.0381,0.0419,113225.7202,-0.0003,8
059003.000365,113291.8161,0.0219,0.2371,0.0262,0.0342,113291.8161,-0.0000,27
059003.000366,113556.8819,0.0341,0.2681,0.0325,0.0471,113556.8821,-0.0002,15
059003.000367,113600.2571,0.0181,0.3055,0.0325,0.0372,113600.2573,-0.0002,22
059003.000368,113630.9976,0.0184,0.2704,0.0306,0.0357,113630.9978,-0.0001,16
059003.000369,113664.5760,0.0154,0.3699,0.0413,0.0440,113664.5758,0.0002,19
059003.000370,113780.3970,0.0172,0.2846,0.0315,0.0359,113780.3971,-0.0001,25
059003.000371,113823.2130,0.0436,0.2366,0.0289,0.0523,113823.2127,0.0003,9
059003.000372,113833.8017,0.0674,0.3694,0.0394,0.0781,113833.8013,0.0003,7
059003.000563,113854.4395,0.0420,0.5040,0.0877,0.0973,113854.4397,-0.0002,9
059003.000467,113854.8679,0.0184,0.3561,0.0399,0.0439,113854.8675,0.0003,14
059003.000468,113894.7761,0.0188,0.2858,0.0326,0.0377,113894.7762,-0.0001,22
059003.000373,113914.1618,0.0406,0.2213,0.0256,0.0480,113914.1622,-0.0004,19
059003.000374,114725.6538,0.0306,0.3272,0.0340,0.0457,114725.6541,-0.0003,8
059003.000375,114797.1443,0.0184,0.2909,0.0309,0.0360,114797.1443,-0.0000,19
059003.000376,114971.0197,0.1639,0.3420,0.0356,0.1677,114971.0201,-0.0004,2
059003.000469,115094.0713,0.0174,0.3603,0.0399,0.0435,115094.0712,0.0000,12
059003.000470,115176.2060,0.0154,0.3218,0.0338,0.0371,115176.2058,0.0003,13
059003.000471,115218.7012,0.0209,0.3754,0.0439,0.0486,115218.7012,-0.0001,12
059003.000377,115324.5468,0.0244,0.2329,0.0304,0.0390,115324.5471,-0.0004,21
059003.000378,115403.2611,0.0233,0.2833,0.0303,0.0382,115403.2612,-0.0001,21
059003.000379,115408.4663,0.0167,0.3104,0.0325,0.0365,115408.4662,0.0000,20
059003.000380,115420.9883,0.0246,0.2039,0.0333,0.0413,115420.9888,-0.0005,21
059003.000564,115439.7378,0.0599,0.2765,0.0630,0.0870,115439.7374,0.0004,4
059003.000472,115489.8840,0.0176,0.2844,0.0350,0.0392,115489.8838,0.0002,11
059003.000381,115499.6955,0.0268,0.2576,0.0270,0.0380,115499.6959,-0.0004,24
059003.000382,115670.2185,0.0454,0.1785,0.0227,0.0508,115670.2186,-0.0001,9
059003.000383,115672.2864,0.0176,0.3188,0.0338,0.0380,115672.2864,-0.0001,16
059003.000473,115712.3914,0.1924,-0.0602,0.0099,0.1926,115712.3918,-0.0003,5
059003.000384,115800.1676,0.0709,0.1294,0.0319,0.0777,115800.1671,0.0005,20
059003.000474,115881.9625,0.1350,0.1845,0.0225,0.1369,115881.9627,-0.0002,7
059003.000385,115933.2354,0.0222,0.2406,0.0275,0.0353,115933.2353,0.0001,17
059003.000475,115991.0945,0.0970,-0.0645,0.0244,0.1001,115991.0944,0.0002,8
059003.000386,116021.8576,0.0287,0.2310,0.0280,0.0401,116021.8577,-0.0002,20
059003.000630,116074.9710,0.0178,0.3851,0.0617,0.0643,116074.9710,-0.0000,15
059003.000476,116078.6469,0.0176,0.2709,0.0330,0.0374,116078.6469,0.0001,17
059003.000387,116238.9106,0.0198,0.2981,0.0319,0.0375,116238.9107,-0.0001,12
059003.000388,116309.2309,0.0187,0.2227,0.0261,0.0321,116309.2306,0.0003,23
059003.000640,116327.5457,0.1016,0.2438,0.0350,0.1075,116327.5458,-0.0001,10
059003.000389,116453.4419,0.0838,0.1924,0.0236,0.0871,116453.4421,-0.0002,18
059003.000390,116489.7926,0.0290,0.3421,0.0361,0.0463,116489.7925,0.0001,8
059003.000624,116617.2174,0.0356,0.1581,0.0281,0.0454,116617.2177,-0.0003,13
059003.000391,116727.4041,0.0895,0.0906,0.0275,0.0936,116727.4040,0.0001,10
059003.000477,116878.5408,0.1014,0.0431,0.0173,0.1029,116878.5406,0.0002,10
059003.000392,117044.6925,0.0385,0.1505,0.0297,0.0487,117044.6926,-0.0001,19
059003.000393,117248.1529,0.0304,0.1966,0.0227,0.0379,117248.1533,-0.0004,10
059003.000394,117323.2068,0.0981,0.2324,0.0275,0.1019,117323.2068,0.0000,10
059003.000478,117359.6870,0.2158,0.0683,0.0151,0.2164,117359.6872,-0.0002,3
059003.000667,117369.4669,0.0425,0.3106,0.0534,0.0682,117369.4670,-0.0001,6
059003.000479,117375.9218,0.0200,0.3675,0.0450,0.0493,117375.9216,0.0003,11
059003.000480,117385.1273,0.0171,0.2956,0.0316,0.0359,117385.1274,-0.0000,13
059003.000481,117397.7405,0.0170,0.3461,0.0390,0.0425,117397.7410,-0.0005,15
059003.000482,117508.0291,0.0712,0.2036,0.0248,0.0753,117508.0289,0.0002,17
059003.000395,117540.7130,0.0746,0.1226,0.0191,0.0770,117540.7131,-0.0000,11
059003.000396,117574.6350,0.0781,0.2117,0.0247,0.0819,117574.6348,0.0001,13
059003.000398,117593.4536,0.0779,0.0900,0.0200,0.0804,117593.4536,0.0001,12
059003.000397,117647.4060,0.0706,0.1522,0.0210,0.0737,117647.4061,-0.0001,15
059003.000483,117686.6844,0.0768,0.0769,0.0163,0.0785,117686.6845,-0.0000,13
059003.000628,117712.7113,0.0178,0.2948,0.0338,0.0382,117712.7108,0.0005,10
059003.000399,117775.2984,0.0197,0.2535,0.0276,0.0339,117775.2990,-0.0005,14
059003.000655,117889.1983,0.0351,0.4249,0.0591,0.0688,117889.1979,0.0004,9
059003.000400,118063.2192,0.0203,0.2756,0.0300,0.0362,118063.2191,0.0000,8
059003.000484,118069.2522,0.1241,0.1155,0.0219,0.1260,118069.2520,0.0001,11
059003.000401,118081.0797,0.1066,0.1935,0.0248,0.1095,118081.0798,-0.0001,17
059003.000485,118201.7425,0.0957,0.0274,0.0143,0.0968,118201.7427,-0.0002,10
059003.000402,118224.3764,0.0988,0.1485,0.0195,0.1007,118224.3766,-0.0002,8
059003.000403,118271.7233,0.0237,0.1980,0.0234,0.0333,118271.7229,0.0004,17
059003.000675,118292.5852,0.0596,0.3757,0.0506,0.0782,118292.5848,0.0004,7
059003.000404,118318.6366,0.0689,0.1575,0.0210,0.0721,118318.6366,-0.0000,16
059003.000405,118468.9255,0.0668,0.1642,0.0214,0.0702,118468.9255,0.0000,16
059003.000486,118588.8975,0.1039,0.1775,0.0225,0.1063,118588.8972,0.0003,11
059003.000406,118610.9859,0.0228,0.2616,0.0292,0.0371,118610.9860,-0.0001,14
059003.000678,118670.1147,0.0632,0.2940,0.0473,0.0789,118670.1152,-0.0005,5
059003.000487,118860.8246,0.0233,0.1741,0.0219,0.0319,118860.8248,-0.0002,16
059003.000407,118879.1773,0.0478,0.2035,0.0234,0.0532,118879.1767,0.0006,17
059003.000488,118885.0659,0.0424,0.1552,0.0225,0.0480,118885.0657,0.0002,16
059003.000565,118967.5783,0.0305,0.3060,0.0630,0.0700,118967.5784,-0.0001,9
059003.000489,118987.3476,0.0799,0.1525,0.0194,0.0823,118987.3475,0.0001,14
059003.000490,119019.4344,0.1110,0.0941,0.0137,0.1118,119019.4344,0.0000,7
059003.000491,119077.7706,0.1426,0.0735,0.0255,0.1448,119077.7703,0.0003,5
059003.000672,119498.7889,0.0441,0.1461,0.0429,0.0615,119498.7891,-0.0002,7
059003.000650,119552.6577,0.0403,0.3795,0.0674,0.0785,119552.6572,0.0004,9
059003.000634,119809.3584,0.0218,0.2915,0.0385,0.0442,119809.3584,-0.0000,8
059003.000635,119998.5846,0.0190,0.2678,0.0315,0.0368,119998.5847,-0.0001,13
059003.000681,120014.9425,0.0497,0.3026,0.0641,0.0811,120014.9425,0.0000,7
059003.000408,120498.8715,0.1278,0.2210,0.0244,0.1301,120498.8712,0.0002,8
059003.000492,120715.7682,0.0972,0.1269,0.0150,0.0984,120715.7684,-0.0002,6
059003.000684,120805.5125,0.0450,0.0000,0.0000,0.0450,120805.5127,-0.0002,9
059003.000409,121095.4286,0.0885,0.1911,0.0206,0.0909,121095.4284,0.0003,9
059003.000410,121119.4366,0.0272,0.2475,0.0281,0.0391,121119.4367,-0.0001,9
059003.000566,121143.7480,0.0837,0.1925,0.0605,0.1033,121143.7483,-0.0003,4
059003.000411,121382.6484,0.0776,0.1969,0.0214,0.0804,121382.6486,-0.0002,18
059003.000493,121413.2179,0.1155,0.1733,0.0192,0.1171,121413.2178,0.0001,15
059003.000412,121431.2813,0.0732,0.2437,0.0276,0.0782,121431.2813,-0.0000,11
059003.000413,121532.7977,0.0310,0.2159,0.0234,0.0388,121532.7972,0.0005,15
059003.000495,121583.1887,0.1942,0.1568,0.0210,0.1953,121583.1885,0.0002,6
059003.000670,121655.6387,0.0349,0.1856,0.0495,0.0606,121655.6388,-0.0001,6
059003.000494,121673.2912,0.1710,0.1470,0.0184,0.1720,121673.2915,-0.0003,6
059003.000496,122141.9319,0.0479,0.1609,0.0259,0.0544,122141.9326,-0.0008,10
059003.000567,122932.8181,0.0840,0.3429,0.0666,0.1072,122932.8179,0.0002,5
059003.000680,122956.1119,0.0324,0.2489,0.0688,0.0760,122956.1119,-0.0000,4
059003.000679,123577.4758,0.0456,0.2750,0.0522,0.0694,123577.4758,-0.0000,8
059003.000568,124594.5839,0.0665,0.2974,0.0747,0.1000,124594.5837,0.0002,3
059003.000569,125145.3517,0.0945,0.3281,0.0806,0.1242,125145.3522,-0.0004,3
059003.000570,126743.3955,0.0635,0.1980,0.0536,0.0831,126743.3957,-0.0001,7
059003.000683,127453.5931,0.0371,0.2092,0.0450,0.0583,127453.5930,0.0001,7
059003.000414,128214.6184,0.1348,-0.0390,0.0139,0.1355,128214.6184,0.0001,5
059003.000415,128353.0456,0.1261,0.1429,0.0180,0.1273,128353.0455,0.0002,6
059003.000416,128381.9358,0.1265,0.1457,0.0179,0.1278,128381.9354,0.0004,5
059003.000417,128453.4144,0.1310,0.1076,0.0149,0.1318,128453.4141,0.0002,9
059003.000497,128479.5712,0.1551,0.0619,0.0125,0.1556,128479.5711,0.0001,5
059003.000418,128568.8410,0.1093,0.1024,0.0158,0.1104,128568.8413,-0.0003,9
059003.000498,128800.4545,0.1324,0.0275,0.0169,0.1335,128800.4543,0.0002,5
059003.000499,128913.2463,0.0900,0.0569,0.0131,0.0909,128913.2461,0.0002,7
059003.000571,129009.2825,0.0342,0.2634,0.0297,0.0453,129009.2822,0.0003,6
059003.000419,129105.8432,0.0319,0.5299,0.0563,0.0647,129105.8433,-0.0001,7
059003.000572,129185.7837,0.0317,0.2610,0.0416,0.0523,129185.7841,-0.0005,4
059003.000651,129454.4631,0.0216,0.3510,0.0382,0.0439,129454.4634,-0.0003,5
059003.000649,129498.0089,0.0418,0.4042,0.0413,0.0587,129498.0083,0.0006,4
059003.000573,129744.1625,0.0250,0.3184,0.0461,0.0525,129744.1628,-0.0004,6
059003.000652,129877.1649,0.0307,0.2944,0.0312,0.0438,129877.1648,0.0001,4
059003.000574,129934.4894,0.0255,0.3534,0.0371,0.0450,129934.4894,0.0000,7
059003.000575,130218.6892,0.0301,0.3916,0.0406,0.0506,130218.6893,-0.0002,3
059003.000420,131200.1128,0.0233,0.4620,0.0509,0.0560,131200.1129,-0.0001,10
059003.000421,131226.1739,0.0178,0.2340,0.0540,0.0569,131226.1735,0.0004,14
059003.000648,131665.0376,0.0410,0.3534,0.0371,0.0553,131665.0371,0.0004,5
059003.000639,131776.4000,0.0225,0.3240,0.0338,0.0406,131776.3998,0.0002,6
059003.000576,131788.0736,0.0393,0.3543,0.0358,0.0531,131788.0731,0.0005,5
059003.000632,131910.5821,0.0214,0.3190,0.0330,0.0393,131910.5824,-0.0003,6
059003.000577,132070.1740,0.0333,0.3575,0.0374,0.0501,132070.1737,0.0003,5
059003.000500,132415.7504,0.1754,0.0840,0.0324,0.1784,132415.7505,-0.0002,5
059003.000501,132651.7578,0.1480,0.3884,0.0406,0.1535,132651.7573,0.0004,6
059003.000502,132783.3642,0.1350,0.3975,0.0413,0.1412,132783.3641,0.0001,6
059003.000503,132876.5359,0.1466,0.1225,0.0411,0.1522,132876.5361,-0.0001,8
059003.000638,132903.3075,0.1063,0.1226,0.0405,0.1137,132903.3073,0.0002,6
059003.000623,132958.1347,0.1099,0.0901,0.0341,0.1151,132958.1345,0.0002,7
059003.000504,133037.6480,0.2144,0.3740,0.0385,0.2179,133037.6484,-0.0004,4
059003.000424,133078.2428,0.1519,0.3863,0.0544,0.1613,133078.2430,-0.0002,5
059003.000505,133150.8857,0.1249,0.3721,0.0390,0.1309,133150.8859,-0.0002,5
059003.000422,133194.3961,0.2271,0.4314,0.0446,0.2314,133194.3953,0.0008,2
059003.000423,133242.3142,0.2231,0.4346,0.0451,0.2276,133242.3140,0.0002,1
059003.000506,133307.4310,0.1460,0.3296,0.0360,0.1504,133307.4313,-0.0003,3
059003.000507,133370.5040,0.0992,0.3369,0.0357,0.1055,133370.5041,-0.0001,7
059003.000425,133373.1143,0.0353,0.4059,0.0425,0.0552,133373.1144,-0.0001,5
059003.000426,133392.8318,0.0246,0.4842,0.0520,0.0575,133392.8319,-0.0001,11
059003.000427,133503.8426,0.0219,0.2131,0.0550,0.0592,133503.8423,0.0002,12
059003.000508,133511.6839,0.1341,0.1924,0.0382,0.1394,133511.6841,-0.0002,8
059003.000509,133566.6347,0.2142,0.3561,0.0371,0.2174,133566.6346,0.0001,3
059003.000510,133594.9687,0.1263,0.2896,0.0306,0.1299,133594.9687,0.0000,6
059003.000637,133624.4911,0.1497,0.1838,0.0394,0.1548,133624.4914,-0.0003,5
059003.000511,133650.2405,0.0388,0.3868,0.0406,0.0562,133650.2402,0.0003,3
059003.000662,133945.4057,0.0231,0.3337,0.0356,0.0425,133945.4058,-0.0001,5
059003.000512,134001.4746,0.2356,0.2272,0.0292,0.2374,134001.4746,-0.0000,5
059003.000663,134004.0992,0.0209,0.3299,0.0341,0.0400,134004.0993,-0.0001,7
059003.000514,134069.6177,0.1772,0.3107,0.0330,0.1802,134069.6176,0.0001,5
059003.000636,134074.3409,0.0824,0.3263,0.0375,0.0906,134074.3408,0.0001,6
059003.000516,134163.4336,0.1876,0.0945,0.0236,0.1890,134163.4334,0.0003,5
059003.000515,134163.5822,0.1740,0.0967,0.0203,0.1752,134163.5820,0.0002,3
059003.000517,134220.4074,0.1525,0.3559,0.0374,0.1571,134220.4072,0.0002,6
059003.000579,134402.2800,0.0261,0.2925,0.0309,0.0404,134402.2802,-0.0002,4
059003.000580,134403.2587,0.0251,0.2516,0.0275,0.0373,134403.2587,0.0000,6
059003.000581,134405.6327,0.0273,0.2407,0.0259,0.0376,134405.6324,0.0002,4
059003.000578,134407.0793,0.0245,0.2805,0.0303,0.0389,134407.0794,-0.0002,5
059003.000582,134426.1704,0.0271,0.1908,0.0219,0.0348,134426.1702,0.0002,5
059003.000666,134427.7948,0.0234,0.1946,0.0214,0.0317,134427.7948,-0.0000,4
059003.000583,134428.8814,0.0309,0.3348,0.0341,0.0460,134428.8811,0.0003,3
059003.000584,134433.6366,0.0227,0.3412,0.0356,0.0422,134433.6362,0.0005,4
059003.000585,134454.4969,0.0517,0.1375,0.0194,0.0552,134454.4964,0.0005,2
059003.000586,134454.9931,0.0282,0.1461,0.0175,0.0332,134454.9926,0.0005,2
059003.000587,134480.3926,0.0590,0.0799,0.0199,0.0622,134480.3918,0.0008,2
059003.000588,134480.9869,0.0285,0.0994,0.0169,0.0331,134480.9868,0.0001,4
059003.000589,134488.7605,0.0489,0.0585,0.0203,0.0529,134488.7604,0.0001,2
059003.000590,134492.8866,0.0473,0.3863,0.0394,0.0616,134492.8858,0.0008,1
059003.000591,134496.2616,0.0577,0.3889,0.0404,0.0705,134496.2626,-0.0010,1
059003.000518,134502.5533,0.2044,0.3825,0.0394,0.2081,134502.5536,-0.0003,4
059003.000664,134696.6958,0.0214,0.2869,0.0304,0.0372,134696.6959,-0.0001,6
059003.000519,134868.6780,0.1616,0.1969,0.0367,0.1658,134868.6780,-0.0001,5
059003.000520,134932.4147,0.1616,0.1744,0.0315,0.1647,134932.4149,-0.0001,5
059003.000428,135445.1448,0.0539,0.3290,0.0490,0.0728,135445.1445,0.0002,9
059003.000429,135868.5462,0.0262,0.4106,0.0450,0.0521,135868.5457,0.0005,9
059003.000521,135896.7978,0.1237,0.2777,0.0289,0.1270,135896.7977,0.0002,3
059003.000522,135926.9749,0.2445,0.3315,0.0341,0.2469,135926.9746,0.0002,3
059003.000677,136033.7117,0.1666,0.2171,0.0236,0.1683,136033.7116,0.0001,5
059003.000523,136034.2305,0.0377,0.3394,0.0356,0.0519,136034.2309,-0.0004,5
059003.000524,136111.0434,0.2503,0.3570,0.0361,0.2529,136111.0441,-0.0007,3
059003.000525,136326.5484,0.1644,0.1531,0.0359,0.1682,136326.5487,-0.0003,3
059003.000526,136435.1831,0.1400,0.1631,0.0362,0.1446,136435.1834,-0.0003,4
059003.000527,136485.3906,0.2170,0.3071,0.0325,0.2194,136485.3910,-0.0004,6
059003.000592,136555.1361,0.0254,0.2697,0.0292,0.0388,136555.1361,0.0000,2
059003.000593,136555.6326,0.0206,0.2640,0.0275,0.0344,136555.6324,0.0002,5
059003.000594,136558.1581,0.0217,0.2893,0.0309,0.0377,136558.1576,0.0004,5
059003.000595,136559.7387,0.0211,0.2963,0.0319,0.0382,136559.7383,0.0004,3
059003.000596,136570.9846,0.0167,0.2338,0.0261,0.0310,136570.9849,-0.0003,6
059003.000597,136572.3588,0.0184,0.2363,0.0259,0.0318,136572.3590,-0.0002,7
059003.000598,136589.3741,0.0583,0.3251,0.0340,0.0675,136589.3745,-0.0004,2
059003.000599,136589.5707,0.0229,0.3225,0.0338,0.0408,136589.5707,0.0000,3
059003.000601,136596.8199,0.0189,0.2126,0.0236,0.0303,136596.8198,0.0001,5
059003.000528,136606.8511,0.1924,0.3656,0.0375,0.1960,136606.8510,0.0001,4
059003.000602,136620.1807,0.0435,0.1944,0.0238,0.0496,136620.1810,-0.0003,4
059003.000600,136638.6347,0.0217,0.1951,0.0227,0.0314,136638.6344,0.0003,3
059003.000603,136641.9239,0.0601,0.1819,0.0231,0.0644,136641.9240,-0.0000,2
059003.000529,136643.5930,0.2995,0.2419,0.0270,0.3007,136643.5927,0.0003,2
059003.000605,136649.4711,0.0666,0.3563,0.0356,0.0755,136649.4714,-0.0003,1
059003.000606,136650.8323,0.0687,0.3549,0.0361,0.0776,136650.8324,-0.0001,2
059003.000604,136728.8911,0.0390,0.1894,0.0244,0.0460,136728.8910,0.0001,3
059003.000661,136902.7984,0.0234,0.2612,0.0275,0.0361,136902.7988,-0.0004,7
059003.000530,137960.6696,0.0371,0.3251,0.0340,0.0503,137960.6689,0.0007,4
059003.000531,138035.2958,0.1861,0.2876,0.0309,0.1886,138035.2959,-0.0001,4
059003.000532,138077.9366,0.0430,0.3420,0.0356,0.0559,138077.9369,-0.0003,2
059003.000533,138342.7870,0.2115,0.3039,0.0325,0.2140,138342.7867,0.0002,3
059003.000534,138410.8779,0.3159,0.2888,0.0303,0.3173,138410.8780,-0.0001,4
059003.000535,138445.6673,0.2482,0.2565,0.0270,0.2497,138445.6674,-0.0001,3
059003.000608,138788.0354,0.0193,0.2831,0.0300,0.0357,138788.0354,-0.0000,5
059003.000607,138788.6592,0.0168,0.2762,0.0292,0.0337,138788.6595,-0.0004,7
059003.000609,138794.6724,0.0200,0.2850,0.0300,0.0360,138794.6724,-0.0000,4
059003.000610,138796.5858,0.0258,0.2954,0.0297,0.0394,138796.5861,-0.0003,4
059003.000611,138799.5093,0.0218,0.2535,0.0260,0.0340,138799.5091,0.0002,4
059003.000612,138800.0067,0.0208,0.2544,0.0275,0.0345,138800.0068,-0.0000,5
059003.000613,138822.3222,0.0309,0.2396,0.0259,0.0403,138822.3227,-0.0005,4
059003.000614,138822.5344,0.0262,0.2406,0.0261,0.0370,138822.5338,0.0005,5
059003.000615,138827.7789,0.0406,0.3159,0.0333,0.0525,138827.7796,-0.0006,2
059003.000616,138833.6396,0.0561,0.3124,0.0319,0.0645,138833.6393,0.0003,2
059003.000536,138840.1181,0.3154,0.2392,0.0275,0.3166,138840.1185,-0.0004,3
059003.000617,138871.2114,0.0287,0.2329,0.0248,0.0379,138871.2118,-0.0004,4
059003.000618,138875.0094,0.0257,0.2319,0.0254,0.0361,138875.0097,-0.0003,4
059003.000619,138883.8735,0.0301,0.2356,0.0256,0.0395,138883.8734,0.0002,3
059003.000620,138889.0947,0.1661,0.3386,0.0341,0.1696,138889.0954,-0.0008,1
059003.000621,138895.9884,0.0370,0.3373,0.0356,0.0514,138895.9882,0.0002,3
059003.000537,138900.5129,0.2023,0.3000,0.0319,0.2048,138900.5126,0.0004,3
059003.000538,139081.5498,0.0388,0.3421,0.0361,0.0530,139081.5506,-0.0008,4
059003.000682,141110.5794,0.2373,0.1620,0.0214,0.2383,141110.5790,0.0005,5
059003.000622,141440.9470,0.0253,0.2306,0.0262,0.0364,141440.9472,-0.0003,2
