level_id,is_new_level,new_star,note,J,parity,E_input,E_final,dE,n_old,n_new,n_tot,d,n_pred,n_top10,top10_found,pattern_C,pattern_V,n_acc_below_noise,p_spur_decoys,p_spur_pattern,p_spur,question_status,reason
059003.000001,0,0,,9/2,o,0.0,0.0,0.0,18,3,21,0.0,18,10,10,0.999,1.0,5,,,,,
059003.000031,0,0,,11/2,o,1398.34,1398.3446,0.0046,20,1,21,0.097,21,10,10,0.998,1.0,4,,,,,
059003.000032,0,0,,13/2,o,2893.14,2893.1434,0.0034,18,0,18,0.061,18,10,10,1.0,1.0,1,,,,,
059003.000033,0,0,,15/2,o,4453.76,4453.7598,-0.0002,12,0,12,-0.002,10,10,10,1.0,1.0,2,,,,,
059003.000034,0,0,,3/2,o,9370.66,9370.6522,-0.0078,11,2,13,-0.101,16,10,8,0.759,0.781,3,,,,,
059003.000035,0,0,,9/2,o,10032.92,10032.9215,0.0015,20,1,21,0.031,24,10,9,0.96,0.974,3,,,,,
059003.000036,0,0,,5/2,o,10138.18,10138.1717,-0.0083,24,1,25,-0.209,24,10,10,0.952,0.968,5,,,,,
059003.000037,0,0,,7/2,o,10859.06,10859.055,-0.005,25,0,25,-0.125,25,10,10,0.976,0.983,4,,,,,
059003.000038,0,0,,3/2,o,10950.24,10950.2427,0.0027,15,2,17,0.046,18,10,9,0.954,0.966,2,,,,,
059003.000039,0,0,,9/2,o,11761.69,11761.6888,-0.0012,19,0,19,-0.023,20,10,9,0.949,0.965,3,,,,,
059003.000040,0,0,,11/2,o,12494.63,12494.6275,-0.0025,14,0,14,-0.034,16,10,10,0.993,0.998,1,,,,,
059003.000043,0,0,,7/2,o,13887.6,13887.5972,-0.0028,20,1,21,-0.058,26,10,8,0.897,0.922,3,,,,,
059003.000044,0,0,,5/2,o,14187.35,14187.337,-0.013,10,1,11,-0.143,14,10,8,0.971,1.0,3,,,,,
059003.000048,0,0,,7/2,o,15443.48,15443.4762,-0.0038,13,0,13,-0.05,17,10,8,0.931,0.968,2,,,,,
059003.000051,0,0,,9/2,o,15705.13,15705.1306,0.0006,14,0,14,0.008,18,10,10,0.974,1.0,1,,,,,
059003.000052,0,0,,13/2,o,16089.14,16089.1243,-0.0157,11,0,11,-0.173,12,10,10,0.997,1.0,1,,,,,
059003.000055,0,0,,9/2,o,16763.98,16763.9798,-0.0002,11,0,11,-0.003,16,10,9,0.955,0.999,1,,,,,
059003.000056,0,0,,3/2,o,17095.63,17095.637,0.007,9,0,9,0.063,10,10,6,0.833,0.923,3,,,,,
059003.000058,0,0,,11/2,o,17409.58,17409.5727,-0.0073,7,0,7,-0.051,11,10,5,0.954,0.985,2,,,,,
059003.000061,0,0,,15/2,o,17642.06,17642.0473,-0.0127,7,0,7,-0.089,6,6,6,1.0,1.0,1,,,,,
059003.000065,0,0,,1/2,o,18693.65,18693.6342,-0.0158,9,0,9,-0.142,8,8,7,0.944,0.988,2,,,,,
059003.000068,0,0,,5/2,o,19046.09,19046.0982,0.0082,12,0,12,0.098,14,10,8,0.922,0.967,2,,,,,
059003.000077,0,0,,3/2,o,20856.86,20856.8509,-0.0091,8,0,8,-0.073,8,8,5,0.957,1.0,3,,,,,
059003.000090,0,0,,3/2,o,23091.7,23091.6933,-0.0067,9,1,10,-0.067,12,10,8,0.954,1.0,2,,,,,
059003.000092,0,0,,5/2,o,23245.99,23245.9911,0.0011,11,0,11,0.012,12,10,8,0.934,0.972,3,,,,,
059003.000094,0,0,,1/2,o,23465.43,23465.4087,-0.0213,3,0,3,-0.064,6,6,3,0.953,1.0,0,,,,,
059003.000103,0,0,,11/2,o,24357.98,24357.9696,-0.0104,9,0,9,-0.094,12,10,8,0.993,1.0,1,,,,,
059003.000107,0,0,,7/2,o,24886.51,24886.5298,0.0198,7,0,7,0.139,10,10,5,0.988,1.0,2,,,,,
059003.000109,0,0,,15/2,o,25244.61,25244.6338,0.0238,5,0,5,0.119,5,5,4,0.999,1.0,1,,,,,
059003.000110,0,0,,13/2,o,25391.75,25391.7419,-0.0081,6,0,6,-0.048,9,9,5,0.966,1.0,1,,,,,
059003.000116,0,0,,17/2,o,26447.88,26447.8901,0.0101,3,0,3,0.03,3,3,3,1.0,1.0,0,,,,,
059003.000117,0,0,,3/2,o,26921.49,26921.474,-0.016,8,0,8,-0.128,10,10,8,0.993,1.0,0,,,,,
059003.000118,0,0,,9/2,o,26979.66,26979.7129,0.0529,2,0,2,0.106,10,10,2,0.184,0.303,0,,,,,
059003.000122,0,0,,5/2,o,27597.13,27597.1232,-0.0068,8,0,8,-0.055,12,10,7,0.845,0.908,1,,,,,
059003.000124,0,0,,11/2,o,28101.77,28101.7797,0.0097,6,1,7,0.068,8,8,6,0.981,0.995,1,,,,,
059003.000430,0,1,?,5/2,o,30602.83,30602.8397,0.0097,0,2,2,0.019,9,9,2,0.111,0.178,0,0.0,0.657,0.146,retained,no reason to clear
059003.000136,0,0,,7/2,o,31787.93,31787.9158,-0.0142,4,0,4,-0.057,10,10,4,0.913,0.992,0,,,,,
059003.000169,0,0,,9/2,o,39225.6,39225.5961,-0.0039,8,0,8,-0.032,9,9,4,0.295,0.346,4,,,,,
059003.000174,0,0,,7/2,o,39940.72,39940.7289,0.0089,10,0,10,0.089,7,7,3,0.616,0.911,7,,,,,
059003.000193,0,0,,7/2,o,53092.8,53092.7976,-0.0024,7,0,7,-0.017,3,3,2,0.821,0.869,5,,,,,
059003.000194,0,0,,7/2,o,58158.08,58158.0575,-0.0225,28,1,29,-0.652,16,10,9,0.984,0.985,16,,,,,
059003.000195,0,0,,9/2,o,58174.15,58174.1626,0.0126,25,1,26,0.328,12,10,9,0.981,0.987,17,,,,,
059003.000196,0,0,,9/2,o,60166.2,60166.1782,-0.0218,34,5,39,-0.85,17,10,10,0.986,0.988,25,,,,,
059003.000197,0,0,,11/2,o,60419.73,60419.7106,-0.0194,36,2,38,-0.737,19,10,10,0.999,1.0,21,,,,,
059003.000198,0,0,,7/2,o,60520.32,60520.3138,-0.0062,20,2,22,-0.136,7,7,7,1.0,1.0,15,,,,,
059003.000199,0,0,,9/2,o,61357.04,61357.0261,-0.0139,34,0,34,-0.473,8,8,8,1.0,1.0,26,,,,,
059003.000200,0,0,,7/2,o,61605.66,61605.6653,0.0053,27,1,28,0.148,10,10,10,1.0,1.0,18,,,,,
059003.000201,0,0,,5/2,o,61717.98,61717.9836,0.0036,20,0,20,0.072,5,5,5,1.0,1.0,15,,,,,
059003.000202,0,0,,9/2,o,62062.63,62062.6442,0.0142,21,2,23,0.327,5,5,4,1.0,1.0,19,,,,,
059003.000203,0,0,,11/2,o,62240.83,62240.8158,-0.0142,40,0,40,-0.568,16,10,10,0.985,0.987,26,,,,,
059003.000204,0,0,,9/2,o,62535.62,62535.6155,-0.0045,13,0,13,-0.059,7,7,6,0.938,0.941,7,,,,,
059003.000205,0,0,,11/2,o,62558.67,62558.6585,-0.0115,46,1,47,-0.539,21,10,10,0.999,1.0,28,,,,,
059003.000206,0,0,,13/2,o,62678.7,62678.694,-0.006,31,0,31,-0.188,14,10,10,0.997,0.998,19,,,,,
059003.000207,0,0,,3/2,o,63221.28,63221.2737,-0.0063,21,0,21,-0.133,7,7,5,0.827,0.867,16,,,,,
059003.000208,0,0,,7/2,o,63232.14,63232.1522,0.0122,19,1,20,0.245,11,10,9,0.783,0.824,11,,,,,
059003.000209,0,0,,5/2,o,63576.27,63576.2586,-0.0114,22,0,22,-0.252,7,7,7,1.0,1.0,15,,,,,
059003.000210,0,0,,9/2,o,63593.35,63593.3366,-0.0134,36,0,36,-0.484,11,10,8,0.99,1.0,28,,,,,
059003.000211,0,0,,7/2,o,63768.66,63768.6465,-0.0135,38,2,40,-0.54,13,10,10,1.0,1.0,27,,,,,
059003.000212,0,0,,11/2,o,63816.91,63816.8931,-0.0169,36,1,37,-0.626,16,10,9,0.857,0.861,22,,,,,
059003.000213,0,0,,11/2,o,64150.94,64150.912,-0.028,27,0,27,-0.755,9,9,8,0.995,1.0,19,,,,,
059003.000214,0,0,,13/2,o,64215.45,64215.4179,-0.0321,25,0,25,-0.804,12,10,9,0.984,0.984,15,,,,,
059003.000215,0,0,,9/2,o,64235.61,64235.6201,0.0101,31,1,32,0.323,10,10,8,0.805,0.82,24,,,,,
059003.000216,0,0,,5/2,o,64401.03,64401.034,0.004,27,1,28,0.113,10,10,8,0.94,0.966,20,,,,,
059003.000217,0,0,,5/2,o,64817.53,64817.5263,-0.0037,17,0,17,-0.063,5,5,4,0.868,0.925,13,,,,,
059003.000218,0,0,,9/2,o,64857.15,64857.1253,-0.0247,31,2,33,-0.816,19,10,10,0.968,0.976,17,,,,,
059003.000219,0,0,,11/2,o,64865.15,64865.143,-0.007,27,0,27,-0.188,9,9,8,0.531,0.533,19,,,,,
059003.000220,0,0,,7/2,o,64979.55,64979.5174,-0.0326,25,0,25,-0.815,8,8,7,0.999,1.0,18,,,,,
059003.000431,1,1,N,3/2,o,65073.26,65073.166,-0.094,0,1,1,-0.094,1,1,1,1.0,1.0,0,0.0,0.362,0.16,retained,no reason to clear
059003.000221,0,0,,7/2,o,65295.9,65295.8821,-0.0179,33,0,33,-0.59,10,10,10,1.0,1.0,23,,,,,
059003.000432,1,1,N,3/2,o,65765.17,65765.1694,-0.0006,0,3,3,-0.002,3,3,1,0.344,0.57,2,0.0,0.267,0.001,,
059003.000222,0,0,,5/2,o,65909.44,65909.4334,-0.0066,13,0,13,-0.086,3,3,3,1.0,1.0,10,,,,,
059003.000223,0,0,,11/2,o,65922.42,65922.3862,-0.0338,37,0,37,-1.249,14,10,10,0.99,0.992,24,,,,,
059003.000224,0,0,,7/2,o,65935.25,65935.2114,-0.0386,24,1,25,-0.965,9,9,7,0.942,0.981,18,,,,,
059003.000225,0,0,,13/2,o,65967.15,65967.1277,-0.0223,14,3,17,-0.379,10,10,7,0.819,0.843,10,,,,,
059003.000226,0,0,,13/2,o,66148.4,66148.3461,-0.0539,24,4,28,-1.51,7,7,6,0.963,0.971,22,,,,,
059003.000227,0,0,,15/2,o,66301.35,66301.3322,-0.0178,11,1,12,-0.213,8,8,8,1.0,1.0,4,,,,,
059003.000228,0,1,,1/2,o,66324.84,66324.8476,0.0076,2,3,5,0.038,1,1,1,1.0,1.0,4,0.0,0.007,0.0,,
059003.000229,0,0,,5/2,o,66681.14,66681.1154,-0.0246,22,2,24,-0.59,7,7,5,0.637,0.658,19,,,,,
059003.000230,0,0,,13/2,o,66735.88,66735.8478,-0.0322,21,0,21,-0.676,9,9,8,0.731,0.735,13,,,,,
059003.000231,0,0,,7/2,o,66852.87,66852.858,-0.012,24,2,26,-0.311,11,10,8,0.97,0.984,17,,,,,
059003.000232,0,0,,3/2,o,66867.09,66867.0911,0.0011,12,0,12,0.014,3,3,2,0.946,1.0,10,,,,,
059003.000233,0,0,,5/2,o,66943.04,66942.9913,-0.0487,15,0,15,-0.73,3,3,2,0.5,0.635,13,,,,,
059003.000234,0,0,,9/2,o,67049.18,67049.1634,-0.0166,35,0,35,-0.581,8,8,5,0.675,0.809,30,,,,,
059003.000235,0,0,,7/2,o,67240.35,67240.3348,-0.0152,23,0,23,-0.349,5,5,4,0.916,0.948,19,,,,,
059003.000236,0,0,,5/2,o,67395.32,67395.3003,-0.0197,23,0,23,-0.453,6,6,5,0.906,0.91,18,,,,,
059003.000237,0,0,,9/2,o,67398.79,67398.7985,0.0085,18,1,19,0.162,12,10,4,0.658,0.838,15,,,,,
059003.000238,0,0,,7/2,o,67679.21,67679.2135,0.0035,27,0,27,0.093,9,9,7,0.982,0.986,20,,,,,
059003.000239,0,0,,9/2,o,67870.76,67870.7324,-0.0276,27,4,31,-0.855,14,10,9,0.836,0.853,19,,,,,
059003.000240,0,0,,3/2,o,67965.47,67965.4445,-0.0255,16,2,18,-0.46,6,6,5,0.997,1.0,13,,,,,
059003.000241,0,0,,11/2,o,68238.12,68238.1085,-0.0115,11,0,11,-0.126,4,4,4,1.0,1.0,7,,,,,
059003.000242,0,0,,15/2,o,68305.1,68305.1538,0.0538,4,0,4,0.215,6,6,4,0.305,0.316,0,,,,,
059003.000433,1,1,N,5/2,o,68331.68,68331.6599,-0.0201,1,4,5,-0.101,8,8,2,0.357,0.514,3,0.0,0.049,0.003,,
059003.000243,0,0,,7/2,o,68331.75,68331.6957,-0.0543,30,1,31,-1.683,6,6,5,0.856,0.883,26,,,,,
059003.000244,0,0,,9/2,o,68374.54,68374.5328,-0.0072,31,0,31,-0.223,10,10,8,0.892,0.946,23,,,,,
059003.000245,0,0,,7/2,o,68492.43,68492.4548,0.0248,27,0,27,0.671,6,6,4,0.97,1.0,23,,,,,
059003.000246,0,0,,11/2,o,68525.62,68525.609,-0.011,21,2,23,-0.253,6,6,5,0.894,0.913,18,,,,,
059003.000247,0,0,,9/2,o,68544.19,68544.1719,-0.0181,23,0,23,-0.416,8,8,5,0.723,0.799,18,,,,,
059003.000434,1,0,N,3/2,o,68556.35,68556.35,0.0,0,0,0,0.0,0,0,0,,,0,,,,,
059003.000435,1,1,N,5/2,o,68676.55,68676.5408,-0.0092,0,1,1,-0.009,2,2,0,0.0,0.0,1,0.0,0.854,0.553,retained,no reason to clear
059003.000248,0,0,,7/2,o,68801.67,68801.6538,-0.0162,29,1,30,-0.486,9,9,9,1.0,1.0,21,,,,,
059003.000249,0,0,,5/2,o,68978.55,68978.536,-0.014,22,1,23,-0.322,9,9,8,0.998,1.0,15,,,,,
059003.000250,0,0,,7/2,o,68987.07,68987.0493,-0.0207,26,3,29,-0.601,3,3,3,1.0,1.0,26,,,,,
059003.000251,0,0,,9/2,o,69138.28,69138.2487,-0.0313,31,0,31,-0.972,9,9,8,0.958,0.96,23,,,,,
059003.000252,0,0,,11/2,o,69408.51,69408.4714,-0.0386,12,0,12,-0.463,7,7,5,0.886,0.959,7,,,,,
059003.000253,0,0,,7/2,o,69431.0,69430.9637,-0.0363,22,0,22,-0.8,2,2,2,1.0,1.0,20,,,,,
059003.000254,0,0,,5/2,o,69681.6,69681.5741,-0.0259,5,0,5,-0.13,5,5,4,0.721,0.773,1,,,,,
059003.000255,0,0,,9/2,o,69686.26,69686.2275,-0.0325,24,0,24,-0.781,6,6,6,1.0,1.0,18,,,,,
059003.000256,0,0,,11/2,o,69978.08,69978.0476,-0.0324,15,1,16,-0.519,4,4,4,1.0,1.0,12,,,,,
059003.000257,0,0,,13/2,o,70381.48,70381.4769,-0.0031,12,0,12,-0.037,5,5,5,1.0,1.0,7,,,,,
059003.000258,0,0,,9/2,o,71021.1,71021.106,0.006,11,1,12,0.072,4,4,4,1.0,1.0,8,,,,,
059003.000259,0,0,,7/2,o,71385.6,71385.5706,-0.0294,9,0,9,-0.265,5,5,5,1.0,1.0,4,,,,,
059003.000260,0,0,,3/2,o,71501.0,71500.9801,-0.0199,9,0,9,-0.179,2,2,2,1.0,1.0,7,,,,,
059003.000261,0,0,,5/2,o,71536.38,71536.3514,-0.0286,17,0,17,-0.487,7,7,6,0.975,0.977,11,,,,,
059003.000262,0,0,,9/2,o,71592.34,71592.3334,-0.0066,16,2,18,-0.119,8,8,6,0.959,0.993,12,,,,,
059003.000263,0,0,,11/2,o,71736.45,71736.3953,-0.0547,18,1,19,-1.039,11,10,8,0.864,0.871,10,,,,,
059003.000264,0,0,,7/2,o,71978.52,71978.5042,-0.0158,23,0,23,-0.363,6,6,6,1.0,1.0,17,,,,,
059003.000265,0,0,,5/2,o,71994.81,71994.7997,-0.0103,16,0,16,-0.165,3,3,3,1.0,1.0,13,,,,,
059003.000266,0,0,,9/2,o,73029.9,73029.9478,0.0478,11,1,12,0.573,1,1,1,1.0,1.0,11,,,,,
059003.000267,0,0,,7/2,o,73378.42,73378.3868,-0.0332,10,0,10,-0.332,1,1,1,1.0,1.0,9,,,,,
059003.000268,0,0,,9/2,o,73606.17,73606.1316,-0.0384,6,3,9,-0.346,3,3,1,0.567,1.0,8,,,,,
059003.000269,0,0,,11/2,o,73609.1,73609.1235,0.0235,9,0,9,0.212,5,5,4,0.863,0.948,5,,,,,
059003.000270,0,0,,5/2,o,74105.2,74105.1939,-0.0061,13,0,13,-0.08,2,2,1,0.419,0.722,12,,,,,
059003.000436,1,1,N,7/2,o,74619.63,74619.5188,-0.1112,0,1,1,-0.111,2,2,0,0.0,0.0,1,0.0,0.854,0.67,removed,strong missing transitions are masked by nearby stronger lines
059003.000271,0,0,,3/2,o,74463.7,74463.7088,0.0088,8,0,8,0.07,0,0,0,,,8,,,,,
059003.000437,1,1,N,9/2,o,74696.2,74696.2503,0.0503,0,3,3,0.151,2,2,2,1.0,1.0,1,0.0,0.047,0.013,,
059003.000272,0,0,,7/2,o,75294.0,75293.9851,-0.0149,12,0,12,-0.179,2,2,1,0.71,1.0,11,,,,,
059003.000273,0,0,,3/2,o,75409.58,75409.5722,-0.0078,16,2,18,-0.141,1,1,1,1.0,1.0,17,,,,,
059003.000274,0,0,,5/2,o,75560.75,75560.7172,-0.0328,12,1,13,-0.426,2,2,1,0.387,0.632,12,,,,,
059003.000275,0,0,,5/2,o,75614.81,75614.7957,-0.0143,17,0,17,-0.242,5,5,5,1.0,1.0,12,,,,,
059003.000276,0,0,,11/2,o,75640.0,75639.9606,-0.0394,11,1,12,-0.473,3,3,1,0.534,1.0,11,,,,,
059003.000277,0,0,,9/2,o,75762.23,75762.2024,-0.0276,9,0,9,-0.248,0,0,0,,,9,,,,,
059003.000438,1,1,N,7/2,o,75982.8,75982.9044,0.1044,0,3,3,0.313,3,3,1,0.152,0.245,2,0.0,0.315,0.199,removed,strong missing transitions are masked by nearby stronger lines
059003.000439,1,1,N,11/2,o,76130.52,76130.3706,-0.1494,0,3,3,-0.448,6,6,3,0.749,0.881,0,0.0,0.072,0.057,,
059003.000440,1,1,N,5/2,o,76411.04,76411.0132,-0.0268,0,2,2,-0.054,4,4,0,0.0,0.0,2,0.0,0.68,0.277,retained,no reason to clear
059003.000441,1,1,N,13/2,o,76534.72,76534.7037,-0.0163,0,1,1,-0.016,4,4,1,0.16,0.248,0,0.0,0.841,0.553,removed,strong missing transitions are masked by nearby stronger lines
059003.000278,0,0,,3/2,o,76892.4,76892.4634,0.0634,4,0,4,0.254,3,3,3,1.0,1.0,1,,,,,
059003.000442,1,0,N,9/2,o,76894.56,76894.56,0.0,0,0,0,0.0,2,2,0,0.0,0.0,0,,,,,
059003.000279,0,0,,5/2,o,77822.0,77821.9535,-0.0465,11,0,11,-0.512,2,2,1,0.787,1.0,10,,,,,
059003.000280,0,0,,1/2,o,78312.91,78312.8424,-0.0676,7,0,7,-0.473,1,1,1,1.0,1.0,6,,,,,
059003.000281,0,0,,7/2,o,78463.6,78463.6454,0.0454,13,1,14,0.636,5,5,5,1.0,1.0,9,,,,,
059003.000282,0,0,,11/2,o,78694.57,78694.5569,-0.0131,12,0,12,-0.157,6,6,5,0.773,0.798,7,,,,,
059003.000283,0,0,,3/2,o,78889.14,78889.1252,-0.0148,14,0,14,-0.207,1,1,0,0.0,0.0,14,,,,,
059003.000284,0,0,,13/2,o,79136.23,79136.2114,-0.0186,14,0,14,-0.26,5,5,5,1.0,1.0,9,,,,,
059003.000285,0,0,,5/2,o,79366.65,79366.6532,0.0032,12,0,12,0.038,3,3,3,1.0,1.0,9,,,,,
059003.000443,1,1,N,15/2,o,79377.15,79377.1369,-0.0131,0,2,2,-0.026,2,2,1,0.212,0.27,1,0.0,0.657,0.174,removed,strong missing transitions are masked by nearby stronger lines
059003.000444,1,0,N,1/2,o,79378.38,79378.38,0.0,0,0,0,0.0,2,2,0,0.0,0.0,0,,,,,
059003.000286,0,0,,7/2,o,79395.55,79395.5113,-0.0387,11,0,11,-0.426,3,3,3,1.0,1.0,8,,,,,
059003.000287,0,0,,1/2,o,79742.36,79742.3949,0.0349,6,0,6,0.209,1,1,1,1.0,1.0,5,,,,,
059003.000288,0,0,,3/2,o,80164.04,80164.0253,-0.0147,9,0,9,-0.132,2,2,2,1.0,1.0,7,,,,,
059003.000289,0,0,,11/2,o,80360.82,80360.8061,-0.0139,12,0,12,-0.166,5,5,4,0.871,0.915,8,,,,,
059003.000290,0,0,,3/2,o,80897.85,80897.8433,-0.0067,8,0,8,-0.053,1,1,1,1.0,1.0,7,,,,,
059003.000291,0,0,,13/2,o,80988.76,80988.7504,-0.0096,11,0,11,-0.106,3,3,3,1.0,1.0,8,,,,,
059003.000292,0,0,,5/2,o,81404.52,81404.5241,0.0041,12,0,12,0.049,3,3,3,1.0,1.0,9,,,,,
059003.000445,1,1,N,7/2,o,82082.7,82082.9816,0.2816,0,3,3,0.845,2,2,0,0.0,0.0,3,0.0,0.338,0.431,removed,strong missing transitions are masked by nearby stronger lines
059003.000293,0,0,,3/2,o,82492.4,82492.326,-0.074,2,1,3,-0.222,0,0,0,,,3,,,,,
059003.000294,0,0,,3/2,o,83025.91,83025.899,-0.011,8,0,8,-0.088,0,0,0,,,8,,,,,
059003.000295,0,0,,5/2,o,83426.55,83426.561,0.011,5,0,5,0.055,1,1,1,1.0,1.0,4,,,,,
059003.000296,0,0,,11/2,o,83607.32,83607.3341,0.0141,11,1,12,0.169,4,4,4,1.0,1.0,8,,,,,
059003.000297,0,0,,13/2,o,83703.43,83703.4237,-0.0063,10,0,10,-0.063,3,3,2,0.854,1.0,8,,,,,
059003.000446,1,0,N,7/2,o,84150.65,84150.65,0.0,0,0,0,0.0,1,1,0,0.0,0.0,0,,,,,
059003.000447,1,1,N,3/2,o,84270.44,84270.5732,0.1332,0,3,3,0.4,2,2,1,0.459,0.849,2,0.0,0.072,0.051,,
059003.000298,0,0,,3/2,o,84409.93,84409.9127,-0.0173,7,0,7,-0.121,1,1,0,0.0,0.0,7,,,,,
059003.000299,0,0,,9/2,o,84410.63,84410.6757,0.0457,11,0,11,0.503,3,3,1,0.625,1.0,10,,,,,
059003.000300,0,0,,7/2,o,84430.98,84429.9046,-1.0754,4,1,5,-5.377,2,2,1,0.937,1.0,4,,,,,
059003.000448,1,1,N,9/2,o,84690.2,84690.3399,0.1399,0,2,2,0.28,3,3,1,0.581,1.0,1,0.0,0.171,0.107,removed,strong missing transitions are masked by nearby stronger lines
059003.000449,1,1,N,3/2,o,84804.11,84804.1486,0.0386,0,2,2,0.077,1,1,1,1.0,1.0,1,0.0,0.171,0.046,,
059003.000301,0,0,,15/2,o,84992.04,84992.0403,0.0003,6,0,6,0.002,3,3,2,0.974,1.0,4,,,,,
059003.000302,0,0,,5/2,o,85306.1,85306.1589,0.0589,8,0,8,0.471,4,4,4,1.0,1.0,4,,,,,
059003.000450,1,0,N,5/2,o,85981.65,85981.65,0.0,0,0,0,0.0,2,2,0,0.0,0.0,0,,,,,
059003.000451,1,1,N,7/2,o,86390.45,86390.6256,0.1756,0,1,1,0.176,2,2,0,0.0,0.0,1,0.0,0.854,0.693,removed,strong missing transitions are masked by nearby stronger lines
059003.000452,1,0,N,9/2,o,86455.75,86455.75,0.0,0,0,0,0.0,1,1,0,0.0,0.0,0,,,,,
059003.000453,1,1,N,3/2,o,86938.55,86938.4382,-0.1118,0,1,1,-0.112,2,2,1,0.475,0.904,0,0.0,0.362,0.165,removed,strong missing transitions are masked by nearby stronger lines
059003.000303,0,0,,7/2,o,87511.6,87511.5986,-0.0014,10,0,10,-0.014,2,2,1,0.561,1.0,9,,,,,
059003.000454,1,1,N,11/2,o,87726.9,87726.4219,-0.4781,0,1,1,-0.478,1,1,0,0.0,0.0,1,0.0,0.854,0.741,removed,strong missing transitions are masked by nearby stronger lines
059003.000304,0,0,N,9/2,o,88210.1,88210.1,0.0,0,0,0,0.0,4,4,0,0.0,0.0,0,,,,,
059003.000305,0,0,,9/2,o,88948.6,88948.5407,-0.0593,3,0,3,-0.178,3,3,2,0.996,1.0,1,,,,,
059003.000455,1,1,N,13/2,o,89969.42,89969.4202,0.0002,0,1,1,0.0,2,2,0,0.0,0.0,1,0.0,0.854,0.42,retained,no reason to clear
059003.000306,0,0,,11/2,o,90119.8,90119.9307,0.1307,11,0,11,1.438,2,2,1,0.994,1.0,10,,,,,
059003.000307,0,0,,9/2,o,90629.2,90629.2414,0.0414,9,1,10,0.414,2,2,0,0.0,0.0,10,,,,,
059003.000308,0,0,,7/2,o,92441.7,92441.7287,0.0287,12,0,12,0.344,2,2,0,0.0,0.0,12,,,,,
059003.000309,0,0,?,5/2,o,92554.8,92554.6583,-0.1417,15,0,15,-2.125,1,1,1,1.0,1.0,14,,,,,
059003.000310,0,0,,11/2,o,93296.5,93296.4748,-0.0252,5,0,5,-0.126,0,0,0,,,5,,,,,
059003.000311,0,0,,7/2,o,93967.4,93967.2787,-0.1213,9,0,9,-1.091,2,2,1,0.872,1.0,8,,,,,
059003.000312,0,0,,9/2,o,95147.9,95147.6917,-0.2083,12,0,12,-2.5,3,3,1,0.994,1.0,11,,,,,
059003.000313,0,0,,7/2,o,96830.5,96830.3934,-0.1066,10,0,10,-1.066,1,1,1,1.0,1.0,9,,,,,
059003.000456,1,1,N,9/2,o,99681.9,99681.5822,-0.3178,0,1,1,-0.318,2,2,0,0.0,0.0,1,0.0,0.854,0.722,removed,strong missing transitions are masked by nearby stronger lines
059003.000457,1,0,,11/2,o,99938.5,99938.5,0.0,0,0,0,0.0,2,2,0,0.0,0.0,0,,,,,
059003.000349,0,1,,11/2,o,110295.2,110295.2355,0.0355,1,2,3,0.106,10,10,1,0.028,0.054,2,0.0,0.338,0.085,,
059003.000350,0,0,,7/2,o,110333.55,110333.6719,0.1219,9,1,10,1.219,10,10,1,0.066,0.201,9,,,,,
059003.000351,0,0,,13/2,o,110530.96,110530.959,-0.001,1,1,2,-0.002,6,6,1,0.117,0.174,1,,,,,
059003.000352,0,0,,11/2,o,110880.92,110881.127,0.207,8,2,10,2.07,7,7,3,0.344,0.43,7,,,,,
059003.000353,0,0,,9/2,o,110922.18,110922.4081,0.2281,8,1,9,2.053,9,9,3,0.748,1.0,6,,,,,
059003.000354,0,0,,13/2,o,111109.95,111110.3112,0.3612,6,0,6,2.167,7,7,0,0.0,0.0,6,,,,,
059003.000355,0,0,,3/2,o,111268.6,111268.8496,0.2496,8,2,10,2.496,5,5,2,0.516,0.906,8,,,,,
059003.000356,0,0,,15/2,o,111334.87,111335.124,0.254,3,2,5,1.27,7,7,2,0.124,0.187,3,,,,,
059003.000357,0,0,,7/2,o,111342.43,111342.5536,0.1236,11,3,14,1.731,7,7,3,0.704,0.866,11,,,,,
059003.000358,0,0,,5/2,o,111494.56,111494.6747,0.1147,11,2,13,1.491,9,9,2,0.154,0.271,11,,,,,
059003.000458,1,1,N,9/2,o,111518.34,111518.3902,0.0502,0,3,3,0.151,8,8,3,0.466,0.688,0,0.0,0.072,0.02,,
059003.000459,1,1,N,7/2,o,111728.91,111728.8637,-0.0463,0,2,2,-0.093,9,9,2,0.324,0.617,0,0.0,0.243,0.079,,
059003.000460,1,1,N,3/2,o,111772.91,111772.7231,-0.1869,0,3,3,-0.561,5,5,3,0.792,0.898,0,0.0,0.072,0.07,,
059003.000461,1,1,N,1/2,o,111779.59,111779.7592,0.1692,0,1,1,0.169,2,2,0,0.0,0.0,1,0.0,0.854,0.691,retained,no reason to clear
059003.000462,1,0,N,5/2,o,111902.78,111902.78,0.0,0,0,0,0.0,9,9,0,0.0,0.0,0,,,,,
059003.000359,0,0,,9/2,o,111992.97,111993.008,0.038,7,6,13,0.495,10,10,5,0.301,0.338,8,,,,,
059003.000360,0,0,,11/2,o,112643.09,112643.1807,0.0907,5,4,9,0.816,9,9,4,0.226,0.251,5,,,,,
059003.000361,0,0,,13/2,o,112769.67,112769.7615,0.0915,6,3,9,0.824,9,9,3,0.096,0.117,6,,,,,
059003.000463,1,1,N,9/2,o,112837.43,112837.4457,0.0157,0,5,5,0.079,14,10,5,0.767,1.0,0,0.0,0.007,0.0,,
059003.000362,0,0,,15/2,o,112896.3,112896.4781,0.1781,5,0,5,0.89,6,6,0,0.0,0.0,5,,,,,
059003.000363,0,0,,17/2,o,113023.5,113023.5034,0.0034,1,0,1,0.003,5,5,0,0.0,0.0,1,,,,,
059003.000464,1,1,N,7/2,o,113064.69,113064.6874,-0.0026,0,6,6,-0.016,11,10,6,0.83,0.931,0,0.0,0.0,0.0,,
059003.000364,0,0,,9/2,o,113158.53,113158.568,0.038,7,2,9,0.342,13,10,2,0.151,0.258,7,,,,,
059003.000465,1,1,N,11/2,o,113211.64,113211.6569,0.0169,0,8,8,0.135,13,10,7,0.961,1.0,1,0.0,0.016,0.0,,
059003.000466,1,1,N,5/2,o,113225.66,113225.6936,0.0336,0,4,4,0.134,8,8,4,0.776,0.926,0,0.0,0.04,0.005,,
059003.000365,0,0,,7/2,o,113291.67,113291.7312,0.0612,16,3,19,1.163,9,9,4,0.684,0.864,15,,,,,
059003.000366,0,0,,5/2,o,113556.8,113556.9041,0.1041,9,1,10,1.041,8,8,3,0.78,0.924,7,,,,,
059003.000367,0,0,,13/2,o,113600.13,113600.2869,0.1569,8,4,12,1.883,11,10,4,0.538,0.701,8,,,,,
059003.000368,0,0,,7/2,o,113630.9,113630.9255,0.0255,6,3,9,0.23,11,10,3,0.191,0.262,6,,,,,
059003.000369,0,1,,11/2,o,113664.57,113664.583,0.013,3,5,8,0.104,15,10,3,0.236,0.355,4,0.0,0.109,0.002,,
059003.000370,0,0,,9/2,o,113780.27,113780.3561,0.0861,12,3,15,1.292,12,10,2,0.187,0.592,13,,,,,
059003.000371,0,0,,3/2,o,113825.5,113825.5472,0.0472,1,1,2,0.094,2,2,1,0.289,0.407,1,,,,,
059003.000372,0,0,,15/2,o,113833.9,113833.9418,0.0418,3,1,4,0.167,9,9,3,0.612,0.837,1,,,,,
059003.000467,1,1,N,11/2,o,113854.85,113854.8505,0.0005,0,6,6,0.003,15,10,5,0.41,0.498,0,0.0,0.0,0.0,,
059003.000468,1,0,N,9/2,o,113894.44,113894.44,0.0,0,0,0,0.0,12,10,0,0.0,0.0,0,,,,,
059003.000373,0,0,,5/2,o,113914.16,113914.1496,-0.0104,9,2,11,-0.114,4,4,1,0.243,0.653,10,,,,,
059003.000374,0,1,,17/2,o,114725.6,114725.744,0.144,0,3,3,0.432,5,5,1,0.035,0.063,2,0.0,0.338,0.276,removed,strong missing transitions are masked by nearby stronger lines
059003.000375,0,0,,13/2,o,114797.12,114797.157,0.037,5,4,9,0.333,11,10,4,0.191,0.226,5,,,,,
059003.000376,0,1,,19/2,o,114970.95,114970.9505,0.0005,0,1,1,0.0,4,4,1,0.018,0.023,0,0.0,0.854,0.443,retained,no reason to clear
059003.000469,1,1,N,11/2,o,115094.1,115094.0728,-0.0272,0,5,5,-0.136,13,10,4,0.356,0.416,0,0.0,0.049,0.004,,
059003.000470,1,1,N,9/2,o,115176.16,115176.1546,-0.0054,0,5,5,-0.027,10,10,4,0.489,0.624,1,0.0,0.011,0.0,,
059003.000471,1,1,N,13/2,o,115218.75,115218.7325,-0.0175,0,5,5,-0.087,14,10,5,0.888,1.0,0,0.0,0.007,0.0,,
059003.000377,0,0,,9/2,o,115324.47,115324.437,-0.033,14,1,15,-0.494,10,10,1,0.082,0.396,14,,,,,
059003.000378,0,0,,11/2,o,115403.34,115403.481,0.141,10,1,11,1.551,10,10,1,0.104,0.223,10,,,,,
059003.000379,0,0,,13/2,o,115408.39,115408.4635,0.0735,8,5,13,0.955,14,10,4,0.217,0.294,8,,,,,
059003.000380,0,0,,7/2,o,115420.8,115420.8912,0.0912,11,2,13,1.185,5,5,3,0.803,0.86,10,,,,,
059003.000472,1,1,N,7/2,o,115489.74,115489.7928,0.0528,0,6,6,0.317,10,10,5,0.861,0.954,1,0.0,0.0,0.0,,
059003.000381,0,0,,9/2,o,115499.67,115499.6915,0.0215,14,5,19,0.409,12,10,5,0.24,0.278,14,,,,,
059003.000382,0,0,,7/2,o,115670.0,115670.0244,0.0244,6,1,7,0.171,7,7,0,0.0,0.0,7,,,,,
059003.000383,0,0,,15/2,o,115672.26,115672.3738,0.1138,5,4,9,1.024,11,10,4,0.195,0.222,5,,,,,
059003.000473,1,0,N,1/2,o,115712.03,115712.03,0.0,0,0,0,0.0,0,0,0,,,0,,,,,
059003.000384,0,0,,5/2,o,115800.17,115799.833,-0.337,9,1,10,-3.37,4,4,1,0.243,0.491,9,,,,,
059003.000474,1,0,N,9/2,o,115881.55,115881.55,0.0,0,0,0,0.0,5,5,0,0.0,0.0,0,,,,,
059003.000385,0,0,,11/2,o,115933.14,115933.1886,0.0486,9,3,12,0.583,11,10,4,0.658,0.909,8,,,,,
059003.000475,1,0,N,3/2,o,115990.73,115990.73,0.0,0,0,0,0.0,1,1,0,0.0,0.0,0,,,,,
059003.000386,0,0,,7/2,o,116021.78,116021.9551,0.1751,11,1,12,2.101,7,7,1,0.731,1.0,11,,,,,
059003.000476,1,1,N,11/2,o,116078.6,116078.5788,-0.0212,0,4,4,-0.085,11,10,4,0.369,0.507,0,0.0,0.232,0.023,,
059003.000387,0,0,,15/2,o,116238.71,116238.8571,0.1471,4,1,5,0.735,12,10,2,0.309,0.444,3,,,,,
059003.000388,0,0,,11/2,o,116309.14,116309.3346,0.1946,13,0,13,2.53,8,8,0,0.0,0.0,13,,,,,
059003.000389,0,0,,9/2,o,116453.2,116453.2665,0.0665,10,0,10,0.665,6,6,0,0.0,0.0,10,,,,,
059003.000390,0,1,,17/2,o,116489.75,116489.7719,0.0219,1,3,4,0.088,6,6,3,0.268,0.288,1,0.0,0.277,0.03,,
059003.000391,0,0,,5/2,o,116727.1,116727.0432,-0.0568,7,0,7,-0.397,6,6,0,0.0,0.0,7,,,,,
059003.000477,1,1,N,3/2,o,116777.55,116777.5564,0.0064,0,1,1,0.006,1,1,1,1.0,1.0,0,0.0,0.362,0.101,retained,no reason to clear
059003.000392,0,0,,7/2,o,117044.6,117044.8024,0.2024,9,0,9,1.822,9,9,0,0.0,0.0,9,,,,,
059003.000393,0,0,,13/2,o,117248.2,117248.0509,-0.1491,6,1,7,-1.043,6,6,0,0.0,0.0,7,,,,,
059003.000394,0,0,,11/2,o,117323.1,117322.9899,-0.1101,8,0,8,-0.881,13,10,0,0.0,0.0,8,,,,,
059003.000478,1,0,N,1/2,o,117359.3,117359.3,0.0,0,0,0,0.0,0,0,0,,,0,,,,,
059003.000479,1,1,N,15/2,o,117376.01,117375.9092,-0.1008,0,4,4,-0.403,6,6,4,0.969,1.0,0,0.0,0.04,0.02,,
059003.000480,1,1,N,11/2,o,117385.1,117385.0582,-0.0418,0,5,5,-0.209,14,10,5,0.813,0.945,0,0.0,0.007,0.001,,
059003.000481,1,1,N,13/2,o,117397.8,117397.7274,-0.0726,0,8,8,-0.58,11,10,7,0.961,1.0,1,0.0,0.016,0.004,,
059003.000482,1,0,N,9/2,o,117507.88,117507.88,0.0,0,0,0,0.0,6,6,0,0.0,0.0,0,,,,,
059003.000395,0,0,,3/2,o,117540.5,117540.5245,0.0245,5,0,5,0.123,0,0,0,,,5,,,,,
059003.000396,0,0,,11/2,o,117574.5,117574.5765,0.0765,7,0,7,0.536,5,5,0,0.0,0.0,7,,,,,
059003.000483,1,0,N,5/2,o,117592.2,117592.2,0.0,0,0,0,0.0,1,1,0,0.0,0.0,0,,,,,
059003.000397,0,0,,7/2,o,117647.2,117647.2509,0.0509,6,0,6,0.305,4,4,0,0.0,0.0,6,,,,,
059003.000398,0,0,,5/2,o,117686.4,117686.4368,0.0368,10,0,10,0.368,1,1,0,0.0,0.0,10,,,,,
059003.000399,0,0,,13/2,o,117775.3,117775.23,-0.07,6,2,8,-0.56,7,7,2,0.111,0.126,6,,,,,
059003.000400,0,1,,15/2,o,118063.0,118063.2972,0.2972,0,4,4,1.189,7,7,3,0.047,0.049,1,0.0,0.298,0.446,retained,no reason to clear
059003.000484,1,0,N,7/2,o,118069.2,118069.2,-0.0,0,0,0,-0.0,5,5,0,0.0,0.0,0,,,,,
059003.000401,0,0,,9/2,o,118081.1,118081.0759,-0.0241,10,0,10,-0.241,5,5,1,0.896,1.0,9,,,,,
059003.000402,0,0,,3/2,o,118201.4,118201.3892,-0.0108,7,0,7,-0.076,0,0,0,,,7,,,,,
059003.000485,1,1,N,3/2,o,118224.13,118224.5563,0.4263,0,1,1,0.426,0,0,0,,,1,0.0,0.598,0.414,retained,no theoretical predictions (pattern check not applicable)
059003.000403,0,0,,11/2,o,118271.6,118271.629,0.029,9,1,10,0.29,8,8,3,0.85,0.933,7,,,,,
059003.000404,0,0,,7/2,o,118318.6,118318.5821,-0.0179,8,0,8,-0.144,1,1,0,0.0,0.0,8,,,,,
059003.000405,0,0,,9/2,o,118468.8,118468.8632,0.0632,9,0,9,0.569,5,5,0,0.0,0.0,9,,,,,
059003.000486,1,0,N,5/2,o,118588.65,118588.65,0.0,0,0,0,0.0,1,1,0,0.0,0.0,0,,,,,
059003.000406,0,0,,13/2,o,118610.9,118610.9123,0.0123,4,1,5,0.062,7,7,2,0.342,0.56,3,,,,,
059003.000487,1,0,N,7/2,o,118860.77,118860.77,0.0,0,0,0,0.0,1,1,0,0.0,0.0,0,,,,,
059003.000407,0,0,,11/2,o,118879.3,118879.0213,-0.2787,5,1,6,-1.672,3,3,1,0.199,0.268,5,,,,,
059003.000488,1,0,N,9/2,o,118885.4,118885.4,-0.0,0,0,0,-0.0,4,4,0,0.0,0.0,0,,,,,
059003.000489,1,0,N,5/2,o,118987.0,118987.0,0.0,0,0,0,0.0,0,0,0,,,0,,,,,
059003.000490,1,0,N,1/2,o,119019.05,119019.05,0.0,0,0,0,0.0,0,0,0,,,0,,,,,
059003.000491,1,0,N,3/2,o,119077.25,119077.25,0.0,0,0,0,0.0,1,1,0,0.0,0.0,0,,,,,
059003.000408,0,0,,13/2,o,120498.7,120498.6368,-0.0632,1,0,1,-0.063,3,3,0,0.0,0.0,1,,,,,
059003.000492,1,0,N,5/2,o,120715.55,120715.55,0.0,0,0,0,0.0,0,0,0,,,0,,,,,
059003.000409,0,0,,11/2,o,121095.2,121095.3543,0.1543,3,0,3,0.463,3,3,1,0.908,1.0,2,,,,,
059003.000410,0,0,,15/2,o,121119.2,121119.3726,0.1726,2,1,3,0.518,2,2,0,0.0,0.0,3,,,,,
059003.000411,0,0,,9/2,o,121382.6,121382.6198,0.0198,8,0,8,0.158,1,1,0,0.0,0.0,8,,,,,
059003.000493,1,0,N,7/2,o,121411.77,121411.77,0.0,0,0,0,0.0,0,0,0,,,0,,,,,
059003.000412,0,0,,13/2,o,121431.2,121431.1971,-0.0029,5,0,5,-0.015,2,2,0,0.0,0.0,5,,,,,
059003.000413,0,0,,11/2,o,121532.5,121532.5847,0.0847,11,0,11,0.932,2,2,0,0.0,0.0,11,,,,,
059003.000494,1,0,N,7/2,o,121580.9,121580.9,0.0,0,0,0,0.0,0,0,0,,,0,,,,,
059003.000495,1,0,N,3/2,o,121582.6,121582.6,0.0,0,0,0,0.0,0,0,0,,,0,,,,,
059003.000496,1,0,N,9/2,o,122141.46,122141.46,0.0,0,0,0,0.0,1,1,0,0.0,0.0,0,,,,,
059003.000414,0,0,,3/2,o,128214.2,128214.1145,-0.0855,1,0,1,-0.085,0,0,0,,,1,,,,,
059003.000415,0,0,,9/2,o,128352.8,128352.7564,-0.0436,2,0,2,-0.087,1,1,0,0.0,0.0,2,,,,,
059003.000416,0,0,,11/2,o,128381.6,128381.6,0.0,0,0,0,0.0,1,1,0,0.0,0.0,0,,,,,
059003.000417,0,0,,7/2,o,128453.2,128453.0807,-0.1193,5,0,5,-0.596,0,0,0,,,5,,,,,
059003.000497,1,0,N,5/2,o,128479.6,128479.6,0.0,0,0,0,0.0,0,0,0,,,0,,,,,
059003.000418,0,0,,9/2,o,128568.6,128568.9701,0.3701,5,0,5,1.85,1,1,0,0.0,0.0,5,,,,,
059003.000498,1,0,N,5/2,o,128800.05,128800.05,0.0,0,0,0,0.0,0,0,0,,,0,,,,,
059003.000499,1,0,N,7/2,o,128912.95,128912.95,0.0,0,0,0,0.0,0,0,0,,,0,,,,,
059003.000500,1,0,N,7/2,o,132415.6,132415.6,0.0,0,0,0,0.0,0,0,0,,,0,,,,,
059003.000501,1,0,N,13/2,o,132651.7,132651.7,0.0,0,0,0,0.0,0,0,0,,,0,,,,,
059003.000502,1,0,N,15/2,o,132783.0,132783.0,0.0,0,0,0,0.0,1,1,0,0.0,0.0,0,,,,,
059003.000503,1,1,N,7/2,o,132958.22,132958.3757,0.1557,0,1,1,0.156,0,0,0,,,1,0.0,0.598,0.358,retained,no theoretical predictions (pattern check not applicable)
059003.000504,1,0,N,11/2,o,133037.3,133037.3,0.0,0,0,0,0.0,0,0,0,,,0,,,,,
059003.000505,1,0,N,13/2,o,133150.95,133150.95,0.0,0,0,0,0.0,0,0,0,,,0,,,,,
059003.000422,0,0,,17/2,o,133194.3,133194.3,0.0,0,0,0,0.0,1,1,0,0.0,0.0,0,,,,,
059003.000423,0,0,,19/2,o,133242.3,133242.3,0.0,0,0,0,0.0,1,1,0,0.0,0.0,0,,,,,
059003.000506,1,0,N,9/2,o,133306.9,133306.9,0.0,0,0,0,0.0,0,0,0,,,0,,,,,
059003.000424,0,0,,15/2,o,133352.2,133352.3468,0.1468,1,0,1,0.147,0,0,0,,,1,,,,,
059003.000507,1,0,N,11/2,o,133370.49,133370.49,0.0,0,0,0,0.0,0,0,0,,,0,,,,,
059003.000425,0,0,,17/2,o,133373.0,133373.0963,0.0963,1,0,1,0.096,0,0,0,,,1,,,,,
059003.000508,1,0,,9/2,o,133511.58,133511.58,0.0,0,0,0,0.0,0,0,0,,,0,,,,,
059003.000509,1,0,N,11/2,o,133566.52,133566.52,0.0,0,0,0,0.0,0,0,0,,,0,,,,,
059003.000510,1,0,N,7/2,o,133594.97,133594.97,0.0,0,0,0,0.0,0,0,0,,,0,,,,,
059003.000511,1,0,N,13/2,o,133650.5,133650.5,0.0,0,0,0,0.0,0,0,0,,,0,,,,,
059003.000512,1,0,N,9/2,o,134001.32,134001.32,0.0,0,0,0,0.0,0,0,0,,,0,,,,,
059003.000513,1,0,N,11/2,o,134007.65,134007.65,0.0,0,0,0,0.0,1,1,0,0.0,0.0,0,,,,,
059003.000514,1,0,N,11/2,o,134069.5,134069.5,0.0,0,0,0,0.0,0,0,0,,,0,,,,,
059003.000515,1,0,N,9/2,o,134163.18,134163.18,0.0,0,0,0,0.0,0,0,0,,,0,,,,,
059003.000516,1,0,N,7/2,o,134163.33,134163.33,0.0,0,0,0,0.0,0,0,0,,,0,,,,,
059003.000517,1,0,N,13/2,o,134220.3,134220.3,0.0,0,0,0,0.0,0,0,0,,,0,,,,,
059003.000518,1,0,N,15/2,o,134375.6,134375.6,0.0,0,0,0,0.0,0,0,0,,,0,,,,,
059003.000519,1,0,N,7/2,o,134868.82,134868.82,0.0,0,0,0,0.0,0,0,0,,,0,,,,,
059003.000520,1,0,N,9/2,o,134932.15,134932.15,0.0,0,0,0,0.0,0,0,0,,,0,,,,,
059003.000521,1,0,N,11/2,o,135896.6,135896.6,0.0,0,0,0,0.0,0,0,0,,,0,,,,,
059003.000522,1,0,N,13/2,o,135927.0,135927.0,0.0,0,0,0,0.0,0,0,0,,,0,,,,,
059003.000523,1,0,N,15/2,o,136034.02,136034.02,0.0,0,0,0,0.0,0,0,0,,,0,,,,,
059003.000524,1,0,N,17/2,o,136111.0,136111.0,0.0,0,0,0,0.0,0,0,0,,,0,,,,,
059003.000525,1,0,N,7/2,o,136326.7,136326.7,0.0,0,0,0,0.0,0,0,0,,,0,,,,,
059003.000526,1,0,N,5/2,o,136435.34,136435.34,0.0,0,0,0,0.0,0,0,0,,,0,,,,,
059003.000527,1,0,N,13/2,o,136485.6,136485.6,0.0,0,0,0,0.0,0,0,0,,,0,,,,,
059003.000528,1,0,N,15/2,o,136606.4,136606.4,0.0,0,0,0,0.0,0,0,0,,,0,,,,,
059003.000529,1,0,N,9/2,o,136643.4,136643.4,0.0,0,0,0,0.0,0,0,0,,,0,,,,,
059003.000530,1,0,N,17/2,o,137960.61,137960.61,0.0,0,0,0,0.0,0,0,0,,,0,,,,,
059003.000531,1,0,N,13/2,o,138034.95,138034.95,0.0,0,0,0,0.0,0,0,0,,,0,,,,,
059003.000532,1,0,N,19/2,o,138077.8,138077.8,0.0,0,0,0,0.0,0,0,0,,,0,,,,,
059003.000533,1,0,N,13/2,o,138342.75,138342.75,0.0,0,0,0,0.0,0,0,0,,,0,,,,,
059003.000534,1,0,N,11/2,o,138410.5,138410.5,0.0,0,0,0,0.0,0,0,0,,,0,,,,,
059003.000535,1,0,N,9/2,o,138445.3,138445.3,0.0,0,0,0,0.0,0,0,0,,,0,,,,,
059003.000536,1,0,N,11/2,o,138839.85,138839.85,0.0,0,0,0,0.0,0,0,0,,,0,,,,,
059003.000537,1,0,N,15/2,o,138900.4,138900.4,0.0,0,0,0,0.0,0,0,0,,,0,,,,,
059003.000538,1,0,N,17/2,o,139081.4,139081.4,0.0,0,0,0,0.0,0,0,0,,,0,,,,,
059003.000041,0,0,,9/2,e,12846.66,12846.6614,0.0014,24,1,25,0.035,21,10,7,0.914,0.95,12,,,,,
059003.000042,0,0,,11/2,e,13352.1,13352.1014,0.0014,17,1,18,0.024,14,10,7,0.927,0.947,10,,,,,
059003.000045,0,0,,9/2,e,14558.82,14558.823,0.003,29,2,31,0.092,20,10,6,0.729,0.793,19,,,,,
059003.000046,0,0,,11/2,e,14859.96,14859.9775,0.0175,36,0,36,0.63,20,10,8,0.916,0.932,22,,,,,
059003.000047,0,0,,5/2,e,15045.8,15045.8499,0.0499,17,0,17,0.848,7,7,3,0.767,0.837,14,,,,,
059003.000049,0,0,,13/2,e,15454.16,15454.1719,0.0119,15,0,15,0.178,13,10,7,0.913,0.938,7,,,,,
059003.000050,0,0,,11/2,e,15525.5,15525.5018,0.0018,28,0,28,0.05,16,10,8,0.788,0.816,16,,,,,
059003.000053,0,0,,7/2,e,16135.97,16135.9529,-0.0171,21,2,23,-0.394,12,10,8,0.937,0.991,15,,,,,
059003.000054,0,0,,7/2,e,16516.15,16516.1771,0.0271,25,0,25,0.677,10,10,8,0.943,0.977,17,,,,,
059003.000057,0,0,,13/2,e,17113.19,17113.1894,-0.0006,21,1,22,-0.014,14,10,7,0.67,0.696,12,,,,,
059003.000059,0,0,,15/2,e,17534.76,17534.7582,-0.0018,10,0,10,-0.018,11,10,8,0.933,0.94,1,,,,,
059003.000060,0,0,,9/2,e,17627.0,17626.9941,-0.0059,35,0,35,-0.208,13,10,8,0.957,0.994,26,,,,,
059003.000062,0,0,,9/2,e,18063.36,18063.3734,0.0134,37,0,37,0.495,14,10,9,0.958,0.98,25,,,,,
059003.000063,0,0,,5/2,e,18211.76,18211.7856,0.0256,27,3,30,0.769,14,10,5,0.818,0.885,22,,,,,
059003.000064,0,0,,11/2,e,18241.54,18241.5432,0.0032,41,0,41,0.13,11,10,8,0.912,0.949,33,,,,,
059003.000066,0,0,,15/2,e,18921.24,18921.2445,0.0045,10,0,10,0.045,9,9,6,0.689,0.71,4,,,,,
059003.000067,0,0,,7/2,e,18990.08,18990.0772,-0.0028,15,0,15,-0.042,10,10,6,0.91,0.97,9,,,,,
059003.000069,0,0,,11/2,e,19308.93,19308.9374,0.0074,27,0,27,0.199,14,10,6,0.743,0.806,19,,,,,
059003.000070,0,0,,13/2,e,19360.1,19360.0972,-0.0028,27,0,27,-0.075,12,10,7,0.809,0.828,18,,,,,
059003.000071,0,0,,17/2,e,19649.67,19649.6695,-0.0005,3,0,3,-0.001,5,5,2,0.681,0.765,1,,,,,
059003.000072,0,0,,11/2,e,19700.9,19700.9089,0.0089,32,1,33,0.295,15,10,7,0.64,0.716,23,,,,,
059003.000073,0,0,,7/2,e,19872.43,19872.4259,-0.0041,43,1,44,-0.18,16,10,9,0.968,0.982,30,,,,,
059003.000539,1,0,N,1/2,e,20096.73,20096.73,0.0,0,0,0,0.0,2,2,0,0.0,0.0,0,,,,,
059003.000074,0,0,,3/2,e,20160.36,20160.3534,-0.0066,11,0,11,-0.073,5,5,4,0.97,1.0,7,,,,,
059003.000075,0,0,,9/2,e,20315.65,20315.6484,-0.0016,22,0,22,-0.035,12,10,8,0.973,0.994,14,,,,,
059003.000076,0,0,,5/2,e,20848.39,20848.3741,-0.0159,27,1,28,-0.444,8,8,5,0.968,1.0,23,,,,,
059003.000078,0,0,,3/2,e,21148.43,21148.4292,-0.0008,9,1,10,-0.008,7,7,5,0.993,0.997,5,,,,,
059003.000079,0,0,,13/2,e,21238.78,21238.7894,0.0094,18,1,19,0.178,13,10,6,0.89,0.938,10,,,,,
059003.000080,0,0,,7/2,e,21294.89,21294.8856,-0.0044,41,0,41,-0.178,11,10,7,0.794,0.859,34,,,,,
059003.000081,0,0,,5/2,e,21418.84,21418.8318,-0.0082,24,1,25,-0.205,9,9,7,0.984,1.0,18,,,,,
059003.000082,0,0,,9/2,e,21535.17,21535.161,-0.009,42,1,43,-0.385,9,9,6,0.868,0.888,37,,,,,
059003.000540,1,1,N,1/2,e,21598.58,21598.5809,0.0009,0,2,2,0.002,2,2,2,1.0,1.0,0,0.0,0.171,0.004,,
059003.000083,0,0,,5/2,e,21611.19,21611.177,-0.013,35,0,35,-0.456,8,8,6,0.998,1.0,29,,,,,
059003.000084,0,0,,11/2,e,21755.84,21755.8414,0.0014,22,1,23,0.032,8,8,7,0.972,0.973,16,,,,,
059003.000085,0,0,,7/2,e,22080.94,22080.9392,-0.0008,39,0,39,-0.033,10,10,7,0.988,0.992,32,,,,,
059003.000086,0,0,,3/2,e,22277.66,22277.6592,-0.0008,17,1,18,-0.015,3,3,3,1.0,1.0,15,,,,,
059003.000087,0,0,,7/2,e,22527.7,22527.6998,-0.0002,33,1,34,-0.006,11,10,9,0.984,0.988,24,,,,,
059003.000088,0,0,,9/2,e,22747.69,22747.6744,-0.0156,34,0,34,-0.531,11,10,5,0.901,0.991,29,,,,,
059003.000089,0,0,,3/2,e,23050.61,23050.6146,0.0046,15,1,16,0.073,3,3,2,0.98,1.0,14,,,,,
059003.000091,0,0,,13/2,e,23175.09,23175.0932,0.0032,19,0,19,0.061,9,9,4,0.849,0.917,15,,,,,
059003.000093,0,0,,11/2,e,23442.25,23442.2489,-0.0011,43,0,43,-0.047,13,10,9,0.937,0.938,31,,,,,
059003.000095,0,0,,5/2,e,23532.86,23532.8641,0.0041,30,0,30,0.124,8,8,5,0.865,0.9,25,,,,,
059003.000096,0,0,,13/2,e,23647.77,23647.7687,-0.0013,23,0,23,-0.03,16,10,8,0.815,0.886,13,,,,,
059003.000097,0,0,,7/2,e,23651.88,23651.8825,0.0025,39,2,41,0.104,13,10,9,0.96,0.963,30,,,,,
059003.000098,0,0,,5/2,e,23751.57,23751.5445,-0.0255,19,0,19,-0.484,5,5,3,0.973,0.979,16,,,,,
059003.000099,0,0,,9/2,e,23844.58,23844.575,-0.005,44,1,45,-0.225,11,10,6,0.842,0.9,38,,,,,
059003.000100,0,0,,1/2,e,23955.37,23955.37,0.0,0,0,0,0.0,1,1,0,0.0,0.0,0,,,,,
059003.000101,0,0,,3/2,e,24250.62,24250.6137,-0.0063,13,3,16,-0.101,5,5,5,1.0,1.0,11,,,,,
059003.000102,0,0,,3/2,e,24309.2,24309.1975,-0.0025,12,0,12,-0.03,4,4,3,0.98,1.0,9,,,,,
059003.000104,0,0,,5/2,e,24461.24,24461.2222,-0.0178,35,2,37,-0.658,7,7,7,1.0,1.0,30,,,,,
059003.000105,0,0,,7/2,e,24470.9,24470.8849,-0.0151,31,2,33,-0.498,5,5,5,1.0,1.0,27,,,,,
059003.000106,0,0,,9/2,e,24788.02,24788.0237,0.0037,34,4,38,0.14,14,10,7,0.64,0.652,28,,,,,
059003.000108,0,0,,9/2,e,25033.91,25033.909,-0.001,40,1,41,-0.039,14,10,9,0.91,0.914,30,,,,,
059003.000111,0,0,,7/2,e,25409.74,25409.7365,-0.0035,43,5,48,-0.17,10,10,8,0.837,0.877,40,,,,,
059003.000112,0,0,,5/2,e,25934.98,25934.9696,-0.0104,33,1,34,-0.353,9,9,8,0.99,1.0,26,,,,,
059003.000113,0,0,,15/2,e,25979.34,25979.3297,-0.0103,12,1,13,-0.133,11,10,7,0.711,0.766,6,,,,,
059003.000114,0,0,,11/2,e,26095.23,26095.2183,-0.0117,27,1,28,-0.329,11,10,6,0.757,0.834,22,,,,,
059003.000115,0,0,,7/2,e,26446.97,26446.9613,-0.0087,42,0,42,-0.366,12,10,7,0.876,0.88,33,,,,,
059003.000119,0,0,,7/2,e,27138.55,27138.5453,-0.0047,39,1,40,-0.189,13,10,8,0.942,0.948,31,,,,,
059003.000120,0,0,,11/2,e,27380.31,27380.2928,-0.0172,37,1,38,-0.652,12,10,9,0.97,0.98,29,,,,,
059003.000121,0,0,,5/2,e,27452.45,27452.4518,0.0018,21,2,23,0.041,8,8,7,0.981,0.992,16,,,,,
059003.000123,0,0,,9/2,e,27604.26,27604.262,0.002,39,0,39,0.077,11,10,8,0.867,0.872,30,,,,,
059003.000125,0,0,,7/2,e,28399.43,28399.42,-0.01,10,2,12,-0.12,15,10,9,0.966,0.98,1,,,,,
059003.000126,0,0,,9/2,e,28720.71,28720.7114,0.0014,46,3,49,0.066,18,10,7,0.795,0.811,36,,,,,
059003.000127,0,0,,9/2,e,28885.14,28885.1007,-0.0393,27,2,29,-1.14,22,10,10,0.994,0.998,11,,,,,
059003.000128,0,0,,3/2,e,28936.46,28936.4489,-0.0111,9,0,9,-0.1,5,5,3,0.988,1.0,6,,,,,
059003.000129,0,0,,13/2,e,29263.08,29263.0673,-0.0127,29,0,29,-0.368,10,10,9,0.955,0.955,20,,,,,
059003.000130,0,0,,5/2,e,29267.86,29267.8646,0.0046,29,1,30,0.138,9,9,7,0.997,1.0,23,,,,,
059003.000131,0,0,,9/2,e,29835.09,29835.0835,-0.0065,38,2,40,-0.258,17,10,7,0.767,0.913,32,,,,,
059003.000132,0,0,,11/2,e,30505.72,30505.6957,-0.0243,41,0,41,-0.998,16,10,8,0.898,0.913,28,,,,,
059003.000133,0,0,,11/2,e,30733.53,30733.5326,0.0026,18,1,19,0.049,21,10,9,0.944,0.958,3,,,,,
059003.000134,0,0,,9/2,e,30994.55,30994.5528,0.0028,24,0,24,0.067,22,10,10,0.984,0.991,4,,,,,
059003.000135,0,0,,7/2,e,31254.71,31254.7207,0.0107,27,1,28,0.298,10,10,8,0.929,0.946,20,,,,,
059003.000137,0,0,,1/2,e,31803.7,31803.6897,-0.0103,5,0,5,-0.052,2,2,2,1.0,1.0,3,,,,,
059003.000138,0,0,,3/2,e,32288.92,32288.9109,-0.0091,7,0,7,-0.063,6,6,4,0.965,1.0,3,,,,,
059003.000139,0,0,,13/2,e,32760.11,32760.1225,0.0125,15,1,16,0.2,16,10,10,0.994,1.0,2,,,,,
059003.000140,0,0,,3/2,e,33338.37,33338.368,-0.002,9,2,11,-0.022,12,10,8,0.846,0.891,3,,,,,
059003.000141,0,0,,11/2,e,33466.41,33466.3861,-0.0239,24,0,24,-0.574,22,10,10,0.998,1.0,5,,,,,
059003.000142,0,0,,5/2,e,33659.99,33660.0018,0.0118,21,2,23,0.271,19,10,10,1.0,1.0,6,,,,,
059003.000143,0,0,,1/2,e,34198.61,34198.5996,-0.0104,5,0,5,-0.052,3,3,2,0.968,1.0,3,,,,,
059003.000144,0,0,,5/2,e,34520.27,34520.2705,0.0005,24,0,24,0.012,11,10,6,0.899,1.0,18,,,,,
059003.000145,0,0,,7/2,e,34825.49,34825.4744,-0.0156,20,1,21,-0.327,20,10,9,0.923,0.933,8,,,,,
059003.000146,0,0,,7/2,e,35024.49,35024.485,-0.005,41,1,42,-0.21,15,10,7,0.696,0.715,32,,,,,
059003.000147,0,0,,3/2,e,35137.82,35137.8245,0.0045,12,0,12,0.054,8,8,5,0.871,0.917,7,,,,,
059003.000148,0,0,,9/2,e,35291.0,35290.978,-0.022,21,3,24,-0.528,24,10,9,0.94,0.95,8,,,,,
059003.000149,0,0,,5/2,e,35384.17,35384.179,0.009,21,2,23,0.208,18,10,9,0.896,0.899,7,,,,,
059003.000150,0,0,,7/2,e,35801.12,35801.137,0.017,27,2,29,0.492,27,10,7,0.88,0.899,12,,,,,
059003.000151,0,0,,9/2,e,35828.46,35828.4488,-0.0112,26,1,27,-0.302,9,9,7,0.921,0.946,20,,,,,
059003.000152,0,0,,3/2,e,35863.74,35863.74,-0.0,13,0,13,-0.0,6,6,4,0.959,0.982,9,,,,,
059003.000153,0,0,,7/2,e,36640.38,36640.384,0.004,33,1,34,0.135,13,10,6,0.852,0.881,26,,,,,
059003.000154,0,0,,13/2,e,36642.13,36642.1084,-0.0216,26,1,27,-0.582,12,10,8,0.929,0.948,17,,,,,
059003.000155,0,0,,5/2,e,36652.29,36652.2907,0.0007,18,0,18,0.012,8,8,5,0.994,1.0,13,,,,,
059003.000156,0,0,,11/2,e,36670.57,36670.5606,-0.0094,18,1,19,-0.178,9,9,5,0.891,0.922,14,,,,,
059003.000157,0,0,,1/2,e,36683.21,36683.2144,0.0044,6,0,6,0.026,5,5,4,0.994,1.0,2,,,,,
059003.000158,0,0,,5/2,e,37011.92,37011.9223,0.0023,23,0,23,0.052,9,9,6,0.899,0.936,17,,,,,
059003.000159,0,0,,3/2,e,37197.64,37197.6323,-0.0077,17,0,17,-0.132,9,9,7,0.904,0.971,10,,,,,
059003.000160,0,0,,7/2,e,37919.58,37919.5841,0.0041,21,0,21,0.087,7,7,5,0.95,0.977,16,,,,,
059003.000161,0,0,,9/2,e,38448.38,38448.3311,-0.0489,22,0,22,-1.075,20,10,10,0.986,0.991,7,,,,,
059003.000162,0,0,,1/2,e,38549.9,38549.8927,-0.0073,10,1,11,-0.081,2,2,2,1.0,1.0,9,,,,,
059003.000163,0,0,,5/2,e,38694.51,38694.4838,-0.0262,12,0,12,-0.315,5,5,3,0.868,0.93,9,,,,,
059003.000164,0,0,,13/2,e,38701.59,38701.5887,-0.0013,23,0,23,-0.029,15,10,9,0.984,0.993,11,,,,,
059003.000165,0,0,,7/2,e,38726.5,38726.5156,0.0156,21,1,22,0.344,20,10,8,0.941,0.954,9,,,,,
059003.000166,0,0,,15/2,e,38785.76,38785.7565,-0.0035,15,0,15,-0.052,12,10,9,0.967,0.98,5,,,,,
059003.000167,0,0,,9/2,e,39024.27,39024.2643,-0.0057,19,0,19,-0.108,8,8,6,0.935,0.969,13,,,,,
059003.000168,0,0,,3/2,e,39120.4,39120.474,0.074,13,1,14,1.036,5,5,5,1.0,1.0,9,,,,,
059003.000170,0,0,,1/2,e,39485.48,39485.4602,-0.0198,4,0,4,-0.079,4,4,3,0.937,1.0,1,,,,,
059003.000171,0,0,,15/2,e,39725.99,39726.0029,0.0129,16,1,17,0.219,11,10,8,0.954,0.963,8,,,,,
059003.000172,0,0,,11/2,e,39732.99,39733.0005,0.0105,27,0,27,0.284,9,9,9,1.0,1.0,18,,,,,
059003.000173,0,0,,9/2,e,39870.17,39870.2,0.03,22,0,22,0.661,9,9,5,0.492,0.506,17,,,,,
059003.000175,0,0,,5/2,e,40098.66,40098.6747,0.0147,17,0,17,0.25,8,8,7,0.96,0.963,10,,,,,
059003.000176,0,0,,3/2,e,40205.74,40205.7512,0.0112,12,0,12,0.134,7,7,6,0.834,0.842,6,,,,,
059003.000177,0,0,,7/2,e,41023.98,41023.9867,0.0067,13,0,13,0.087,7,7,6,0.776,0.789,7,,,,,
059003.000178,0,0,,17/2,e,41026.87,41026.8671,-0.0029,4,1,5,-0.015,4,4,3,0.939,0.965,2,,,,,
059003.000179,0,0,,7/2,e,44679.98,44679.9587,-0.0213,25,1,26,-0.555,12,10,6,0.944,0.979,19,,,,,
059003.000180,0,0,,5/2,e,44903.42,44903.3828,-0.0372,20,4,24,-0.894,8,8,5,0.124,0.127,19,,,,,
059003.000181,0,0,,9/2,e,45805.95,45805.9698,0.0198,16,0,16,0.317,7,7,6,0.995,1.0,10,,,,,
059003.000182,0,0,,5/2,e,45807.1,45807.1209,0.0209,13,0,13,0.272,10,10,8,0.998,1.0,5,,,,,
059003.000183,0,0,,3/2,e,45844.65,45844.6329,-0.0171,10,2,12,-0.205,6,6,5,0.703,0.708,7,,,,,
059003.000184,0,1,N,7/2,e,46783.64,46783.7876,0.1476,0,3,3,0.443,4,4,2,0.014,0.014,1,0.0,0.338,0.281,retained,no reason to clear
059003.000185,0,0,,3/2,e,48401.64,48401.6362,-0.0038,9,0,9,-0.034,3,3,2,0.485,0.586,7,,,,,
059003.000186,0,0,,5/2,e,48745.48,48745.4698,-0.0102,9,1,10,-0.102,7,7,5,0.432,0.448,5,,,,,
059003.000187,0,0,,3/2,e,50227.79,50227.8276,0.0376,10,1,11,0.414,4,4,3,0.996,1.0,8,,,,,
059003.000188,0,0,,11/2,e,50647.35,50647.4247,0.0747,7,2,9,0.672,13,10,8,0.924,0.956,1,,,,,
059003.000189,0,0,,13/2,e,50658.72,50658.7038,-0.0162,7,1,8,-0.13,13,10,7,0.872,0.889,0,,,,,
059003.000190,0,0,,1/2,e,50869.3,50869.2544,-0.0456,6,1,7,-0.319,5,5,2,0.834,1.0,5,,,,,
059003.000191,0,0,,5/2,e,51312.8,51312.8209,0.0209,4,0,4,0.083,6,6,4,0.996,1.0,0,,,,,
059003.000192,0,0,,3/2,e,52026.9,52026.9391,0.0391,7,2,9,0.352,8,8,4,0.961,1.0,5,,,,,
059003.000541,1,1,N,7/2,e,100214.99,100214.9972,0.0072,0,4,4,0.029,9,9,4,0.626,0.787,0,0.0,0.06,0.001,,
059003.000314,0,0,,9/2,e,100321.12,100321.0832,-0.0368,6,4,10,-0.368,9,9,4,0.843,0.995,6,,,,,
059003.000315,0,0,,9/2,e,100430.29,100430.3284,0.0384,5,2,7,0.268,8,8,2,0.874,0.998,5,,,,,
059003.000316,0,0,,11/2,e,100625.04,100625.0442,0.0042,4,2,6,0.025,7,7,3,0.907,0.942,3,,,,,
059003.000317,0,0,,7/2,e,100788.95,100788.988,0.038,7,2,9,0.342,8,8,2,0.309,0.792,7,,,,,
059003.000318,0,0,,9/2,e,100947.18,100947.1533,-0.0267,6,1,7,-0.187,12,10,2,0.754,0.935,5,,,,,
059003.000319,0,0,,5/2,e,101071.43,101071.3928,-0.0372,5,2,7,-0.26,6,6,2,0.44,0.886,5,,,,,
059003.000320,0,0,,11/2,e,101165.33,101165.3158,-0.0142,7,3,10,-0.142,8,8,3,0.391,0.535,7,,,,,
059003.000321,0,0,,7/2,e,101446.27,101446.2783,0.0083,8,1,9,0.075,10,10,1,0.241,1.0,8,,,,,
059003.000322,0,0,,5/2,e,101665.58,101665.5443,-0.0357,6,0,6,-0.214,8,8,0,0.0,0.0,6,,,,,
059003.000323,0,0,,13/2,e,101680.38,101680.4388,0.0588,4,2,6,0.353,6,6,4,0.911,0.925,2,,,,,
059003.000542,1,0,,3/2,e,101778.0,101778.0,0.0,0,0,0,0.0,6,6,0,0.0,0.0,0,,,,,
059003.000324,0,0,,11/2,e,102435.67,102435.6363,-0.0337,6,6,12,-0.405,11,10,4,0.77,0.956,8,,,,,
059003.000325,0,0,,9/2,e,102484.66,102484.6203,-0.0397,8,3,11,-0.437,12,10,3,0.397,0.635,8,,,,,
059003.000326,0,0,,11/2,e,102617.24,102617.2955,0.0555,5,3,8,0.444,10,10,3,0.893,0.949,5,,,,,
059003.000327,0,0,,9/2,e,102830.43,102830.4517,0.0217,6,4,10,0.217,11,10,2,0.377,0.746,8,,,,,
059003.000328,0,0,,13/2,e,102981.94,102981.9379,-0.0021,7,3,10,-0.021,14,10,5,0.911,0.957,5,,,,,
059003.000329,0,0,,7/2,e,103308.53,103308.5091,-0.0209,5,1,6,-0.125,13,10,1,0.082,0.339,5,,,,,
059003.000330,0,0,,9/2,e,103335.06,103335.058,-0.002,7,0,7,-0.014,11,10,0,0.0,0.0,7,,,,,
059003.000331,0,0,,11/2,e,103344.35,103344.3487,-0.0013,8,4,12,-0.016,9,9,3,0.838,1.0,9,,,,,
059003.000332,0,0,,15/2,e,103484.19,103484.177,-0.013,3,2,5,-0.065,6,6,2,0.913,0.978,3,,,,,
059003.000333,0,0,,13/2,e,103805.38,103805.3796,-0.0004,6,0,6,-0.003,7,7,1,0.716,1.0,5,,,,,
059003.000334,0,0,,7/2,e,103895.83,103895.8297,-0.0003,4,1,5,-0.002,8,8,1,0.129,0.589,4,,,,,
059003.000543,1,1,N,5/2,e,103973.35,103973.3546,0.0046,0,1,1,0.005,6,6,1,0.33,1.0,0,0.0,0.362,0.096,,
059003.000335,0,0,,13/2,e,104598.99,104598.8942,-0.0958,4,3,7,-0.671,10,10,4,0.906,0.999,3,,,,,
059003.000336,0,0,,11/2,e,104788.68,104788.5642,-0.1158,6,2,8,-0.927,6,6,2,0.672,1.0,6,,,,,
059003.000337,0,0,,11/2,e,104904.55,104904.5388,-0.0112,4,4,8,-0.09,13,10,3,0.307,0.456,5,,,,,
059003.000338,0,0,,13/2,e,105019.06,105019.1656,0.1056,9,2,11,1.161,13,10,3,0.884,0.985,8,,,,,
059003.000339,0,0,,15/2,e,105049.72,105049.6984,-0.0216,5,2,7,-0.151,11,10,4,0.912,0.952,3,,,,,
059003.000544,1,1,N,3/2,e,105191.13,105191.0785,-0.0515,0,1,1,-0.052,0,0,0,,,1,0.0,0.598,0.304,retained,no theoretical predictions (pattern check not applicable)
059003.000545,1,1,N,5/2,e,105338.51,105338.5096,-0.0004,0,2,2,-0.001,2,2,1,0.677,1.0,1,0.0,0.171,0.002,,
059003.000340,0,0,,11/2,e,105450.18,105450.1898,0.0098,5,2,7,0.069,13,10,2,0.86,1.0,5,,,,,
059003.000546,1,1,N,17/2,e,105485.3,105485.2433,-0.0567,0,3,3,-0.17,6,6,3,0.93,0.935,0,0.0,0.047,0.014,,
059003.000547,1,0,N,7/2,e,105534.64,105534.64,0.0,0,0,0,0.0,6,6,0,0.0,0.0,0,,,,,
059003.000341,0,0,,9/2,e,105566.62,105566.5914,-0.0286,5,1,6,-0.172,14,10,1,0.14,0.675,5,,,,,
059003.000342,0,0,,13/2,e,105632.16,105632.1027,-0.0573,6,5,11,-0.63,15,10,5,0.922,0.965,6,,,,,
059003.000548,1,0,N,9/2,e,106153.75,106153.75,0.0,0,0,0,0.0,10,10,0,0.0,0.0,0,,,,,
059003.000549,1,0,N,7/2,e,106224.22,106224.22,0.0,0,0,0,0.0,7,7,0,0.0,0.0,0,,,,,
059003.000550,1,0,N,9/2,e,106306.51,106306.51,0.0,0,0,0,0.0,7,7,0,0.0,0.0,0,,,,,
059003.000551,1,1,N,5/2,e,106384.65,106384.5468,-0.1032,0,1,1,-0.103,5,5,0,0.0,0.0,1,0.0,0.854,0.667,retained,no reason to clear
059003.000552,1,1,N,15/2,e,106394.09,106394.1026,0.0126,0,2,2,0.025,3,3,2,0.941,1.0,0,0.0,0.171,0.022,,
059003.000553,1,0,N,7/2,e,106468.42,106468.42,0.0,0,0,0,0.0,4,4,0,0.0,0.0,0,,,,,
059003.000343,0,0,,7/2,e,106665.07,106665.0979,0.0279,5,0,5,0.14,1,1,0,0.0,0.0,5,,,,,
059003.000344,0,0,,5/2,e,106745.65,106745.6607,0.0107,4,0,4,0.043,0,0,0,,,4,,,,,
059003.000345,0,0,,9/2,e,107081.94,107081.9332,-0.0068,6,0,6,-0.041,3,3,0,0.0,0.0,6,,,,,
059003.000554,1,1,N,9/2,e,107177.8,107178.0137,0.2137,0,1,1,0.214,6,6,0,0.0,0.0,1,0.0,0.854,0.702,retained,no reason to clear
059003.000555,1,0,N,7/2,e,107223.2,107223.2,0.0,0,0,0,0.0,2,2,0,0.0,0.0,0,,,,,
059003.000556,1,0,N,5/2,e,107262.71,107262.71,0.0,0,0,0,0.0,7,7,0,0.0,0.0,0,,,,,
059003.000346,0,0,,7/2,e,107299.07,107299.0421,-0.0279,6,0,6,-0.167,5,5,0,0.0,0.0,6,,,,,
059003.000557,1,1,N,11/2,e,107403.91,107403.9636,0.0536,0,2,2,0.107,7,7,2,0.922,1.0,0,0.0,0.171,0.057,,
059003.000558,1,1,N,11/2,e,107697.07,107697.1222,0.0522,0,1,1,0.052,9,9,0,0.0,0.0,1,0.0,0.854,0.634,retained,no reason to clear
059003.000347,0,0,,9/2,e,107854.46,107854.4778,0.0178,7,0,7,0.125,10,10,0,0.0,0.0,7,,,,,
059003.000559,1,1,N,13/2,e,107978.56,107978.6084,0.0484,0,2,2,0.097,7,7,1,0.894,1.0,1,0.0,0.171,0.053,,
059003.000348,0,0,,11/2,e,108559.4,108559.3778,-0.0222,7,0,7,-0.155,4,4,0,0.0,0.0,7,,,,,
059003.000560,1,1,N,9/2,e,108574.0,108574.0186,0.0186,0,1,1,0.019,7,7,1,0.668,1.0,0,0.0,0.362,0.12,retained,no reason to clear
059003.000561,1,1,N,11/2,e,111039.75,111039.8044,0.0544,0,1,1,0.054,5,5,1,0.879,1.0,0,0.0,0.362,0.145,retained,no reason to clear
059003.000562,1,1,N,13/2,e,111193.29,111193.2045,-0.0855,0,2,2,-0.171,5,5,1,0.917,1.0,1,0.0,0.171,0.078,,
059003.000563,1,0,N,9/2,e,113854.23,113854.23,0.0,0,0,0,0.0,1,1,0,0.0,0.0,0,,,,,
059003.000564,1,0,N,7/2,e,115439.45,115439.45,0.0,0,0,0,0.0,0,0,0,,,0,,,,,
059003.000565,1,1,N,9/2,e,119225.52,119225.4632,-0.0568,0,1,1,-0.057,0,0,0,,,1,0.0,0.598,0.309,retained,no theoretical predictions (pattern check not applicable)
059003.000566,1,0,N,11/2,e,121143.3,121143.3,-0.0,0,0,0,-0.0,0,0,0,,,0,,,,,
059003.000567,1,1,N,13/2,e,122932.6,122932.6604,0.0604,0,2,2,0.121,1,1,0,0.0,0.0,2,0.0,0.68,0.404,retained,no reason to clear
059003.000568,1,0,N,13/2,e,124594.4,124594.4,0.0,0,0,0,0.0,1,1,0,0.0,0.0,0,,,,,
059003.000569,1,0,N,15/2,e,125145.1,125145.1,0.0,0,0,0,0.0,1,1,0,0.0,0.0,0,,,,,
059003.000570,1,1,N,11/2,e,126743.3,126743.3,-0.0,0,1,1,-0.0,2,2,0,0.0,0.0,1,0.0,0.854,0.342,retained,no reason to clear
059003.000571,1,1,N?,7/2,e,129009.15,129009.2098,0.0598,0,2,2,0.12,5,5,2,0.448,1.0,0,0.0,0.171,0.061,,
059003.000419,0,0,,9/2,e,129106.1,129105.9208,-0.1792,4,2,6,-1.075,5,5,2,0.532,0.922,4,,,,,
059003.000572,1,1,N,9/2,e,129454.45,129454.5006,0.0506,0,1,1,0.051,0,0,0,,,1,0.0,0.598,0.304,retained,no theoretical predictions (pattern check not applicable)
059003.000573,1,1,N,9/2,e,129744.09,129744.0973,0.0073,0,3,3,0.022,3,3,2,0.934,1.0,1,0.0,0.047,0.002,,
059003.000574,1,1,N,11/2,e,129934.5,129934.4795,-0.0205,0,4,4,-0.082,2,2,2,1.0,1.0,2,0.0,0.04,0.003,,
059003.000575,1,1,N?,13/2,e,130218.64,130218.6558,0.0158,0,1,1,0.016,3,3,1,0.796,1.0,0,0.0,0.362,0.117,retained,no reason to clear
059003.000420,0,0,,11/2,e,131200.3,131200.1655,-0.1345,4,4,8,-1.076,5,5,4,0.797,0.934,4,,,,,
059003.000421,0,0,,9/2,e,131226.3,131226.0423,-0.2577,6,5,11,-2.834,7,7,4,0.699,0.966,7,,,,,
059003.000576,1,1,N,13/2,e,131788.15,131788.1133,-0.0367,0,2,2,-0.073,7,7,2,0.376,0.687,0,0.0,0.243,0.067,,
059003.000577,1,0,N,13/2,e,131980.0,131980.0,0.0,0,0,0,0.0,2,2,0,0.0,0.0,0,,,,,
059003.000426,0,0,,13/2,e,133393.2,133392.8733,-0.3267,5,4,9,-2.94,5,5,5,1.0,1.0,4,,,,,
059003.000427,0,0,,11/2,e,133503.9,133503.7279,-0.1721,8,2,10,-1.721,3,3,2,0.765,0.93,8,,,,,
059003.000578,1,1,N,11/2,e,134394.16,134394.1945,0.0345,0,2,2,0.069,3,3,2,0.748,1.0,0,0.0,0.171,0.042,,
059003.000579,1,1,N,13/2,e,134402.02,134402.2571,0.2371,0,2,2,0.474,3,3,1,0.65,1.0,1,0.0,0.171,0.15,removed,strong missing transitions are masked by nearby stronger lines
059003.000580,1,1,N,11/2,e,134402.83,134403.0508,0.2208,0,2,2,0.442,4,4,2,0.74,1.0,0,0.0,0.171,0.144,removed,strong missing transitions are masked by nearby stronger lines
059003.000581,1,1,N,9/2,e,134405.44,134405.4778,0.0378,0,3,3,0.113,2,2,1,0.371,0.59,2,0.0,0.267,0.066,,
059003.000582,1,1,N,7/2,e,134425.98,134426.0886,0.1086,0,3,3,0.326,4,4,3,0.7,0.762,0,0.0,0.072,0.042,,
059003.000583,1,0,N,13/2,e,134428.63,134428.63,0.0,0,0,0,0.0,3,3,0,0.0,0.0,0,,,,,
059003.000584,1,1,N,15/2,e,134433.41,134433.6619,0.2519,0,3,3,0.756,3,3,2,0.177,0.187,1,0.0,0.315,0.379,removed,strong missing transitions are masked by nearby stronger lines
059003.000585,1,1,N,5/2,e,134454.31,134454.5584,0.2484,0,1,1,0.248,3,3,1,0.34,0.699,0,0.0,0.47,0.27,retained,no reason to clear
059003.000586,1,1,N,7/2,e,134454.76,134454.878,0.118,0,2,2,0.236,3,3,2,0.898,1.0,0,0.0,0.171,0.096,,
059003.000587,1,1,N,3/2,e,134480.15,134480.4572,0.3072,0,2,2,0.614,2,2,1,0.699,1.0,1,0.0,0.171,0.176,retained,no reason to clear
059003.000588,1,1,N,5/2,e,134480.72,134480.8454,0.1254,0,2,2,0.251,3,3,2,0.492,0.636,0,0.0,0.243,0.148,removed,strong missing transitions are masked by nearby stronger lines
059003.000589,1,1,N,3/2,e,134488.7,134488.5602,-0.1398,0,1,1,-0.14,2,2,1,0.716,1.0,0,0.0,0.362,0.172,retained,no reason to clear
059003.000590,1,1,N,15/2,e,134492.68,134492.6794,-0.0006,0,1,1,-0.001,1,1,1,1.0,1.0,0,0.0,0.362,0.073,,
059003.000591,1,1,N,17/2,e,134496.12,134496.3713,0.2513,0,1,1,0.251,2,2,1,0.847,1.0,0,0.0,0.362,0.192,retained,no reason to clear
059003.000428,0,0,,7/2,e,135445.2,135445.1737,-0.0263,7,0,7,-0.184,0,0,0,,,7,,,,,
059003.000429,0,0,,9/2,e,135868.8,135868.698,-0.102,5,0,5,-0.51,0,0,0,,,5,,,,,
059003.000592,1,1,N,13/2,e,136554.97,136555.057,0.087,0,2,2,0.174,5,5,2,0.602,0.975,0,0.0,0.171,0.079,,
059003.000593,1,1,N,11/2,e,136555.45,136555.5349,0.0849,0,3,3,0.255,4,4,2,0.441,0.656,1,0.0,0.072,0.033,,
059003.000594,1,1,N,13/2,e,136557.98,136558.098,0.118,0,3,3,0.354,5,5,3,0.645,0.893,0,0.0,0.072,0.045,,
059003.000595,1,1,N,15/2,e,136559.59,136559.6706,0.0806,0,1,1,0.081,3,3,1,0.302,0.77,0,0.0,0.47,0.223,retained,no reason to clear
059003.000596,1,1,N,11/2,e,136570.81,136570.8637,0.0537,0,2,2,0.107,4,4,2,0.732,1.0,0,0.0,0.171,0.057,,
059003.000597,1,1,N,9/2,e,136572.21,136572.2476,0.0376,0,3,3,0.113,3,3,3,1.0,1.0,0,0.0,0.047,0.009,,
059003.000598,1,0,N,17/2,e,136589.34,136589.34,0.0,0,0,0,0.0,2,2,0,0.0,0.0,0,,,,,
059003.000599,1,1,N,15/2,e,136589.44,136589.5296,0.0896,0,1,1,0.09,3,3,1,0.396,0.84,0,0.0,0.47,0.227,retained,no reason to clear
059003.000600,1,0,N,7/2,e,136596.37,136596.37,0.0,0,0,0,0.0,4,4,0,0.0,0.0,0,,,,,
059003.000601,1,1,N,9/2,e,136596.63,136596.7235,0.0935,0,3,3,0.281,5,5,3,0.653,0.946,0,0.0,0.047,0.023,,
059003.000602,1,1,N,5/2,e,136620.17,136620.1496,-0.0204,0,4,4,-0.082,2,2,2,1.0,1.0,2,0.0,0.04,0.003,,
059003.000603,1,1,N,5/2,e,136641.8,136641.7921,-0.0079,0,2,2,-0.016,3,3,2,0.794,1.0,0,0.0,0.171,0.016,,
059003.000604,1,1,,3/2,e,136641.9,136641.9236,0.0236,0,1,1,0.024,2,2,1,0.42,0.724,0,0.0,0.47,0.182,removed,strong missing transitions are masked by nearby stronger lines
059003.000605,1,0,N,19/2,e,136649.4,136649.4,0.0,0,0,0,0.0,1,1,0,0.0,0.0,0,,,,,
059003.000606,1,1,N,17/2,e,136650.9,136650.9317,0.0317,0,1,1,0.032,2,2,1,0.837,1.0,0,0.0,0.362,0.131,retained,no reason to clear
059003.000607,1,1,N,13/2,e,138783.5,138783.6479,0.1479,0,3,3,0.444,2,2,2,1.0,1.0,1,0.0,0.047,0.037,,
059003.000608,1,1,N,15/2,e,138787.95,138788.0316,0.0816,0,4,4,0.326,4,4,3,0.664,0.775,1,0.0,0.06,0.024,,
059003.000609,1,1,N,15/2,e,138794.58,138794.6275,0.0475,0,2,2,0.095,5,5,1,0.361,1.0,1,0.0,0.171,0.053,,
059003.000610,1,1,N,17/2,e,138796.56,138796.625,0.065,0,3,3,0.195,3,3,2,0.415,0.451,1,0.0,0.267,0.108,removed,strong missing transitions are masked by nearby stronger lines
059003.000611,1,1,N,13/2,e,138799.39,138799.4516,0.0616,0,2,2,0.123,4,4,2,0.79,1.0,0,0.0,0.171,0.063,,
059003.000612,1,1,N,11/2,e,138799.91,138799.9588,0.0488,0,2,2,0.098,4,4,2,0.403,0.521,0,0.0,0.602,0.294,retained,no reason to clear
059003.000613,1,1,N,9/2,e,138822.38,138822.3868,0.0068,0,2,2,0.014,5,5,1,0.403,1.0,1,0.0,0.171,0.014,,
059003.000614,1,1,N,11/2,e,138822.4,138822.457,0.057,0,3,3,0.171,6,6,3,0.678,1.0,0,0.0,0.047,0.014,,
059003.000615,1,1,N,19/2,e,138827.78,138827.78,-0.0,0,1,1,-0.0,3,3,1,0.166,0.208,0,0.0,0.841,0.319,removed,strong missing transitions are masked by nearby stronger lines
059003.000616,1,1,N,17/2,e,138833.55,138833.5158,-0.0342,0,1,1,-0.034,3,3,1,0.155,0.229,0,0.0,0.841,0.588,retained,no reason to clear
059003.000617,1,1,N,9/2,e,138849.86,138849.902,0.042,0,2,2,0.084,3,3,2,0.64,0.855,0,0.0,0.243,0.074,,
059003.000618,1,1,N,7/2,e,138874.91,138874.8738,-0.0362,0,3,3,-0.109,5,5,3,0.625,0.975,0,0.0,0.047,0.009,,
059003.000619,1,1,N,5/2,e,138883.81,138883.4758,-0.3342,0,1,1,-0.334,3,3,1,0.262,0.569,0,0.0,0.807,0.652,retained,no reason to clear
059003.000620,1,0,N,21/2,e,138888.98,138888.98,0.0,0,0,0,0.0,1,1,0,0.0,0.0,0,,,,,
059003.000621,1,1,N,19/2,e,138895.87,138895.8953,0.0253,0,2,2,0.051,1,1,1,1.0,1.0,1,0.0,0.171,0.034,,
059003.000622,1,1,?,15/2,e,141328.85,141329.1444,0.2944,0,1,1,0.294,4,4,1,0.117,0.306,0,0.0,0.807,0.645,retained,no reason to clear
