idx,label,J,parity,cfg,E_calc,W,E_found,verdict,n_found,ln_R,n_match,n_free,dE_o_c,cowan_lid,unique_found,not_found,Note
986,f5d2 ~3P4D,1.5,o,f5d2,75159.9,226.8,,,0,,,,,138,False,True,
951,f5d2 ~3P2F,2.5,o,f5d2,83140.8,226.8,83781.999,firm,3,6.947,5,5,641.199,172,False,False,
691,f27p ~3F4G,4.5,o,f27p,118596.3,42.3,,,0,,,,,332,False,True,
513,f27d _3H4G,3.5,e,f27d,130272.1,107.4,130096.075,weak,2,1.665,5,4,-176.025,2205,False,False,
994,f5d2 ~3F2D,1.5,o,f5d2,73369.9,226.8,73020.339,weak,1,0.572,5,3,-349.561,130,False,False,
705,f27p ~3F2G,3.5,o,f27p,118086.9,42.3,,,0,,,,,324,False,True,
491,f27d _3H4G,4.5,e,f27d,132226.2,107.4,,,0,,,,,2224,False,True,
987,f5d2 ~3P4F,2.5,o,f5d2,74670.6,226.8,74456.599,weak,1,2.894,7,4,-214.001,137,False,False,
675,f27p ~3F4G,4.5,o,f27p,119248.3,42.3,,,0,,,,,340,False,True,
501,f28s _3H4H,5.5,e,f28s,131319.4,79.7,,,0,,,,,2214,False,True,
442,fd6p _1H2I,5.5,e,fd6p,134118.1,452.9,134104.837,weak,3,0.872,4,3,-13.263,2238,False,False,
439,f27d _3H2I,6.5,e,f27d,134204.5,107.4,134061.135,weak,1,0.511,6,3,-143.365,2241,False,False,
372,f28s _3F2F,3.5,e,f28s,136082.5,79.7,135943.876,weak,1,0.008,4,4,-138.624,2281,False,False,
710,f27p ~3F4F,2.5,o,f27p,117972.7,42.3,117931.594,weak,1,2.004,6,2,-41.106,320,False,False,"duplicate with row 715 (J 1.5), 0.000 cm^-1 away"
375,5d3  _4F4F,2.5,e,5d3,135976.6,155.9,,,0,,,,,2279,False,True,
521,f27d _3H4H,3.5,e,f27d,129738.7,107.4,129877.095,firm,4,6.092,4,4,138.395,2198,False,False,"duplicate with row 524 (J 2.5), 0.002 cm^-1 away; duplicate with the position IDEN2 holds for row 518 (J 2.5), as 059003.000652, 0.010 cm^-1 away"
488,f27d _3H2G,3.5,e,f27d,132460.5,107.4,132390.655,weak,1,3.442,3,3,-69.845,2226,False,False,
670,f27p ~3F4F,3.5,o,f27p,119376.3,42.3,,,0,,,,,343,False,True,
632,f25f ~1G2D,2.5,o,f25f,121757.4,103.4,,,0,,,,,361,False,True,
825,f26d _3F2F,3.5,e,f26d,108201.7,59.4,,,0,,,,,2043,False,True,
315,5d3  _4F4F,3.5,e,5d3,137284.3,155.9,137068.187,weak,1,1.032,6,5,-216.113,2321,False,False,"duplicate with row 316 (J 3.5), 0.010 cm^-1 away"
449,fd6p _1H2I,5.5,e,fd6p,133993.0,452.9,133847.637,weak,2,0.6,3,3,-145.363,2234,False,False,
1010,f5d2 ~3P2D,2.5,o,f5d2,70304.2,226.8,70200.019,weak,1,2.451,4,2,-104.181,114,False,False,
432,f27d _3H4G,5.5,e,f27d,134353.1,107.4,134249.015,weak,1,0.509,4,4,-104.085,2242,False,False,
389,f27d _3H2F,3.5,e,f27d,135213.6,107.4,135414.215,weak,1,0.322,3,2,200.615,2273,False,False,"duplicate with row 392 (J 3.5), 0.000 cm^-1 away"
856,f26d _3F4G,2.5,e,f26d,105790.1,59.4,105721.321,weak,2,3.027,3,3,-68.779,2013,False,False,
329,f27d _3F4G,5.5,e,f27d,136692.4,107.4,136779.795,weak,3,2.997,4,2,87.395,2309,False,False,
716,f27p ~3F4G,3.5,o,f27p,117761.0,42.3,,,0,,,,,316,False,True,
500,fd6p _1H2H,4.5,e,fd6p,131498.1,452.9,131130.417,weak,3,1.671,2,2,-367.683,2215,False,False,
421,f27d _3H4F,4.5,e,f27d,134464.0,107.4,,,0,,,,,2251,False,True,
316,fd6p _1H2G,3.5,e,fd6p,137240.9,452.9,137068.177,weak,9,3.08,6,5,-172.723,2320,False,False,"duplicate with row 315 (J 3.5), 0.010 cm^-1 away"
492,f27d _3H4G,3.5,e,f27d,132136.0,107.4,131830.795,weak,1,0.122,5,2,-305.205,2223,False,False,
834,f26d _3F2F,2.5,e,f26d,107743.5,59.4,,,0,,,,,2035,False,True,
392,f27d _3F4G,3.5,e,f27d,135131.5,107.4,135414.215,weak,1,0.686,3,2,282.715,2271,False,False,"duplicate with row 389 (J 3.5), 0.000 cm^-1 away"
345,f25g _3H4H,3.5,e,f25g,136591.4,23.6,136638.495,weak,2,2.796,2,2,47.095,2298,False,False,"duplicate with the position IDEN2 holds for row 337 (J 3.5), as 059003.000600, 0.004 cm^-1 away"
443,f26f ~3H2G,3.5,o,f26f,134099.0,48.3,134163.273,weak,3,1.345,3,3,64.273,418,False,False,"duplicate with row 450 (J 1.5), 0.069 cm^-1 away; duplicate with the position IDEN2 holds for row 431 (J 3.5), as 059003.000516, 0.043 cm^-1 away"
269,f28s _1G2G,4.5,e,f28s,139026.9,79.7,139249.276,weak,2,2.684,3,3,222.376,2347,False,False,
418,f27d _3H2K,7.5,e,f27d,134489.3,107.4,134475.175,weak,4,6.063,4,2,-14.125,2254,False,False,
445,f28s _3F4F,1.5,e,f28s,134076.9,79.7,133995.116,weak,1,0.501,3,2,-81.784,2237,False,False,
735,f25f ~3F4P,0.5,o,f25f,116804.7,103.4,116927.842,weak,3,5.911,5,2,123.142,300,False,False,
692,f27p ~3F4D,3.5,o,f27p,118504.2,42.3,118393.994,weak,2,1.777,5,2,-110.206,331,False,False,
713,f27p ~3F4D,2.5,o,f27p,117888.6,42.3,,,0,,,,,319,False,True,
558,fd6p _3G2H,4.5,e,fd6p,126138.2,452.9,125181.637,weak,3,4.079,4,3,-956.563,2173,False,False,
381,f28s _3F2F,2.5,e,f28s,135576.6,79.7,135481.896,weak,1,1.142,5,4,-94.704,2276,False,False,
824,f26d _3F2D,2.5,e,f26d,108488.4,59.4,108592.021,weak,1,2.603,5,3,103.621,2044,False,False,
317,f27d _3F2G,4.5,e,f27d,137083.5,107.4,136791.675,weak,5,8.331,5,3,-291.825,2319,False,False,
299,5d3  _4F4F,4.5,e,5d3,138572.7,155.9,,,0,,,,,2327,False,True,
803,f26d _1G2H,4.5,e,f26d,111244.7,59.4,111250.501,no support,1,0.738,3,1,5.801,2057,False,False,
318,f27d _3F2F,3.5,e,f27d,137023.4,107.4,136758.855,weak,5,2.246,5,4,-264.545,2318,False,False,
658,fd6p _3H4I,5.5,e,fd6p,120416.4,452.9,120805.317,firm,9,9.132,7,6,388.917,2093,False,False,"duplicate with row 638 (J 6.5), 0.040 cm^-1 away; this is the position IDEN2 already holds for this row, which has no level_id yet: it is marked in IDEN2 but is not a level of the pipeline"
321,f27d _3F4D,3.5,e,f27d,136881.7,107.4,136882.275,weak,3,0.505,2,2,0.575,2315,False,False,
252,f27d _1G2H,4.5,e,f27d,139805.3,107.4,139996.755,weak,3,0.287,2,2,191.455,2360,False,False,
621,f25f ~1G2D,1.5,o,f25f,122593.3,103.4,122646.862,weak,1,4.453,3,2,53.562,363,False,False,
339,f27d _3F2F,2.5,e,f27d,136605.7,107.4,136728.775,weak,5,0.997,5,4,123.075,2302,False,False,"duplicate with row 328 (J 1.5), 0.000 cm^-1 away; duplicate with the position IDEN2 holds for row 332 (J 1.5), as 059003.000604, 0.007 cm^-1 away"
506,f27d _3H4F,2.5,e,f27d,130935.4,107.4,131221.895,weak,5,1.468,4,2,286.495,2209,False,False,
376,fd6p _1H2I,6.5,e,fd6p,135975.5,452.9,135537.137,weak,12,4.494,5,2,-438.363,2278,False,False,
408,f27d _3F4H,3.5,e,f27d,134679.5,107.4,134393.015,weak,3,1.443,3,3,-286.485,2262,False,False,
611,f27p ~1G2H,5.5,o,f27p,122933.4,42.3,122903.434,weak,2,2.879,4,2,-29.966,365,False,False,
484,f27d _3H2F,2.5,e,f27d,132788.5,107.4,132538.295,weak,3,3.828,3,3,-250.205,2227,False,False,
258,f25g _3F4F,3.5,e,f25g,139544.3,23.6,139585.375,weak,7,3.854,3,3,41.075,2354,False,False,
489,f25f ~3P4G,2.5,o,f25f,132356.8,103.4,132260.362,weak,1,6.902,6,2,-96.438,384,False,False,
402,5d3  _4F4F,1.5,e,5d3,134848.3,155.9,134546.087,weak,6,2.147,3,2,-302.213,2265,False,False,
209,f25g _3F4G,5.5,e,f25g,140979.5,23.6,140910.855,weak,3,0.426,2,2,-68.645,2383,False,False,
212,f25g _3F4I,6.5,e,f25g,140972.0,23.6,140998.595,weak,8,4.21,3,3,26.595,2381,False,False,
254,f25g _3F2I,5.5,e,f25g,139570.6,23.6,,,0,,,,,2358,False,True,
324,f27d _3F4H,6.5,e,f27d,136778.0,107.4,136783.855,weak,9,2.106,2,2,5.855,2313,False,False,
495,f27d _3H4K,7.5,e,f27d,132069.6,107.4,132205.415,weak,8,4.893,2,2,135.815,2220,False,False,
731,fd6p _3H4I,4.5,e,fd6p,117255.6,452.9,117369.357,firm,5,8.573,4,4,113.757,2064,False,False,"duplicate with row 736 (J 3.5), 0.060 cm^-1 away; duplicate with row 724 (J 3.5), 0.020 cm^-1 away; duplicate with the position IDEN2 holds for row 718 (J 3.5), as 059003.000667, 0.005 cm^-1 away"
663,f27p ~3F2F,3.5,o,f27p,119938.0,42.3,119954.254,weak,2,1.511,3,2,16.254,345,False,False,
651,fd6p _3G4H,3.5,e,fd6p,120802.1,452.9,120685.537,weak,1,0.185,2,2,-116.563,2097,False,False,
922,f5d6s~3D4D,1.5,o,f5d6s,89509.8,305.4,88664.323,weak,7,2.605,5,5,-845.477,201,False,False,
630,fd6p _3F2G,3.5,e,fd6p,121889.2,452.9,121970.177,weak,9,3.535,3,3,80.977,2107,False,False,
322,f27d _3F4F,4.5,e,f27d,136836.9,107.4,136521.815,weak,3,3.091,6,2,-315.085,2314,False,False,
688,fd6p _3G4G,2.5,e,fd6p,118667.9,452.9,119331.717,weak,8,2.947,4,3,663.817,2077,False,False,
635,f27p ~1G2H,4.5,o,f27p,121635.0,42.3,121667.214,weak,2,1.573,4,2,32.214,359,False,False,
589,fd6p _3G4F,4.5,e,fd6p,124015.5,452.9,122664.537,weak,8,2.184,4,3,-1350.963,2142,False,False,
815,f26d _1G2G,3.5,e,f26d,110670.4,59.4,,,0,,,,,2049,False,True,
905,f5d6s~3P4P,2.5,o,f5d6s,95006.9,305.4,95500.703,weak,10,2.641,3,3,493.803,218,False,False,
363,f27d _3F4G,3.5,e,f27d,136306.5,107.4,136491.755,weak,4,2.273,4,3,185.255,2286,False,False,"duplicate with row 368 (J 1.5), 0.020 cm^-1 away"
268,f28s _1G2G,3.5,e,f28s,139073.5,79.7,139106.456,weak,3,2.021,4,3,32.956,2348,False,False,
544,fd6p _3G2H,5.5,e,fd6p,128371.9,452.9,127099.077,weak,5,9.561,3,3,-1272.823,2186,False,False,
390,f27d _3F4F,2.5,e,f27d,135190.4,107.4,135478.975,weak,6,2.773,4,3,288.575,2272,False,False,
360,f27d _3F4F,2.5,e,f27d,136376.6,107.4,136647.435,weak,3,2.409,3,3,270.835,2287,False,False,
638,fd6p _3H4I,6.5,e,fd6p,121582.6,452.9,120805.277,firm,19,7.464,4,4,-777.323,2104,False,False,"duplicate with row 658 (J 5.5), 0.040 cm^-1 away; duplicate with the position IDEN2 holds for row 658 (J 5.5), which has no level_id yet: it is marked in IDEN2 but is not a level of the pipeline, 0.080 cm^-1 away"
356,f27d _3F4G,4.5,e,f27d,136478.3,107.4,136797.735,weak,6,2.145,3,2,319.435,2288,False,False,
193,f25g _3F4F,3.5,e,f25g,141432.2,23.6,141403.255,weak,6,5.007,3,3,-28.945,2392,False,False,"duplicate with row 187 (J 3.5), 0.000 cm^-1 away"
213,f25g _3F4F,4.5,e,f25g,140970.3,23.6,140950.135,weak,3,2.743,4,4,-20.165,2379,False,False,
251,f27d _1G2G,3.5,e,f27d,139810.2,107.4,139606.115,weak,2,0.294,2,2,-204.085,2361,False,False,
612,f27p ~1G2G,4.5,o,f27p,122910.9,42.3,122803.074,no support,3,4.295,6,1,-107.826,364,False,False,
253,f27d _1G2I,5.5,e,f27d,139788.0,107.4,139675.935,weak,7,3.706,3,2,-112.065,2359,False,False,
188,f25g _3F2G,4.5,e,f25g,141438.3,23.6,141430.935,weak,11,2.947,3,3,-7.365,2397,False,False,"duplicate with row 191 (J 4.5), 0.000 cm^-1 away"
482,f25f ~3P4G,2.5,o,f25f,132865.2,103.4,133123.682,no support,2,0.475,3,1,258.482,389,False,False,
852,f26d _3F4D,1.5,e,f26d,106175.0,59.4,106225.801,weak,2,1.921,2,2,50.801,2017,False,False,
812,f26d _1G2H,5.5,e,f26d,110903.8,59.4,111049.201,no support,2,0.283,2,1,145.401,2052,False,False,
190,f25g _3F4H,5.5,e,f25g,141436.8,23.6,141413.455,weak,3,0.104,2,2,-23.345,2395,False,False,
187,f25g _3F2F,3.5,e,f25g,141438.9,23.6,141403.255,weak,13,5.764,3,3,-35.645,2398,False,False,"duplicate with row 193 (J 3.5), 0.000 cm^-1 away"
835,f26d _3F2D,1.5,e,f26d,107689.9,59.4,107693.641,no support,1,0.357,2,1,3.741,2034,False,False,
614,f26d _1I2K,6.5,e,f26d,122845.6,59.4,122819.621,weak,2,4.6,2,2,-25.979,2121,False,False,"duplicate with row 618 (J 6.5), 0.004 cm^-1 away"
214,f25g _3F4I,5.5,e,f25g,140970.6,23.6,141018.095,weak,1,0.396,2,2,47.495,2380,False,False,
277,f25g _3H4D,3.5,e,f25g,138907.6,23.6,138895.495,weak,7,3.439,2,2,-12.105,2342,False,False,
185,f25g _3F2H,5.5,e,f25g,141441.7,23.6,141456.175,weak,6,0.589,3,2,14.475,2400,False,False,
314,f27d _3F2D,2.5,e,f27d,137289.7,107.4,137292.595,no support,3,0.86,2,2,2.895,2322,False,False,
477,f25f ~1I2F,2.5,o,f25f,133036.5,103.4,133145.802,weak,1,10.015,3,2,109.302,393,False,False,
921,f5d6s~3D4D,0.5,o,f5d6s,89672.3,305.4,89325.343,weak,20,7.026,4,2,-346.957,202,False,False,
602,f26d _1I2K,6.5,e,f26d,123203.3,59.4,123220.841,no support,2,0.228,2,1,17.541,2129,False,False,
189,f25g _3F4I,6.5,e,f25g,141437.7,23.6,141496.235,no support,3,1.371,2,2,58.535,2396,False,False,
481,f25f ~3P4F,1.5,o,f25f,132902.6,103.4,132875.242,weak,11,4.643,3,3,-27.358,390,False,False,
220,f25g _3F4K,6.5,e,f25g,140938.6,23.6,140867.835,weak,4,3.158,2,2,-70.765,2374,False,False,
436,f25f ~3P4G,5.5,o,f25f,134293.1,103.4,134024.242,no support,3,4.75,4,1,-268.858,421,False,False,
736,fd6p _1G2G,3.5,e,fd6p,116763.1,452.9,117369.297,firm,2,6.854,6,4,606.197,2063,False,False,"duplicate with row 731 (J 4.5), 0.060 cm^-1 away; duplicate with row 724 (J 3.5), 0.040 cm^-1 away; duplicate with the position IDEN2 holds for row 718 (J 3.5), as 059003.000667, 0.055 cm^-1 away"
831,f26d _3F4D,3.5,e,f26d,107816.8,59.4,107839.361,firm,1,4.616,5,4,22.561,2038,True,False,
724,fd6p _3F4G,3.5,e,fd6p,117465.5,452.9,117369.337,weak,5,4.93,3,3,-96.163,2065,False,False,"duplicate with row 731 (J 4.5), 0.020 cm^-1 away; duplicate with row 736 (J 3.5), 0.040 cm^-1 away; duplicate with the position IDEN2 holds for row 718 (J 3.5), as 059003.000667, 0.015 cm^-1 away"
657,fd6p _3G4H,4.5,e,fd6p,120572.1,452.9,120505.157,weak,7,4.707,4,3,-66.943,2094,False,False,"duplicate with row 641 (J 4.5), 0.040 cm^-1 away"
665,fd6p _3F4G,4.5,e,fd6p,119851.8,452.9,119225.677,weak,5,5.334,4,4,-626.123,2089,False,False,
340,f27d _3F4F,3.5,e,f27d,136601.4,107.4,,,0,,,,,2301,False,True,
623,fd6p _3F4F,4.5,e,fd6p,122553.9,452.9,123391.757,weak,8,3.895,4,3,837.857,2113,False,False,
671,f27p ~3F2F,2.5,o,f27p,119367.6,42.3,119438.014,weak,3,2.973,5,2,70.414,342,False,False,
647,fd6p _3G4G,2.5,e,fd6p,121155.7,452.9,122506.237,weak,7,3.582,3,2,1350.537,2101,False,False,
712,fd6p _3F4F,2.5,e,fd6p,117908.7,452.9,117824.837,weak,11,2.873,3,3,-83.863,2067,False,False,
609,f26d _1I2I,5.5,e,f26d,122968.6,59.4,122865.981,weak,1,0.104,2,2,-102.619,2124,False,False,
478,f27d _3H4F,3.5,e,f27d,132963.7,107.4,,,0,,,,,2228,False,True,
864,f6s2 ~2F2F,2.5,e,f6s2,105360.7,155.9,,,0,,,,,229,False,True,
573,fd6p _3H4G,4.5,e,fd6p,124751.6,452.9,123404.597,weak,12,3.995,2,2,-1347.003,2158,False,False,
740,f27p ~3F2D,1.5,o,f27p,116482.2,42.3,,,0,,,,,296,False,True,
600,f26d _1I2H,5.5,e,f26d,123219.5,59.4,123183.701,weak,1,0.487,3,3,-35.799,2131,False,False,
603,fd6p _3H4G,3.5,e,fd6p,123176.2,452.9,122373.197,weak,8,3.883,2,2,-803.003,2128,False,False,
715,f27p ~3F4D,1.5,o,f27p,117827.4,42.3,117931.594,weak,5,2.958,5,2,104.194,317,False,False,"duplicate with row 710 (J 2.5), 0.000 cm^-1 away"
662,f27p ~3F2D,2.5,o,f27p,119959.7,42.3,120049.474,weak,4,4.595,3,2,89.774,346,False,False,
138,5d3  _2G2G,4.5,e,5d3,145209.2,155.9,144952.947,weak,4,2.984,2,2,-256.253,2426,False,False,
622,fd6p _3F4G,5.5,e,fd6p,122561.2,452.9,122684.657,weak,18,5.839,3,3,123.457,2114,False,False,"duplicate with row 624 (J 5.5), 0.000 cm^-1 away"
572,f26d _3P4F,4.5,e,f26d,124875.6,59.4,124879.801,weak,1,0.503,2,2,4.201,2159,False,False,
605,f26d _1I2H,4.5,e,f26d,123073.4,59.4,123009.041,weak,3,0.397,2,2,-64.359,2127,False,False,
401,f27d _3F4G,2.5,e,f27d,134861.3,107.4,134631.435,weak,5,2.622,4,2,-229.865,2266,False,False,
514,fd6p _3P4D,2.5,e,fd6p,130258.2,452.9,129317.357,weak,37,6.312,4,3,-940.843,2204,False,False,
396,f27d _3F4H,4.5,e,f27d,135028.9,107.4,135179.735,weak,3,2.012,3,3,150.835,2268,False,False,
763,fd6p _3F4G,2.5,e,fd6p,115278.9,452.9,114418.537,weak,17,5.146,3,3,-860.363,2060,False,False,
191,f25g _3F4G,4.5,e,f25g,141436.0,23.6,141430.935,weak,5,1.197,4,4,-5.065,2394,False,False,"duplicate with row 188 (J 4.5), 0.000 cm^-1 away"
133,5d3  _4P4P,2.5,e,5d3,145399.8,155.9,145721.867,weak,2,0.724,2,2,322.067,2428,False,False,
217,f25g _3F4D,3.5,e,f25g,140954.9,23.6,140957.075,weak,5,1.86,3,3,2.175,2376,False,False,
808,f26d _1G2F,2.5,e,f26d,111175.1,59.4,111220.961,no support,2,0.265,2,1,45.861,2054,False,False,
219,f25g _3F4P,2.5,e,f25g,140938.7,23.6,140931.555,weak,2,1.49,3,3,-7.145,2373,False,False,
604,f27p ~1G2G,3.5,o,f27p,123086.8,42.3,123111.934,no support,2,1.74,3,2,25.134,367,False,False,
255,f25g _3F2H,4.5,e,f25g,139566.8,23.6,139575.655,weak,7,1.94,3,2,8.855,2357,False,False,"duplicate with row 256 (J 4.5), 0.000 cm^-1 away"
1023,f25d _1S2D,2.5,e,f25d,68729.5,147.8,68324.901,no support,8,2.725,1,1,-404.599,1974,False,False,
210,f25g _3F4I,4.5,e,f25g,140976.7,23.6,141004.515,weak,2,3.625,3,3,27.815,2382,False,False,
195,f25g _3F4D,2.5,e,f25g,141425.6,23.6,141409.775,weak,9,3.417,3,2,-15.825,2390,False,False,"duplicate with row 192 (J 2.5), 0.020 cm^-1 away"
239,f27d _1G2F,3.5,e,f27d,140222.8,107.4,140283.815,no support,4,0.175,2,1,61.015,2368,False,False,
192,f25g _1G2F,2.5,e,f25g,141432.8,23.6,141409.795,firm,13,5.71,5,4,-23.005,2393,False,False,"duplicate with row 195 (J 2.5), 0.020 cm^-1 away"
325,f27d _3F4D,2.5,e,f27d,136752.1,107.4,136960.755,weak,8,4.069,3,3,208.655,2312,False,False,
215,f25g _3F4H,3.5,e,f25g,140968.0,23.6,140905.955,weak,4,1.361,3,3,-62.045,2378,False,False,
181,5d3  _4P4P,1.5,e,5d3,143055.8,155.9,142656.147,weak,6,2.345,3,2,-399.653,2404,False,False,
34,5d3  _2D2D2,2.5,e,5d3,149388.7,155.9,149326.087,weak,10,3.71,2,2,-62.613,2480,False,False,
674,f27p ~3F2D,1.5,o,f27p,119258.1,42.3,119164.554,weak,11,1.021,3,2,-93.546,341,False,False,
257,f25g _3F4H,3.5,e,f25g,139563.2,23.6,139593.075,weak,8,4.031,2,2,29.875,2355,False,False,"duplicate with row 259 (J 2.5), 0.000 cm^-1 away"
55,5d3  _2H2H,4.5,e,5d3,148753.4,155.9,148570.667,no support,2,2.918,1,1,-182.733,2472,False,False,
256,f25g _3F4I,4.5,e,f25g,139564.3,23.6,139575.655,weak,8,2.193,3,2,11.355,2356,False,False,"duplicate with row 255 (J 4.5), 0.000 cm^-1 away"
393,f27d _3F4P,1.5,e,f27d,135129.3,107.4,135335.055,weak,12,2.341,3,3,205.755,2270,False,False,
260,f25g _3F2K,6.5,e,f25g,139531.3,23.6,139589.195,weak,7,4.572,2,2,57.895,2352,False,False,
601,f26d _1I2K,7.5,e,f26d,123213.3,59.4,123271.741,no support,3,1.152,3,1,58.441,2130,False,False,
568,fd6p _3H2I,5.5,e,fd6p,125200.7,452.9,124783.857,weak,28,11.353,4,3,-416.843,2163,False,False,
149,f25g _1G2G,4.5,e,f25g,144464.5,23.6,144420.555,no support,8,2.93,2,2,-43.945,2419,False,False,
161,f25g _1G2H,4.5,e,f25g,144454.5,23.6,144492.915,weak,7,4.112,3,3,38.415,2408,False,False,
216,f25g _3F4G,2.5,e,f25g,140955.4,23.6,140908.995,weak,10,3.118,3,3,-46.405,2377,False,False,
533,f25f ~1D2D,1.5,o,f25f,128883.3,103.4,128848.442,weak,11,6.732,3,2,-34.858,376,False,False,"duplicate with row 531 (J 1.5), 0.012 cm^-1 away"
147,f25g _1G2F,3.5,e,f25g,144465.7,23.6,144461.995,weak,11,3.115,3,3,-3.705,2421,False,False,
157,f25g _1G2G,3.5,e,f25g,144460.1,23.6,144493.075,weak,8,2.742,3,2,32.975,2411,False,False,
928,f5d2 ~1G2P,0.5,o,f5d2,87291.5,226.8,87064.419,weak,67,10.079,4,2,-227.081,195,False,False,
511,fd6p _3D2D,1.5,e,fd6p,130288.0,452.9,130000.217,weak,99,5.527,2,2,-287.783,2207,False,False,
312,fd6p _1P2P,1.5,e,fd6p,137484.4,452.9,137600.977,weak,41,5.509,2,2,116.577,2324,False,False,
509,f27d _3H4F,1.5,e,f27d,130432.6,107.4,130468.115,no support,12,4.335,2,2,35.515,2208,False,False,
550,fd6p _3H2I,6.5,e,fd6p,127490.0,452.9,127145.877,weak,64,8.208,3,2,-344.123,2181,False,False,
159,f25g _1G2I,5.5,e,f25g,144458.5,23.6,144407.195,weak,7,2.881,2,2,-51.305,2410,False,False,"duplicate with row 152 (J 6.5), 0.020 cm^-1 away; duplicate with row 162 (J 5.5), 0.020 cm^-1 away"
160,f25g _1G2I,6.5,e,f25g,144455.7,23.6,144525.015,weak,9,4.499,2,2,69.315,2409,False,False,
391,f27p ~1I2H,5.5,o,f27p,135138.8,42.3,135248.674,no support,9,5.554,4,2,109.874,436,False,False,
242,f26f ~3F4H,5.5,o,f26f,140159.2,48.3,140129.373,weak,6,2.393,2,2,-29.827,490,False,False,
218,f25g _3F4K,7.5,e,f25g,140939.8,23.6,140873.955,no support,8,3.527,2,1,-65.845,2375,False,False,
152,f25g _1G2K,6.5,e,f25g,144463.1,23.6,144407.175,weak,11,5.653,3,3,-55.925,2417,False,False,"duplicate with row 159 (J 5.5), 0.020 cm^-1 away; duplicate with row 162 (J 5.5), 0.000 cm^-1 away"
328,f25g _3H4P,1.5,e,f25g,136700.7,23.6,136728.775,weak,28,7.573,3,3,28.075,2310,False,False,"duplicate with row 339 (J 2.5), 0.000 cm^-1 away; duplicate with the position IDEN2 holds for row 332 (J 1.5), as 059003.000604, 0.007 cm^-1 away"
229,f26f ~3F4G,5.5,o,f26f,140765.4,48.3,140890.793,weak,4,2.919,2,2,125.393,501,False,False,
531,f27p ~1D2P,1.5,o,f27p,128957.5,42.3,128848.454,weak,2,8.61,3,2,-109.046,378,False,False,"duplicate with row 533 (J 1.5), 0.012 cm^-1 away"
440,f27d _3H4K,8.5,e,f27d,134191.4,107.4,134139.575,weak,21,5.249,2,2,-51.825,2240,False,False,
30,f26g _3H4K,7.5,e,f26g,149456.8,155.9,149573.327,weak,62,5.5,2,2,116.527,2484,False,False,
158,f25g _1G2K,7.5,e,f25g,144460.4,23.6,144466.135,weak,13,3.499,2,2,5.735,2412,False,False,
641,fd6p _3G4H,4.5,e,fd6p,121478.2,452.9,120505.197,firm,4,4.779,6,4,-973.003,2103,False,False,"duplicate with row 657 (J 4.5), 0.040 cm^-1 away"
652,fd6p _3G4G,3.5,e,fd6p,120741.6,452.9,120424.897,weak,8,4.519,5,5,-316.703,2096,False,False,"duplicate with row 664 (J 2.5), 0.040 cm^-1 away; duplicate with row 634 (J 2.5), 0.060 cm^-1 away"
515,fd6p _1F2F,3.5,e,fd6p,130141.8,452.9,129744.097,firm,7,10.781,6,6,-397.703,2203,False,False,"duplicate with the position IDEN2 holds for row 519 (J 4.5), as 059003.000573, 0.002 cm^-1 away"
648,fd6p _3F4D,3.5,e,fd6p,121073.4,452.9,121065.857,weak,5,1.287,4,4,-7.543,2100,False,False,
365,fd6p _1H2G,4.5,e,fd6p,136261.9,452.9,136655.537,weak,11,1.545,3,2,393.637,2284,False,False,
664,fd6p _3F4D,2.5,e,fd6p,119878.1,452.9,120424.857,weak,10,2.649,2,2,546.757,2090,False,False,"duplicate with row 652 (J 3.5), 0.040 cm^-1 away; duplicate with row 634 (J 2.5), 0.020 cm^-1 away"
617,fd6p _3G4F,3.5,e,fd6p,122648.9,452.9,121536.137,weak,9,2.979,3,2,-1112.763,2118,False,False,
553,fd6p _1F2G,3.5,e,fd6p,126856.4,452.9,125695.217,weak,8,4.201,3,3,-1161.183,2178,False,False,
836,f26d _3F4P,2.5,e,f26d,107614.5,59.4,107620.081,weak,2,6.249,3,3,5.581,2033,False,False,
854,f26d _3F2D,1.5,e,f26d,105993.3,59.4,105946.061,weak,2,1.019,2,2,-47.239,2015,False,False,
624,fd6p _3G4H,5.5,e,fd6p,122464.3,452.9,122684.657,weak,15,6.428,3,3,220.357,2112,False,False,"duplicate with row 622 (J 5.5), 0.000 cm^-1 away"
524,fd6p _3D2F,2.5,e,fd6p,129486.6,452.9,129877.097,weak,39,3.491,3,3,390.497,2195,False,False,"duplicate with row 521 (J 3.5), 0.002 cm^-1 away; duplicate with the position IDEN2 holds for row 518 (J 2.5), as 059003.000652, 0.008 cm^-1 away"
687,f26d _1D2G,3.5,e,f26d,118727.8,59.4,118826.821,weak,2,0.753,2,2,99.021,2078,False,False,
826,f6s2 ~2F2F,3.5,e,f6s2,108172.5,155.9,107729.847,weak,3,1.061,4,4,-442.653,230,False,False,
512,fd6p _3H2G,4.5,e,fd6p,130273.2,452.9,130432.617,weak,19,3.307,3,2,159.417,2206,False,False,
673,f26d _1D2D,2.5,e,f26d,119260.6,59.4,119153.961,weak,3,1.985,2,2,-106.639,2084,False,False,
881,f5d6s~1P2P,1.5,o,f5d6s,102482.1,305.4,102266.003,weak,4,0.349,2,2,-216.097,228,False,False,
364,f27d _3F4H,5.5,e,f27d,136302.2,107.4,136153.455,weak,6,2.412,3,2,-148.745,2285,False,False,
585,f26d _1I2G,4.5,e,f26d,124287.9,59.4,124182.841,weak,6,1.838,2,2,-105.059,2146,False,False,
814,f26d _1G2D,2.5,e,f26d,110697.6,59.4,110780.261,weak,8,3.466,3,2,82.661,2050,False,False,
827,f26d _3F2P,1.5,e,f26d,108125.7,59.4,108175.241,weak,7,3.729,3,2,49.541,2042,False,False,
56,5d3  _2H2H,5.5,e,5d3,148745.1,155.9,148309.607,weak,7,1.684,2,2,-435.493,2471,False,False,
357,f26f ~3H4G,3.5,o,f26f,136439.6,48.3,136530.633,weak,2,3.644,5,2,91.033,454,False,False,
452,f25f ~3P2D,2.5,o,f25f,133794.4,103.4,133837.662,no support,2,2.043,2,2,43.262,413,False,False,
844,f26d _3F4D,1.5,e,f26d,107103.6,59.4,107141.281,weak,5,1.286,2,2,37.681,2025,False,False,
144,5d3  _2G2G,3.5,e,5d3,144585.2,155.9,144610.067,no support,3,0.68,2,1,24.867,2424,False,False,
820,f27s _1G2G,4.5,e,f27s,110201.1,73.7,110172.357,weak,14,6.529,2,2,-28.743,2047,False,False,
395,f27d _3F4F,1.5,e,f27d,135076.7,107.4,134811.075,weak,6,1.475,4,2,-265.625,2269,False,False,
819,f27s _1G2G,3.5,e,f27s,110276.6,73.7,110238.217,weak,22,9.666,3,3,-38.383,2048,False,False,
435,f25f ~3P4D,2.5,o,f25f,134301.4,103.4,134163.122,weak,7,5.366,3,3,-138.278,422,False,False,
246,f27d _1G2G,4.5,e,f27d,139986.3,107.4,139751.575,weak,7,3.389,3,2,-234.725,2365,False,False,
407,f26f ~3H4G,2.5,o,f26f,134697.2,48.3,134557.393,weak,4,1.332,3,2,-139.807,429,False,False,
450,f25f ~3P4F,1.5,o,f25f,133992.1,103.4,134163.342,weak,6,2.032,3,2,171.242,415,False,False,"duplicate with row 443 (J 3.5), 0.069 cm^-1 away; duplicate with the position IDEN2 holds for row 434 (J 4.5), as 059003.000515, 0.048 cm^-1 away"
335,f26f ~3H4D,2.5,o,f26f,136642.5,48.3,136769.193,weak,2,0.893,2,2,126.693,459,False,False,
415,f26f ~3H4I,4.5,o,f26f,134514.1,48.3,134379.433,no support,1,0.193,2,1,-134.667,427,False,False,
248,f27d _1G2D,2.5,e,f27d,139896.0,107.4,139999.855,weak,11,2.289,2,2,103.855,2364,False,False,
110,f28s _1D2D,2.5,e,f28s,147240.8,79.7,147077.376,weak,7,2.891,3,3,-163.424,2434,False,False,
259,f25g _3F4G,2.5,e,f25g,139543.5,23.6,139593.075,weak,14,2.398,2,2,49.575,2353,False,False,"duplicate with row 257 (J 3.5), 0.000 cm^-1 away"
529,f27p ~1D2F,2.5,o,f27p,129013.3,42.3,129003.094,weak,4,4.16,2,2,-10.206,379,False,False,
1054,f5d2 ~3F2S,0.5,o,f5d2,65631.0,226.8,65780.839,weak,54,4.45,3,3,149.839,72,False,False,
275,f25g _3H4P,2.5,e,f25g,138940.8,23.6,138891.675,weak,17,3.827,2,2,-49.125,2344,False,False,
162,f25g _1G2H,5.5,e,f25g,144454.4,23.6,144407.175,weak,8,3.332,3,3,-47.225,2407,False,False,"duplicate with row 159 (J 5.5), 0.020 cm^-1 away; duplicate with row 152 (J 6.5), 0.000 cm^-1 away"
272,f26f ~3F4I,5.5,o,f26f,138967.6,48.3,138896.693,weak,3,1.898,2,2,-70.907,480,False,False,
462,f27p ~1I2I,5.5,o,f27p,133508.9,42.3,133600.234,no support,3,1.679,2,1,91.334,406,False,False,
250,f27d _1G2H,5.5,e,f27d,139822.0,107.4,139875.055,weak,10,3.962,2,2,53.055,2362,False,False,
184,f25g _3F2I,6.5,e,f25g,141443.9,23.6,141447.315,no support,5,2.04,2,2,3.415,2401,False,False,
460,f27p ~1I2I,6.5,o,f27p,133556.1,42.3,133669.254,weak,2,0.512,2,2,113.154,407,False,False,
240,f27d _1G2F,2.5,e,f27d,140214.3,107.4,139908.515,weak,15,5.649,3,3,-305.785,2367,False,False,"duplicate with row 243 (J 1.5), 0.020 cm^-1 away"
901,f5d6s~3P2P,1.5,o,f5d6s,97374.4,305.4,96761.143,weak,55,3.485,2,2,-613.257,222,False,False,
62,f27d _1D2F,3.5,e,f27d,148294.5,107.4,148531.675,no support,5,2.077,2,1,237.175,2468,False,False,
1022,f5d2 ~1D2P,0.5,o,f5d2,68762.3,226.8,68564.719,weak,142,9.231,3,3,-197.581,102,False,False,
221,f25g _3F4F,1.5,e,f25g,140936.9,23.6,140869.735,weak,14,3.15,3,3,-67.165,2372,False,False,"duplicate with row 223 (J 0.5), 0.040 cm^-1 away"
199,f25g _3F4P,1.5,e,f25g,141418.0,23.6,141473.695,weak,18,2.67,3,3,55.695,2386,False,False,
320,f27d _3F2D,1.5,e,f27d,136895.1,107.4,136587.675,weak,10,4.494,2,2,-307.425,2316,False,False,
618,f27s _1I2I,6.5,e,f27s,122636.7,73.7,122819.617,weak,30,10.627,3,3,182.917,2117,False,False,"duplicate with row 614 (J 6.5), 0.004 cm^-1 away"
359,f26f ~3H4I,5.5,o,f26f,136396.1,48.3,136337.273,weak,4,0.148,2,2,-58.827,452,False,False,
346,f27d _3F4P,1.5,e,f27d,136568.7,107.4,136271.075,weak,9,1.315,2,2,-297.625,2297,False,False,
380,f27p ~1I2H,4.5,o,f27p,135618.2,42.3,135722.634,weak,15,5.203,2,2,104.434,442,False,False,
73,f27d _1D2G,4.5,e,f27d,148006.7,107.4,148249.255,no support,6,1.01,1,1,242.555,2461,False,False,
104,f26g _3H2I,5.5,e,f26g,147323.1,155.9,146881.187,weak,30,0.723,2,2,-441.913,2439,False,False,
174,f26f ~1G2H,5.5,o,f26f,143877.1,48.3,143945.033,weak,9,3.557,2,2,67.933,518,False,False,
451,f26f ~3H4F,1.5,o,f26f,133965.8,48.3,134028.233,weak,6,4.636,4,2,62.433,414,False,False,
1070,f5d2 ~3F4D,0.5,o,f5d2,63128.5,226.8,63228.899,weak,139,3.97,2,2,100.399,56,False,False,
231,f26f ~3F2H,4.5,o,f26f,140605.1,48.3,140543.293,no support,4,2.056,1,1,-61.807,499,False,False,
64,f27d _1D2D,2.5,e,f27d,148255.8,107.4,148195.275,no support,13,1.387,2,1,-60.525,2466,False,False,
25,f26g _3H4H,5.5,e,f26g,149474.9,155.9,149796.967,weak,28,5.019,2,2,322.067,2486,False,False,"duplicate with row 21 (J 4.5), 0.000 cm^-1 away"
109,f28s _1D2D,1.5,e,f28s,147248.1,79.7,147048.276,weak,20,3.681,2,2,-199.824,2435,False,False,
274,f25g _3H2P,1.5,e,f25g,138944.5,23.6,139004.115,weak,31,5.398,2,2,59.615,2345,False,False,
263,f25g _3F2P,1.5,e,f25g,139513.5,23.6,139577.695,weak,14,4.445,2,2,64.195,2349,False,False,
855,f26d _3F4P,0.5,e,f26d,105979.2,59.4,105890.801,weak,21,1.843,2,2,-88.399,2014,False,False,
404,f27p ~1I2K,6.5,o,f27p,134829.4,42.3,134749.554,no support,15,3.669,3,1,-79.846,430,False,False,
301,f26f ~3H2K,7.5,o,f26f,138498.0,48.3,138559.453,weak,3,9.239,3,3,61.453,471,False,False,
196,f25g _3F2K,7.5,e,f25g,141424.1,23.6,141440.815,weak,6,5.287,2,2,16.715,2389,False,False,"duplicate with the position IDEN2 holds for row 186 (J 7.5), as 059003.000622, 0.006 cm^-1 away"
261,f25g _3F4K,5.5,e,f25g,139524.7,23.6,139507.755,no support,3,1.972,1,1,-16.945,2351,False,False,
237,f26f ~3F2I,5.5,o,f26f,140278.7,48.3,140184.953,no support,5,2.343,1,1,-93.747,493,False,False,
106,f26g _3H2K,6.5,e,f26g,147313.7,155.9,147373.447,weak,56,4.6,2,2,59.747,2437,False,False,
717,f27p ~3F4D,0.5,o,f27p,117733.1,42.3,117784.154,no support,19,3.388,1,1,51.054,315,False,False,
179,5d3  _4P4P,0.5,e,5d3,143478.5,155.9,143944.807,weak,45,4.009,3,2,466.307,2405,False,False,
168,f26f ~1G2K,6.5,o,f26f,144088.1,48.3,144103.313,weak,8,7.334,2,2,15.213,524,False,False,
24,f26g _3H4L,7.5,e,f26g,149481.6,155.9,149789.147,weak,59,5.792,3,3,307.547,2487,False,False,
150,f25g _1G2D,2.5,e,f25g,144464.0,23.6,144405.295,weak,22,2.937,2,2,-58.705,2418,False,False,
232,f26f ~3F4I,6.5,o,f26f,140601.8,48.3,140680.053,weak,14,4.721,2,2,78.253,498,False,False,
29,f26g _3H4I,6.5,e,f26g,149456.8,155.9,149773.047,no support,36,5.54,2,2,316.247,2483,False,False,
542,f25f ~1D2P,0.5,o,f25f,128448.6,103.4,128532.122,no support,21,2.437,3,1,83.522,370,False,False,
176,f26f ~1G2I,6.5,o,f26f,143627.2,48.3,143617.333,weak,19,5.786,3,2,-9.867,516,False,False,
208,f26f ~3F2I,6.5,o,f26f,141135.0,48.3,141247.913,weak,7,9.052,2,2,112.913,507,False,False,
244,f26f ~3F4I,6.5,o,f26f,140130.1,48.3,140239.433,no support,4,2.31,2,1,109.333,489,False,False,
153,f25g _1G2L,7.5,e,f25g,144462.1,23.6,144432.035,no support,18,3.094,2,2,-30.065,2414,False,False,
67,f27d _1D2D,1.5,e,f27d,148105.8,107.4,148079.795,no support,19,1.731,1,1,-26.005,2463,False,False,
412,f25g _3H4D,0.5,e,f25g,134542.7,23.6,134549.995,weak,54,5.32,2,2,7.295,2259,False,False,
96,f26g _3H2M,8.5,e,f26g,147394.1,155.9,147612.687,no support,103,3.902,2,1,218.587,2447,False,False,
388,f25f ~3P4D,0.5,o,f25f,135252.3,103.4,134961.942,no support,13,2.526,2,1,-290.358,437,False,False,
228,f26f ~3F4I,7.5,o,f26f,140780.2,48.3,140849.413,weak,19,7.198,2,2,69.213,502,False,False,
410,f25g _3H4P,0.5,e,f25g,134560.6,23.6,134609.035,weak,29,8.222,2,2,48.435,2261,False,False,
567,fd6p _1F2G,4.5,e,fd6p,125237.6,452.9,124638.997,firm,11,7.21,5,5,-598.603,2164,False,False,
588,fd6p _3H4G,3.5,e,fd6p,124189.4,452.9,123549.057,weak,11,2.629,5,3,-640.343,2143,False,False,
637,f27p ~1G2F,3.5,o,f27p,121583.5,42.3,121581.034,weak,1,2.085,5,2,-2.466,357,False,False,
634,fd6p _3F4D,2.5,e,fd6p,121676.6,452.9,120424.837,weak,13,5.176,3,3,-1251.763,2105,False,False,"duplicate with row 652 (J 3.5), 0.060 cm^-1 away; duplicate with row 664 (J 2.5), 0.020 cm^-1 away"
564,fd6p _1D2F,3.5,e,fd6p,125530.6,452.9,124825.057,weak,8,2.101,3,2,-705.543,2167,False,False,
549,fd6p _3D4F,3.5,e,fd6p,127710.0,452.9,126634.137,weak,26,7.721,3,3,-1075.863,2182,False,False,
566,f26d _3P2F,3.5,e,f26d,125263.1,59.4,125096.601,weak,4,0.999,2,2,-166.499,2165,False,False,
910,f5d6s~3P4P,1.5,o,f5d6s,93427.9,305.4,92963.543,weak,23,3.749,4,3,-464.357,213,False,False,
552,fd6p _3D4D,3.5,e,fd6p,127128.4,452.9,126453.477,weak,30,2.419,2,2,-674.923,2179,False,False,
659,fd6p _3F4D,1.5,e,fd6p,120221.0,452.9,118976.757,weak,34,3.117,3,2,-1244.243,2092,False,False,
425,f26f ~3H4F,2.5,o,f26f,134417.9,48.3,134561.333,weak,2,2.467,6,2,143.433,426,False,False,
493,fd6p _3D2D,2.5,e,fd6p,132112.5,452.9,132921.797,weak,40,2.434,2,2,809.297,2222,False,False,
608,fd6p _3H4G,2.5,e,fd6p,123020.6,452.9,123276.997,weak,69,3.487,2,2,256.397,2125,False,False,
581,fd6p _3F2F,2.5,e,fd6p,124369.4,452.9,124024.817,weak,50,4.223,2,2,-344.583,2150,False,False,
650,fd6p _3D4F,1.5,e,fd6p,120808.7,452.9,121171.897,weak,54,3.535,3,2,363.197,2098,False,False,
371,f26f ~3H4H,4.5,o,f26f,136100.3,48.3,136237.093,weak,3,1.51,3,3,136.793,446,False,False,"duplicate with row 369 (J 3.5), 0.020 cm^-1 away"
594,f26d _3P4F,3.5,e,f26d,123752.5,59.4,123733.241,no support,4,1.34,2,1,-19.259,2137,False,False,
668,f26d _1D2F,3.5,e,f26d,119407.2,59.4,119558.201,no support,3,1.464,2,0,151.001,2087,False,False,
1085,4f3  ~2F2F1,2.5,o,4f3,54158.4,101.0,53937.064,weak,44,7.614,2,2,-221.336,41,False,False,
574,f26d _1I2G,3.5,e,f26d,124705.2,59.4,124687.081,weak,9,1.927,2,2,-18.119,2157,False,False,
307,f26f ~3H4F,4.5,o,f26f,138285.5,48.3,138410.693,weak,4,8.391,3,3,125.193,466,False,False,"duplicate with the position IDEN2 holds for row 304 (J 5.5), as 059003.000534, 0.067 cm^-1 away"
629,fd6p _3D2P,1.5,e,fd6p,122017.8,452.9,122280.297,weak,99,4.806,2,2,262.497,2108,False,False,
678,f26d _1D2G,4.5,e,f26d,119027.7,59.4,119103.241,no support,13,1.682,2,1,75.541,2081,False,False,
606,f27p ~1G2F,2.5,o,f27p,123038.1,42.3,122912.474,no support,3,0.963,2,1,-125.626,366,False,False,
748,fd6p _3F2D,1.5,e,fd6p,115992.5,452.9,116896.977,weak,116,4.917,3,2,904.477,2062,False,False,
204,f26f ~3F4F,3.5,o,f26f,141245.0,48.3,141274.193,no support,3,2.079,4,2,29.193,510,False,False,
369,f26f ~3H4F,3.5,o,f26f,136185.8,48.3,136237.113,weak,7,5.357,4,2,51.313,448,False,False,"duplicate with row 371 (J 4.5), 0.020 cm^-1 away"
211,f26f ~3F2G,4.5,o,f26f,140972.3,48.3,140890.613,weak,4,0.191,3,3,-81.687,506,False,False,
194,f25g _1G2D,1.5,e,f25g,141426.0,23.6,141435.775,weak,14,6.009,3,3,9.775,2391,False,False,"duplicate with row 198 (J 0.5), 0.000 cm^-1 away"
654,f25f ~1G2P,0.5,o,f25f,120658.3,103.4,120627.162,no support,5,2.039,1,1,-31.138,349,False,False,
262,f25g _3F4P,2.5,e,f25g,139515.3,23.6,139544.055,weak,11,4.895,2,2,28.755,2350,False,False,
78,f27d _1D2G,3.5,e,f27d,147863.5,107.4,147654.155,weak,7,1.426,2,2,-209.345,2457,False,False,
1008,f5d2 ~3F4P,0.5,o,f5d2,70478.0,226.8,71090.719,weak,91,1.505,2,2,612.719,116,False,False,
686,f26d _1D2D,1.5,e,f26d,118792.5,59.4,118869.741,no support,22,6.272,1,1,77.241,2079,False,False,
403,f25f ~3P4D,1.5,o,f25f,134831.6,103.4,134879.122,weak,11,3.703,3,2,47.522,431,False,False,
792,f26p ~1S2P,1.5,o,f26p,112214.9,108.7,112001.619,weak,16,3.109,3,2,-213.281,248,False,False,
100,f26g _3H2H,4.5,e,f26g,147344.7,155.9,147089.147,no support,17,1.165,1,1,-255.553,2443,False,False,
68,f27d _1D2F,2.5,e,f27d,148085.8,107.4,148289.375,weak,8,4.385,2,2,203.575,2462,False,False,
305,f26f ~3H4D,3.5,o,f26f,138365.2,48.3,138496.613,no support,5,1.309,1,1,131.413,468,False,False,
433,f27p ~3P4S,1.5,o,f27p,134345.1,42.3,134399.894,no support,3,1.435,3,1,54.794,424,False,False,
559,f26d _3P2D,2.5,e,f26d,126005.2,59.4,125952.521,no support,15,2.799,0,0,-52.679,2172,False,False,
368,f27d _3F4D,1.5,e,f27d,136186.3,107.4,136491.775,weak,28,5.659,3,3,305.475,2282,False,False,"duplicate with row 363 (J 3.5), 0.020 cm^-1 away"
361,f26f ~3H4F,2.5,o,f26f,136362.4,48.3,136475.153,weak,8,3.453,2,2,112.753,451,False,False,
5,5d3  _2P2P,1.5,e,5d3,149761.5,155.9,149808.787,no support,20,2.832,2,2,47.287,2501,False,False,
156,f26f ~1G2G,4.5,o,f26f,144460.3,48.3,144506.313,no support,5,4.31,2,2,46.013,530,False,False,
857,f26d _3F2P,0.5,e,f26d,105664.6,59.4,105545.081,no support,11,3.515,1,1,-119.519,2012,False,False,
270,f26f ~3F4G,2.5,o,f26f,138998.9,48.3,138907.093,weak,5,2.193,2,2,-91.807,482,False,False,
290,f26f ~3H2F,3.5,o,f26f,138780.5,48.3,138896.993,no support,3,2.102,2,2,116.493,477,False,False,
896,f5d6s~1P2P,0.5,o,f5d6s,100126.8,305.4,100580.603,weak,102,5.37,2,2,453.803,227,False,False,
1038,f25d _1S2D,1.5,e,f25d,67211.8,147.8,67425.561,weak,79,4.347,2,2,213.761,1973,False,False,
105,f26g _3H4I,4.5,e,f26g,147318.1,155.9,147542.447,no support,20,2.727,1,1,224.347,2438,False,False,"duplicate with row 101 (J 3.5), 0.006 cm^-1 away"
21,f26g _3H4G,4.5,e,f26g,149499.0,155.9,149796.967,weak,25,3.377,2,2,297.967,2490,False,False,"duplicate with row 25 (J 5.5), 0.000 cm^-1 away"
300,f26f ~3F4H,3.5,o,f26f,138554.8,48.3,138672.913,no support,11,1.66,1,1,118.113,472,False,False,
438,f27p ~3P4S,1.5,o,f27p,134249.1,42.3,134195.954,no support,8,1.016,3,1,-53.146,419,False,False,
367,f27p ~3P4D,3.5,o,f27p,136211.8,42.3,136232.634,no support,5,1.262,2,0,20.834,449,False,False,
806,f26d _1G2D,1.5,e,f26d,111182.3,59.4,111323.621,no support,23,3.265,2,1,141.321,2056,False,False,
551,fd6p _1F2D,1.5,e,fd6p,127403.7,452.9,126279.977,no support,88,3.432,2,1,-1123.723,2180,False,False,
510,f27p ~1D2F,3.5,o,f27p,130293.0,42.3,130231.554,no support,6,2.471,2,0,-61.446,381,False,False,
107,f26g _3H4K,5.5,e,f26g,147305.1,155.9,146899.187,weak,29,3.817,2,2,-405.913,2436,False,False,
656,fd6p _3D2P,0.5,e,fd6p,120611.0,452.9,120767.597,no support,173,4.877,1,1,156.597,2095,False,False,
899,f5d6s~3P2P,0.5,o,f5d6s,98274.6,305.4,97670.343,weak,82,6.24,2,2,-604.257,224,False,False,
146,f25g _1G2F,2.5,e,f25g,144467.8,23.6,144462.195,weak,19,0.936,2,2,-5.605,2422,False,False,
837,f26d _3F2P,0.5,e,f26d,107529.8,59.4,107422.281,no support,15,4.196,1,1,-107.519,2032,False,False,
101,f26g _3H4H,3.5,e,f26g,147342.4,155.9,147542.441,no support,21,2.649,1,1,200.041,2442,False,False,"duplicate with row 105 (J 4.5), 0.006 cm^-1 away"
103,f26g _3H4L,6.5,e,f26g,147332.1,155.9,147550.461,no support,45,4.814,1,1,218.361,2440,False,False,
296,f26f ~3F4I,4.5,o,f26f,138652.3,48.3,138630.413,no support,5,2.478,1,1,-21.887,475,False,False,
102,f26g _3H2L,7.5,e,f26g,147340.1,155.9,147108.121,weak,80,2.5,2,2,-231.979,2441,False,False,
249,f27d _1G2I,6.5,e,f27d,139847.5,107.4,139989.955,no support,39,5.142,2,1,142.455,2363,False,False,
243,f27d _1G2D,1.5,e,f27d,140144.0,107.4,139908.495,weak,33,5.194,2,2,-235.505,2366,False,False,"duplicate with row 240 (J 2.5), 0.020 cm^-1 away"
405,f27d _3F2P,0.5,e,f27d,134810.9,107.4,135026.475,weak,55,3.601,3,2,215.575,2264,False,False,
285,f26f ~3F4P,1.5,o,f26f,138811.4,48.3,138788.093,no support,11,1.626,1,1,-23.307,479,False,False,
385,f27p ~1I2K,7.5,o,f27p,135347.9,42.3,135352.474,no support,8,3.229,2,1,4.574,440,False,False,
23,f26g _3H4L,8.5,e,f26g,149482.8,155.9,149047.241,weak,58,10.853,3,2,-435.559,2488,False,False,
165,f26f ~1G2D,2.5,o,f26f,144224.1,48.3,144092.133,no support,9,2.571,2,1,-131.967,527,False,False,
32,f26g _3H4K,6.5,e,f26g,149441.8,155.9,149377.901,no support,31,3.025,1,1,-63.899,2481,False,False,
397,f27d _3F4P,0.5,e,f27d,134997.8,107.4,135034.655,weak,48,4.277,2,2,36.855,2267,False,False,
207,f26f ~3F4S,1.5,o,f26f,141192.0,48.3,141250.293,weak,2,4.961,2,2,58.293,508,False,False,
590,f26d _1I2L,7.5,e,f26d,124011.9,59.4,123978.321,no support,35,3.57,1,1,-33.579,2141,False,False,
200,f25g _3F4P,0.5,e,f25g,141414.9,23.6,141475.375,no support,24,3.531,2,2,60.475,2385,False,False,
342,f27d _3F2P,0.5,e,f27d,136597.7,107.4,136602.035,weak,117,5.56,2,2,4.335,2300,False,False,
223,f25g _3F4D,0.5,e,f25g,140922.4,23.6,140869.695,weak,25,3.86,2,2,-52.705,2370,False,False,"duplicate with row 221 (J 1.5), 0.040 cm^-1 away"
17,f26g _3H4M,8.5,e,f26g,149532.6,155.9,149910.501,weak,106,6.735,2,2,377.901,2494,False,False,
197,f25g _3F4K,8.5,e,f25g,141423.5,23.6,141356.415,weak,20,8.763,2,2,-67.085,2388,False,False,
198,f25g _3F2P,0.5,e,f25g,141422.7,23.6,141435.775,weak,29,4.938,2,2,13.075,2387,False,False,"duplicate with row 194 (J 1.5), 0.000 cm^-1 away"
151,f25g _1G2D,1.5,e,f25g,144462.5,23.6,144419.415,no support,23,1.859,1,1,-43.085,2416,False,False,
327,f25g _3H2P,0.5,e,f25g,136713.6,23.6,136702.095,no support,26,5.229,2,2,-11.505,2311,False,False,
173,f26f ~1G2K,7.5,o,f26f,143938.0,48.3,143928.753,weak,8,10.799,2,2,-9.247,519,False,False,
97,f26g _3H4M,7.5,e,f26g,147385.6,155.9,147526.541,weak,76,6.723,2,2,140.941,2446,False,False,
18,f26g _3H4M,9.5,e,f26g,149532.3,155.9,149478.221,no support,103,4.553,1,1,-54.079,2493,False,False,
74,f27d _1D2P,0.5,e,f27d,148002.9,107.4,148306.335,no support,37,3.051,1,1,303.435,2460,False,False,
154,f25g _1G2L,8.5,e,f25g,144462.2,23.6,144412.615,no support,19,4.845,1,1,-49.585,2415,False,False,
583,f26d _1I2L,8.5,e,f26d,124336.0,59.4,124448.861,no support,46,5.629,1,1,112.861,2148,False,False,
155,f25g _1G2P,0.5,e,f25g,144460.8,23.6,144404.015,no support,32,1.737,1,1,-56.785,2413,False,False,
148,f25g _1G2S,0.5,e,f25g,144464.6,23.6,144533.335,no support,33,2.064,1,1,68.735,2420,False,False,
