level_id,E,ln_R,scan_width,fingerprint
059003.000001,0.0,148.433,606.0,c9c209320d01b624
059003.000031,1398.342,156.875,606.0,abdfb5ded5b15878
059003.000032,2893.1361,142.666,606.0,940a630f40dd625f
059003.000033,4453.75,106.49,606.0,e59162b7fbafe74f
059003.000034,9370.6713,100.654,606.0,1e48494483bb89f3
059003.000035,10032.9334,104.522,606.0,930b67db79cf336e
059003.000036,10138.1898,148.312,606.0,97fd7ea7d0b4729b
059003.000037,10859.0699,155.381,606.0,9afbc3223c43c8dc
059003.000038,10950.2532,104.532,606.0,29e36a99433dd202
059003.000039,11761.7047,110.609,606.0,7489ac25a914dcf7
059003.000040,12494.6376,94.768,606.0,57a322ad5846e078
059003.000041,12846.6572,200.596,886.7,5899c2eb1e925ccf
059003.000042,13352.0829,90.015,886.7,045f5b01122569c1
059003.000043,13887.6014,101.215,606.0,87487b43ad2af6de
059003.000044,14187.3426,62.337,606.0,59cb89eab31a36fa
059003.000045,14558.801,183.709,886.7,179256e6074a2d38
059003.000046,14859.9705,249.605,886.7,843271271866cf17
059003.000047,15045.8143,84.873,886.7,9127ec95a6220239
059003.000048,15443.4972,68.409,606.0,b9e8cf2ba5ba8c38
059003.000049,15454.166,100.676,886.7,8c46cd9d1709c74e
059003.000050,15525.4936,148.78,886.7,ce317000e71e5b26
059003.000051,15705.141,96.268,606.0,4f34a1761cbb5554
059003.000052,16089.133,92.897,606.0,b17d352fd721e555
059003.000053,16135.9519,126.956,886.7,85e7b65a4557346b
059003.000054,16516.139,111.805,886.7,440500da46c91483
059003.000055,16763.9877,72.221,606.0,2acc69b374e7f21e
059003.000056,17095.6443,70.442,606.0,3b5520177d34bf3c
059003.000057,17113.1644,153.331,886.7,d22dadb8d75e4bfe
059003.000058,17409.6152,32.337,606.0,603ee2295dc0f3a6
059003.000059,17534.7441,96.342,886.7,744c54c413edb724
059003.000060,17626.9845,156.149,886.7,8089b27062a3c0be
059003.000061,17642.0424,52.023,606.0,f7c28c431ef32571
059003.000062,18063.3469,164.25,886.7,c9345d526a718467
059003.000063,18211.7778,157.526,981.2,8d7fbb3fedfe0dd9
059003.000064,18241.5182,216.712,886.7,ace2b1fbda4ad9ae
059003.000065,18693.6648,51.517,606.0,638d8a0f7ea7adb9
059003.000066,18921.2372,98.539,886.7,c5879eb354adc8df
059003.000067,18990.0664,90.999,886.7,4004fa460991cfa5
059003.000068,19046.135,75.593,606.0,8f1fa28c44bc937a
059003.000069,19308.9111,156.842,886.7,9bd9737572cef586
059003.000070,19360.0718,185.268,886.7,12cd5fb729f22e8e
059003.000071,19649.6462,47.212,886.7,032e272ca3dd20d5
059003.000072,19700.8816,150.389,886.7,019182a88734b503
059003.000073,19872.4569,241.619,893.6,1b0fae7135165fbd
059003.000539,20096.7222,33.654,886.7,69cbc0d00d0b167f
059003.000074,20160.365,85.474,886.7,b0e0db1159551a38
059003.000075,20315.616,91.966,886.7,15ed245ac304930a
059003.000076,20848.4039,120.783,886.7,9d69ea803635cf41
059003.000077,20856.8702,47.003,606.0,d29ddabd1ce841cb
059003.000078,21148.4244,95.133,886.7,11badd25b6772d01
059003.000079,21238.7339,156.075,886.7,3aa0f9d05f35b952
059003.000080,21294.8983,195.504,886.7,ae5ea725ece47432
059003.000081,21418.8289,124.399,886.7,c9041bbdcbc3106e
059003.000082,21535.1635,216.104,886.7,36d70ae0e1314496
059003.000540,21598.6038,28.652,886.7,1aff99f4912a32ee
059003.000083,21611.1976,133.529,886.7,b050ec4409b5faad
059003.000084,21755.833,98.286,886.7,3dd19c3534d9e050
059003.000085,22080.9527,180.143,886.7,6f0ecfec981b2811
059003.000086,22277.6738,80.465,886.7,d8f84355d59d52ee
059003.000087,22527.7244,171.379,886.7,d2aa0e1a346042cb
059003.000088,22747.7099,178.423,886.7,2cbd2043d99d57a5
059003.000089,23050.6158,80.203,886.7,3306b4b97b9877f3
059003.000090,23091.705,46.744,606.0,49942431c0d81782
059003.000091,23175.0655,131.139,886.7,66e6753305c10d3a
059003.000092,23246.0005,67.957,606.0,54c90f9699e2447e
059003.000093,23442.2517,205.502,886.7,0fc7b4fff5d59af1
059003.000094,23465.4707,20.27,606.0,a7d69ae81cc9e45e
059003.000095,23532.8599,118.335,886.7,50a711b7ad78e102
059003.000096,23647.7632,178.415,886.7,f6b7317f3fb2d9a2
059003.000097,23651.8916,229.961,886.7,f11d28c57684cb46
059003.000098,23751.5525,92.623,886.7,4e10b64bce57d64d
059003.000099,23844.5969,212.4,886.7,f16c9d00ba7c590c
059003.000100,23955.3338,35.088,886.7,0139a183972586ff
059003.000101,24250.6334,66.835,886.7,efef6a1b475cc8de
059003.000102,24309.2072,106.777,886.7,6186d3df0e3a538d
059003.000103,24357.9779,74.541,606.0,0b5f0c5d0915adde
059003.000104,24461.2503,199.017,886.7,bbb001a2604f7821
059003.000105,24470.9094,162.212,886.7,865d91659bd33af4
059003.000106,24788.0221,156.905,886.7,f31a06ec7e7a5371
059003.000107,24886.5289,40.273,606.0,78aace5d6aac10b9
059003.000108,25033.9177,196.325,886.7,fdce25bb5eb5e86c
059003.000109,25244.6511,30.364,606.0,b80a2f8345ab5326
059003.000110,25391.7708,49.006,606.0,7fa95ef637814deb
059003.000111,25409.7559,248.521,886.7,50848c28333ea2e6
059003.000112,25934.9795,181.249,886.7,d78cff18d9613a7c
059003.000113,25979.3061,109.825,886.7,2e9dcfd276d906a4
059003.000114,26095.2372,160.753,886.7,1753969d5432524a
059003.000115,26446.9739,197.341,886.7,4758001a3d48af5f
059003.000116,26447.9158,31.722,606.0,51c050e557fe112a
059003.000117,26921.4912,52.471,606.0,38f2b9aac588f837
059003.000118,27089.7149,18.982,606.0,cf8f561ede80c95d
059003.000119,27138.5566,186.325,886.7,ffa61eb7b873918f
059003.000120,27380.3113,193.864,886.7,b6627532ce172881
059003.000121,27452.4557,126.056,886.7,131a221218bded97
059003.000122,27597.1408,46.167,606.0,edfbaf329e7e91ff
059003.000123,27604.2688,209.799,886.7,13854775e0563ddf
059003.000124,28101.7827,51.292,606.0,88cc91f68495f2a8
059003.000125,28399.4544,67.516,580.9,54976dd76f83dc8f
059003.000126,28720.701,244.737,886.7,2117d2acab952d49
059003.000127,28885.0847,126.626,580.9,76121508335a7b3b
059003.000128,28936.4543,42.633,886.7,f92fcc1f6f88536a
059003.000129,29263.0682,180.482,886.7,859ed46e551c3abf
059003.000130,29267.8562,174.979,886.7,47c04723b3bca409
059003.000131,29835.0966,192.615,886.7,45fa48fe74919bd7
059003.000132,30505.7094,253.959,886.7,567a4f621a5858a2
059003.000430,30602.8493,24.535,606.0,fb60cabc05b73641
059003.000133,30733.5256,91.757,580.9,b2b37f1206e68b7f
059003.000134,30994.5813,121.728,580.9,6997e5d99c96e62c
059003.000135,31254.719,165.454,886.7,6e10a66e43cd1dff
059003.000136,31787.9524,18.272,606.0,628f66c0174f0b59
059003.000137,31803.6901,39.757,886.7,892d4ebdd2e3eadc
059003.000138,32288.9082,58.144,886.7,4134f52f09ebac0c
059003.000139,32760.1367,82.304,580.9,ca3eef21e7489682
059003.000140,33338.3825,55.654,580.9,182489da7587a5d6
059003.000141,33466.4227,109.84,580.9,39206404d2bdaf12
059003.000142,33660.0201,89.524,580.9,0d133325cc8c2167
059003.000143,34198.6091,42.333,886.7,750bb0f04257110c
059003.000144,34520.2772,161.131,886.7,4c56c83fa9e39b25
059003.000145,34825.4796,89.744,580.9,163b2abb90d844fd
059003.000146,35024.4987,218.682,886.7,9985e80be2840c35
059003.000147,35137.8512,62.087,886.7,6ac642bafe92e609
059003.000148,35290.9799,97.753,580.9,ae9653310312ef5d
059003.000149,35384.2227,104.327,580.9,93196446e229d458
059003.000150,35801.2265,118.687,580.9,bc81dd169ef4fb36
059003.000151,35828.4495,117.373,886.7,3d274c097e70d2f0
059003.000152,35863.7486,79.367,886.7,f26e358d336e6126
059003.000153,36640.4145,175.645,886.7,602e91ca55aebd19
059003.000154,36642.1095,181.963,886.7,8bebd6dd8fb6210a
059003.000155,36652.3113,91.437,886.7,d02fb72d7aff3bcb
059003.000156,36670.563,104.522,886.7,a6ea348dd53a8da2
059003.000157,36683.2403,49.51,886.7,f6f47570c43e69a9
059003.000158,37011.9284,128.191,886.7,eff4bf9a0a8c114a
059003.000159,37197.6399,103.093,886.7,787e3fd7c20b87d7
059003.000160,37919.6138,117.314,886.7,4f5b2ec88b96b6bd
059003.000161,38448.3425,85.477,580.9,7667b6da3c14bc50
059003.000162,38549.8825,62.566,886.7,dc31c1bb20d783f0
059003.000163,38694.4919,82.707,886.7,890b4ffd652aeb6c
059003.000164,38701.5994,142.784,886.7,c3e3591915a1694a
059003.000165,38726.56,78.134,580.9,0159650c73ed97d5
059003.000166,38785.7836,102.877,886.7,f9fb0305e22b9ccc
059003.000167,39024.2906,107.533,886.7,8659a8b3cc658905
059003.000168,39120.5085,72.751,886.7,c19a0c01286e6df6
059003.000169,39225.6056,25.915,606.0,97b5241429a07907
059003.000170,39485.517,33.943,886.7,84c30e5dbe6f174c
059003.000171,39726.0143,98.167,886.7,2ed1faf2c0bed4a2
059003.000172,39733.0354,186.157,886.7,552711454f778a99
059003.000173,39870.2139,132.233,886.7,5bd34e8eb7d70cff
059003.000174,39940.7332,39.71,606.0,01de426c10365abf
059003.000175,40098.6837,90.732,886.7,356007fc1845bb2d
059003.000176,40205.7551,83.173,886.7,d0b32f010569aea7
059003.000177,41023.9885,80.252,886.7,4528e60f59e4118b
059003.000178,41026.8911,34.677,886.7,371716d689200ae5
059003.000179,44679.9431,126.802,886.7,ce36c508f4e0b272
059003.000180,44903.3775,114.538,886.7,43d908f7427f8acd
059003.000181,45805.9968,119.504,886.7,48d9a6383604e6ea
059003.000182,45807.1646,48.584,580.9,5e0ea58b9a8065c1
059003.000183,45844.6354,43.804,580.9,635fe3099fae5604
059003.000184,46783.7951,48.907,886.7,4772bba8534c8451
059003.000185,48401.6525,53.677,886.7,80e7eb6e5ca201ec
059003.000186,48745.5108,91.884,886.7,07bb5ab5cda90107
059003.000642,49653.8796,41.276,580.9,2406f25de7c8be11
059003.000187,50227.8932,37.897,580.9,dfba6d6c07ceb2bf
059003.000188,50647.4422,57.867,580.9,e7db771f4111c4ed
059003.000189,50658.6983,43.228,580.9,35b95e2188beabfc
059003.000190,50869.2991,32.899,580.9,4b4492bf7c467c00
059003.000191,51312.7733,27.39,580.9,1ec5cb5177070e0d
059003.000192,52026.98,48.741,580.9,49b2d6e51beafd6d
059003.000193,53092.7826,30.164,606.0,9d51bc5bc528fdb7
059003.000194,58158.0644,164.424,652.0,ed92873fbe248b82
059003.000195,58174.1487,121.109,652.0,87e0762bdd9ae68e
059003.000196,60166.1748,185.528,652.0,2b6a59581e23aff3
059003.000197,60419.7199,198.894,652.0,b3590050d7d03137
059003.000198,60520.3027,89.756,1360.7,f7a4e76e6fdf64de
059003.000199,61357.0286,154.699,652.0,8bcd886067b65c61
059003.000200,61605.6603,138.408,652.0,7d0c51462d127da1
059003.000201,61717.9819,104.104,652.0,0906ed7714b5c5cb
059003.000202,62062.6563,109.798,1360.7,b928c3beedc38c55
059003.000203,62240.8204,181.974,652.0,46dd09b6808436c9
059003.000204,62535.6204,49.067,1360.7,e86e081df8f6dfd6
059003.000205,62558.6544,238.223,652.0,f609a7cc9e3084e8
059003.000206,62678.6722,183.718,652.0,46905a3d9f221291
059003.000207,63221.2833,116.818,652.0,94549afccc430cfc
059003.000208,63232.1841,77.517,1360.7,9d48b467d867c111
059003.000209,63576.2724,121.297,652.0,67f6f6337a686bbb
059003.000210,63593.3317,190.229,652.0,c63b94b28ef135be
059003.000211,63768.665,197.164,652.0,eff064c794c7d47f
059003.000212,63816.8929,189.664,652.0,432ac4326817d075
059003.000213,64150.909,124.527,1360.7,0b82553c6a9cfd3c
059003.000214,64215.4267,125.978,652.0,a7b71b34c673b201
059003.000215,64235.6392,120.695,1360.7,409c76ffe6190478
059003.000216,64401.0431,136.084,652.0,90b1d1ed0f437c9a
059003.000217,64817.5367,78.627,1360.7,777878a239df0b75
059003.000218,64857.1516,205.227,652.0,3a3b18b62363fbe2
059003.000219,64865.1475,133.205,1360.7,cb95bd3399811170
059003.000220,64979.5206,100.686,652.0,16f4c3ae40892cd0
059003.000431,65073.2697,39.792,1360.7,9539df1d68928a4b
059003.000221,65295.8986,170.28,652.0,b03dc216d0ecf245
059003.000432,65765.1515,45.357,1360.7,f29bc341837de64a
059003.000222,65909.4519,44.661,1360.7,ecdef576297c520b
059003.000223,65922.4031,176.245,652.0,928fa64cee1d6a79
059003.000224,65935.2299,100.349,1360.7,ac594e03d5a46683
059003.000225,65967.1244,41.959,1360.7,08b616e70b76eb9c
059003.000226,66148.3554,98.059,1360.7,187a6b2a8984d7b0
059003.000227,66301.3473,65.016,652.0,574c2dc372a71633
059003.000228,66543.7376,13.83,652.0,aea8d5f491b7c667
059003.000229,66681.1404,113.052,652.0,a482cea7b09c123b
059003.000230,66735.853,121.833,1360.7,5b2cf4612e9056a3
059003.000231,66852.8693,75.418,1360.7,f22ce93f107c0244
059003.000232,66867.1098,59.289,652.0,e2be4171a712e2c5
059003.000233,66943.0395,38.672,1360.7,6ca80376395ec0ee
059003.000237,67049.1791,198.509,652.0,116c75f744dadba4
059003.000235,67240.3391,112.334,1360.7,f053143bb12c1bef
059003.000236,67395.3161,128.674,1360.7,16311a3da34c17fb
059003.000234,67398.8098,71.756,1360.7,e372a8135792bdab
059003.000238,67679.2271,129.239,652.0,907eefa6b1ee4409
059003.000239,67870.7433,112.2,652.0,959f376b5f26c34d
059003.000240,67965.464,67.099,652.0,c4d21f185fd667cc
059003.000241,68238.1038,39.045,1360.7,1ef9f110702e8d39
059003.000242,68305.2231,27.696,1360.7,733af5fad609f999
059003.000433,68331.6948,63.626,652.0,396f2f0abe856902
059003.000243,68331.7467,47.721,1360.7,22666b22000b534d
059003.000244,68374.5511,168.429,652.0,aeed65bbbd0ad9a7
059003.000245,68492.4417,91.612,652.0,8da67a4088ea4eb5
059003.000246,68525.6133,123.172,652.0,15b9f05400c554a7
059003.000247,68544.1901,91.783,1360.7,dd88f04ff445cded
059003.000434,68556.3031,11.922,1360.7,7532ca79b943228c
059003.000435,68676.5553,33.114,1360.7,ef84e47598317443
059003.000248,68801.6702,142.639,652.0,39eebfb61679a144
059003.000653,68890.1947,17.333,1360.7,ba810a196d23b338
059003.000249,68978.5526,85.912,652.0,75b05f46639c3749
059003.000250,68987.0796,78.729,1360.7,23af7313a08acf44
059003.000251,69138.2698,157.471,652.0,d0209c569df7a649
059003.000252,69408.5299,61.605,1360.7,a1c5e5804902a130
059003.000253,69431.0029,73.384,1360.7,54edad5fec66cfd3
059003.000254,69681.7218,29.893,1360.7,95fa1ae433235c0e
059003.000255,69686.2328,83.707,1360.7,b88322391e1e8191
059003.000256,69978.0417,66.88,1360.7,310389b1084a9def
059003.000257,70381.4889,61.83,1360.7,a0766b5836eb6c22
059003.000631,70477.8518,32.885,1360.7,7d84c1e4c729474f
059003.000258,71021.1995,32.224,1360.7,0748c2b78ed4a7b5
059003.000259,71385.7091,34.86,1360.7,ae27df47d73fa53a
059003.000260,71501.0964,41.463,1360.7,8205c914069fdef8
059003.000261,71536.3672,85.582,652.0,76b97b35fc04c740
059003.000262,71592.3722,92.347,652.0,344ebf9549216d08
059003.000263,71736.4395,98.511,652.0,a666f23db43679fe
059003.000647,71767.2391,10.999,1360.7,5998488d1461f63b
059003.000264,71978.5039,104.649,652.0,1f583594a16c20a8
059003.000265,71994.8176,53.541,1360.7,597e094e8791d36a
059003.000645,72705.8603,17.085,1360.7,19ebd07789e8cdeb
059003.000266,73030.0474,39.862,1360.7,ddbe61ccc80321df
059003.000267,73378.4028,28.888,1360.7,fb8f181e469b2c9a
059003.000268,73606.1275,17.69,1360.7,70f60d0ca74d94a9
059003.000269,73609.2203,51.205,1360.7,c5e0089f92a7aff4
059003.000270,74105.277,33.565,1360.7,d7cc06b77af885c3
059003.000271,74463.8052,13.238,1360.7,d0d3e6838e4a6caf
059003.000436,74619.6919,42.138,1360.7,3ff74d0116cc5a6a
059003.000437,74696.2214,29.238,1360.7,f432595e2b1302c2
059003.000272,75294.1289,61.11,1360.7,2210ca44c67d2b47
059003.000273,75409.5661,64.507,652.0,d056aa0dd0de17c5
059003.000674,75481.214,16.246,1360.7,af646ecbbd468253
059003.000274,75560.7138,30.153,1360.7,5072b28f0439d8a9
059003.000275,75614.8163,68.759,652.0,4d5c6270c3da6a4f
059003.000276,75639.9663,44.755,1360.7,41212ff32b2d0415
059003.000277,75762.1963,28.07,1360.7,a3f5ba6f07a28e08
059003.000438,75982.8891,24.043,1360.7,2f9c868c9d0e04c9
059003.000439,76130.4387,9.076,1360.7,e927fae8d8f1e7de
059003.000440,76411.0189,10.46,1360.7,fc17d98d9f46bd85
059003.000441,76534.6983,30.2,1360.7,28afc0aa6fb4d435
059003.000278,76892.5278,11.125,1360.7,7e1c70dcef0e586c
059003.000442,76894.5977,27.516,1360.7,e9912844c635df2c
059003.000279,77821.9652,44.053,1360.7,a785021a3dc22671
059003.000280,78312.8665,37.047,652.0,6da283c93e84d2b7
059003.000281,78463.7144,52.719,652.0,e616846c5d705206
059003.000282,78694.5832,55.856,1360.7,71e9f5ca4c1756df
059003.000283,78889.1356,46.885,652.0,13985d103358cfb0
059003.000284,79136.2319,53.267,1360.7,cbdda417b78f705e
059003.000285,79366.6839,39.48,652.0,b1104717e65253dd
059003.000443,79377.146,23.223,1360.7,bc5d67c11699aaea
059003.000444,79378.4284,39.958,652.0,457fed8909b9bd00
059003.000286,79395.5564,46.997,1360.7,5b4eadf1f6e7728e
059003.000287,79742.438,37.14,652.0,f58e9e24105602a9
059003.000288,80164.0314,47.688,652.0,5a567596f3275d64
059003.000289,80360.808,60.472,652.0,ad96c35ec46a0a84
059003.000290,80897.8187,48.882,652.0,4f2d5358274683ff
059003.000291,80988.7881,43.712,652.0,9e2031a538bd588e
059003.000292,81404.5347,62.626,652.0,d092b9fbf3bea0fc
059003.000445,82082.7361,27.71,1360.7,71bb954b020fa4ca
059003.000633,82084.0615,14.045,1360.7,16a3581fa239e766
059003.000293,82492.5343,17.177,1360.7,cd064fffdf8ec8c7
059003.000294,83025.9514,40.734,652.0,b9281933a7c08a04
059003.000641,83426.2248,22.082,652.0,c8689c772556fc92
059003.000296,83607.3607,48.95,652.0,01788d5e4a639897
059003.000297,83703.4749,42.305,652.0,eadcc9f27e424783
059003.000446,84150.7853,4.378,1832.6,b35cf1af870c3447
059003.000298,84270.5865,15.715,1832.6,fb90f484a92587a4
059003.000447,84409.9217,26.554,652.0,a9f7c0971862ea34
059003.000299,84410.6954,52.409,652.0,1c908cd72416aca3
059003.000300,84429.9725,30.018,652.0,3afcd55ea7c20a2c
059003.000654,84588.6751,22.194,1360.7,164cefd8d0206b1b
059003.000643,84592.0686,31.862,652.0,f6e2085c302fdf7e
059003.000448,84690.2037,6.281,1832.6,394c58e2844f27ac
059003.000449,84804.133,36.946,652.0,f0da5e1102df9bf6
059003.000665,84914.9299,8.977,1832.6,e5b5735f033bd5c0
059003.000301,84992.0458,20.322,652.0,3d50478fbe01bcb8
059003.000656,85186.726,15.626,1360.7,779beffc45f5dbda
059003.000302,85306.1787,34.047,652.0,7b097d05317b9c96
059003.000450,85982.3698,13.166,1832.6,e85c618fe85fe937
059003.000451,86390.5379,12.693,1832.6,dde44fa76c876ce0
059003.000452,86455.6118,13.101,1832.6,d0061dac3ac1b790
059003.000453,86938.5261,17.536,1360.7,3856222649f7ff64
059003.000303,87511.3836,36.16,1832.6,67da1454239ca8dd
059003.000660,87829.74,14.351,1832.6,db477b72c03bca0a
059003.000304,88210.153,8.512,1832.6,d0b7de686755f4a8
059003.000305,88947.8166,18.729,1832.6,ab60be4f8183ed80
059003.000657,90050.1237,3.243,1832.6,44c4f95bbec3b030
059003.000306,90119.987,26.413,1832.6,8bf95e46dfd21b1d
059003.000658,90321.0114,20.311,1832.6,bd7eaa0518abf57e
059003.000629,90481.3227,11.873,1832.6,12619de9f00fddc2
059003.000307,90629.1414,40.958,1832.6,96b6bab8d793c1c2
059003.000627,91197.8457,20.187,1832.6,596e6c617dfa8676
059003.000626,92091.7064,16.436,1832.6,0e0b66e6c89e85d5
059003.000308,92441.5929,42.954,1832.6,26a5e851c02d6ad9
059003.000309,92554.6811,39.394,1360.7,25ae96441e322b06
059003.000310,93296.3731,20.191,1832.6,1e7f05443d906246
059003.000311,93967.3442,30.287,1360.7,3e52ae0ce3ce771a
059003.000646,94876.549,18.324,1832.6,5137527f32447dc0
059003.000659,95003.7922,30.394,1832.6,6cbb277147a3475f
059003.000312,95147.8433,40.798,1832.6,ab7ab99e788eac90
059003.000313,96830.2438,24.38,1832.6,75c466358f069cbc
059003.000644,97740.2202,27.153,1832.6,fc7c2746623f3f18
059003.000456,99604.4236,12.057,1832.6,2a6ffca2d5167f37
059003.000541,100215.0124,34.868,442.0,73452c104f89e7c3
059003.000314,100321.1001,52.231,442.0,002cb08f78b80357
059003.000315,100430.3371,23.755,356.3,ab3d02f0b1e2f32f
059003.000316,100625.025,19.185,356.3,1be2d7e6b37d2e4a
059003.000317,100788.9632,34.767,356.3,e6930c302abda68f
059003.000318,100947.1472,13.535,356.3,4d4ebcccf461732e
059003.000319,101071.3865,24.638,356.3,38e75a34d505d849
059003.000320,101165.2982,45.404,356.3,f1891de1211af21a
059003.000321,101446.2991,31.535,356.3,8fa1a5c67b1960bb
059003.000322,101665.5418,6.513,356.3,303b8565c445bf7e
059003.000323,101680.419,22.912,356.3,df8de9742cefaf92
059003.000324,102435.6016,46.397,442.0,17e0ecff1b662617
059003.000325,102484.6418,30.022,442.0,3eeefdee3e6ac4cc
059003.000326,102617.3004,13.346,356.3,f0a6dce6b3b295eb
059003.000327,102830.4389,31.789,356.3,2134e1111ee9b8b5
059003.000328,102981.8876,35.244,356.3,bb19b6944c5d24a4
059003.000329,103308.5263,14.659,356.3,f53e0c791fd18499
059003.000330,103335.05,13.646,356.3,e9da31e3f63735e2
059003.000331,103344.3151,40.444,356.3,d9efaf94d5207f90
059003.000332,103484.1128,12.354,356.3,0a62e6ac54b28f32
059003.000333,103805.3902,23.615,356.3,2aa73b5fc7fa1283
059003.000334,103895.8415,12.689,356.3,53d8c8a9f8a9b32d
059003.000543,103973.3591,3.181,356.3,8718323d05f1101d
059003.000335,104598.914,28.48,442.0,e7c4f06dc94a0220
059003.000336,104788.6179,29.862,442.0,816d9deed77dff8a
059003.000337,104904.5274,17.843,356.3,6cf9493a742938a8
059003.000338,105019.0565,43.599,356.3,ed4165207e5660bd
059003.000339,105049.7001,52.427,356.3,e7df823cad334fe3
059003.000544,105191.0066,21.215,442.0,af1a79c7914b5a5e
059003.000340,105450.1662,11.87,356.3,a301238adccb5419
059003.000546,105485.2475,12.664,356.3,ce2f10b99794c3f7
059003.000341,105566.6183,15.695,356.3,949588b43ac8b328
059003.000342,105632.1061,53.946,356.3,22387b8d2783fe50
059003.000548,106153.7354,20.312,356.3,37430b112a27052a
059003.000549,106224.1896,22.93,356.3,b7f74fabbd4bb8b5
059003.000552,106394.1145,28.382,356.3,1558ee77335f36e4
059003.000343,106665.0811,14.994,442.0,6183bde00f8c7df5
059003.000344,106745.6216,11.595,442.0,e21c5edde85d2f80
059003.000345,107081.9144,34.288,442.0,c2ac643a5b4371bb
059003.000554,107177.8594,9.533,356.3,1033f915951ce1c1
059003.000555,107223.1908,21.183,442.0,852295d74f7b035b
059003.000556,107262.7557,5.423,356.3,c48d65e99ea77873
059003.000346,107299.0512,9.784,356.3,63e06cbd1986eea6
059003.000557,107403.9571,16.263,356.3,75fb42b8e4e972c3
059003.000558,107697.0573,16.618,356.3,c2250207e253f375
059003.000669,107755.29,11.943,356.3,eb25c9a75b019389
059003.000559,107978.5314,20.508,356.3,bd597d452ad9272d
059003.000625,108117.2415,5.474,356.3,0cbac8f105c0d6ba
059003.000348,108559.4344,23.738,356.3,2d418fb121ff1aaa
059003.000560,108574.017,17.343,356.3,877d2ae861d3fb7a
059003.000349,110295.405,29.251,620.2,bff2eaf4a370d26a
059003.000350,110333.5864,41.411,620.2,fb0c34ece973a513
059003.000351,110531.1427,17.572,620.2,112210edf8da50e9
059003.000671,110846.1202,13.96,356.3,f2a4fcc3bed6670c
059003.000352,110881.1471,69.835,620.2,fde708f457e0c29b
059003.000353,110922.4898,50.161,620.2,54d717758d1d5dbd
059003.000354,111110.1266,47.337,620.2,b9f4818e119f86cf
059003.000355,111268.5709,33.413,620.2,663717208ffdd283
059003.000356,111335.0255,48.211,620.2,99aa88cc94a33909
059003.000357,111342.4888,65.218,620.2,951471e87944cb92
059003.000358,111494.6051,63.868,620.2,5a8e7762e99bba67
059003.000458,111518.3671,37.745,253.8,1995a9e714222f89
059003.000668,111600.5417,9.888,356.3,90e03de9c4c67836
059003.000459,111728.8678,13.82,253.8,b3492a50b5f0cc33
059003.000460,111772.6534,15.303,620.2,d843e55a26edf7b2
059003.000461,111779.1088,9.647,620.2,dcbf1b9ddbbff940
059003.000462,111902.9948,24.894,620.2,040a6fc982c6fc3a
059003.000359,111992.9799,80.977,620.2,90f45be5ab746e7b
059003.000360,112643.1416,57.879,620.2,76f0975613649e94
059003.000361,112769.7263,62.235,620.2,3d9926ea75575d37
059003.000463,112837.4442,21.458,253.8,e709f9f8ac21409c
059003.000362,112896.2328,47.826,620.2,ccd01ebcbd103ae3
059003.000363,113023.5758,26.082,620.2,aa5c77b0116c7a6d
059003.000464,113064.6926,33.069,253.8,860b397291c35d65
059003.000364,113158.607,56.127,620.2,9488672cd389f598
059003.000465,113211.6438,30.376,253.8,759e7e02d44fa6ef
059003.000466,113225.6742,25.706,253.8,ec19b0da71063a0d
059003.000365,113291.6907,70.744,620.2,18660658871efb03
059003.000366,113556.8532,39.831,620.2,99359ae579d53b0f
059003.000367,113600.2066,72.969,620.2,5059ee1e922c4577
059003.000368,113630.9091,39.21,620.2,1db5c5b454a91ed8
059003.000369,113664.562,50.481,620.2,9df7df085af5cf5d
059003.000370,113780.3248,72.509,253.8,0ac166bf5d35ac28
059003.000371,113823.1412,21.177,620.2,4d67a70a8e8a2daa
059003.000372,113833.8195,32.707,620.2,4d502406a6d775ec
059003.000563,113854.4011,14.843,2717.2,350403ed22c92001
059003.000467,113854.8446,24.992,620.2,7e04535e13b9e5ef
059003.000468,113894.7023,54.199,620.2,ef535e7807919b69
059003.000373,113914.0862,58.469,620.2,8a0ec8ade64f2c9f
059003.000374,114725.6509,38.071,620.2,7f21e50ea04e7e76
059003.000375,114797.1054,64.782,620.2,210b236047751a87
059003.000469,115094.0495,28.646,253.8,8a794cd8ec7cdb6e
059003.000470,115176.1626,28.474,253.8,07a3da839036b43b
059003.000471,115218.6745,33.329,253.8,e1045dc7ce35884d
059003.000377,115324.4875,46.583,620.2,c93dfe5d5622ea1e
059003.000378,115403.204,69.379,620.2,48483bd77877470d
059003.000379,115408.4094,67.403,620.2,11ba14bf665896a0
059003.000380,115420.8942,41.223,620.2,2490e0a8762d07ab
059003.000472,115489.8119,29.712,253.8,57624ae17c895099
059003.000381,115499.6162,73.244,620.2,967f9a5612769946
059003.000382,115670.0532,21.497,620.2,a0ffeb6e2f501487
059003.000383,115672.268,67.823,620.2,14069ea1cb970b7d
059003.000473,115712.1184,7.459,620.2,d42de1bb68d51749
059003.000384,115800.08,46.768,620.2,605cdc8320a4553a
059003.000474,115881.8457,4.586,620.2,d2d662ab33f2fd7d
059003.000385,115933.1492,47.392,620.2,16db947c95231e8a
059003.000475,115990.7755,7.768,620.2,fecd736c0560ef8a
059003.000386,116021.7875,39.255,620.2,fe37be444b892763
059003.000630,116074.9869,41.847,253.8,b4c26fff989935b5
059003.000476,116078.5777,28.85,253.8,0f7ed343b469bbfe
059003.000387,116238.8835,35.515,620.2,dae8e69706d9f144
059003.000388,116309.1309,59.004,620.2,40f2a17ca7978df5
059003.000640,116327.4484,7.535,253.8,0a36f7de7389ade2
059003.000389,116453.316,31.241,620.2,91f797217f2636f2
059003.000390,116489.7676,41.718,620.2,d3e3b1090cb57045
059003.000624,116617.0832,9.215,620.2,f0bf7ef5b587bf4d
059003.000391,116727.2148,6.669,620.2,cf12d27dbde31090
059003.000477,116878.2835,8.174,620.2,4989d2623ec4dfe4
059003.000392,117044.5584,35.209,620.2,3111dca860cfe280
059003.000393,117248.0307,26.166,620.2,dfc116f2cb47ca9e
059003.000394,117323.1341,8.935,620.2,b2033a356591ce29
059003.000479,117375.9352,43.97,253.8,8e8365b73591e116
059003.000480,117385.0709,43.269,253.8,a2b182918344c799
059003.000481,117397.7318,30.36,253.8,3f733d6eef4bb7f3
059003.000482,117507.9189,26.794,620.2,25ca3ece428f3218
059003.000395,117540.5045,20.84,620.2,c7f1ecb6aab28731
059003.000396,117574.5408,17.208,620.2,e7840971b7b6da2e
059003.000398,117593.2873,10.857,620.2,99ed23637b7f9440
059003.000397,117647.2479,25.191,620.2,340c40f9b66ddefb
059003.000483,117686.5138,14.487,620.2,55e746aab9d9961c
059003.000628,117712.658,24.526,253.8,6eda5c2ef68b1956
059003.000399,117775.2035,43.553,620.2,44e3ddb5d1b53273
059003.000655,117889.2143,20.109,2717.2,ceafe68160bb0d7c
059003.000400,118063.1607,27.931,620.2,2a58520ff812c412
059003.000401,118080.9357,27.61,620.2,bd4de4f830d1e026
059003.000485,118201.5228,14.65,620.2,d1f88fbc17696fbf
059003.000402,118224.1631,11.238,620.2,5136b0192e49b74c
059003.000403,118271.582,38.033,620.2,91101a5f834d7e34
059003.000675,118292.503,10.846,2717.2,1668c5b8bd93fcb3
059003.000404,118318.5161,29.813,620.2,54dafab19ccafc73
059003.000405,118468.8557,35.386,620.2,70a842a39f402a85
059003.000486,118588.7958,7.38,620.2,cccfcd13f6432dd7
059003.000406,118610.9024,55.22,620.2,d34a250560e69037
059003.000487,118860.6753,23.116,620.2,2e18f3bb751f226e
059003.000407,118879.0225,42.204,620.2,3010f34d7ca6c1f4
059003.000488,118884.9276,21.666,620.2,46a4f181dbd6e338
059003.000565,118967.512,21.489,2717.2,5ffe9c6b7d1dfdd5
059003.000489,118987.1958,24.258,620.2,98eb79e5b525f9af
059003.000490,119019.233,20.32,620.2,54643a00d5315894
059003.000491,119077.5187,9.08,620.2,7db9e9acb97b7fdd
059003.000672,119498.5872,8.381,2717.2,1ba482752294814f
059003.000650,119552.582,15.43,2717.2,f64a33e1f4e0267c
059003.000634,119809.2841,21.231,253.8,46b1a1a0b9a30061
059003.000635,119998.5024,23.329,253.8,5c67f14f9e84f527
059003.000681,120014.8442,10.447,2717.2,29b703cd0fa41617
059003.000408,120498.8008,18.207,620.2,c40a419f10393ace
059003.000492,120715.6061,15.389,620.2,2e2b0d050839fe02
059003.000409,121095.2964,20.926,620.2,c008ebb4375edcc2
059003.000410,121119.3574,32.543,620.2,61babf789e5303c1
059003.000411,121382.5925,36.994,620.2,1e1b11b00dd02ebc
059003.000493,121413.0052,3.972,620.2,62a21a15870e38d3
059003.000412,121431.2156,40.608,620.2,b73945daa091440f
059003.000413,121532.6892,39.455,620.2,252c4dbdfc047a07
059003.000495,121583.0201,11.376,620.2,536e8b3a7d07b122
059003.000670,121655.5319,8.831,2717.2,6c081e9f170c7b9f
059003.000496,122141.7931,11.985,620.2,6442a536c5b3671c
059003.000567,122932.7939,10.461,2717.2,97ab7501e2a60333
059003.000680,122956.0116,9.218,442.0,8657788799cd51d3
059003.000679,123577.3676,18.57,2717.2,c5b410d7d1df4bd5
059003.000569,125145.2774,9.9,2717.2,af0e409fbb90be7c
059003.000570,126743.3076,17.879,2717.2,f7c88fb7b9a73d19
059003.000683,127453.4854,21.623,2717.2,2977d2e53660f9e2
059003.000414,128214.3265,10.13,620.2,783f011de34b58a2
059003.000415,128352.9474,9.567,620.2,cbf1956e4a0bdfea
059003.000416,128381.769,14.559,620.2,0438ee8d299135ed
059003.000417,128453.1981,17.175,620.2,fce271dba77c49dc
059003.000497,128479.4536,8.47,620.2,eac7182822f29323
059003.000418,128568.5957,20.55,620.2,a61327165e4eddf8
059003.000498,128800.2273,14.659,620.2,03e4b1cd740074cb
059003.000499,128913.0596,21.897,620.2,0537418eca49b547
059003.000571,129009.181,9.64,478.0,c1d36069436ef44a
059003.000419,129105.9238,19.781,478.0,abced207e306fcb8
059003.000651,129454.446,14.123,644.6,d8fdd21ff5d6b888
059003.000574,129934.4591,10.481,644.6,38a59d41b9572201
059003.000420,131200.1501,21.207,478.0,f9c8d0f8f782de56
059003.000421,131226.0501,47.367,478.0,2b4741fd664ac004
059003.000648,131665.0305,6.108,644.6,c25490fdef062d1a
059003.000639,131776.3563,10.065,644.6,1f930ab9c95638ff
059003.000576,131788.0686,10.609,644.6,a00a01a4ec0c5457
059003.000632,131910.5184,9.209,644.6,8098e716971b1123
059003.000577,132070.1403,8.56,644.6,7108770cfe987a09
059003.000500,132415.5372,9.366,620.2,dc461b6da4152d46
059003.000501,132651.761,9.673,620.2,31206d023d54064a
059003.000502,132783.3569,9.102,620.2,2629241a9c1a4fd0
059003.000503,132876.3761,23.619,620.2,962cfd0bfb3fac96
059003.000638,132903.1986,15.423,620.2,95c0ab7a47c92e44
059003.000623,132957.9683,11.407,620.2,79000045fd90dcad
059003.000504,133037.616,7.926,620.2,a215dd91510b26af
059003.000424,133078.2149,15.339,620.2,ae7884948749b98c
059003.000505,133150.9551,11.061,620.2,e30e2f8f4a9e0314
059003.000423,133242.3772,9.147,620.2,97c1b62a5cd782dc
059003.000506,133307.3465,7.341,620.2,49fa8f459551e800
059003.000507,133370.4626,21.861,620.2,60910124e991ef0a
059003.000425,133373.1487,18.906,620.2,c2032a0a0bed3902
059003.000426,133392.8984,32.79,478.0,6a8cc3585d58b62e
059003.000427,133503.7229,35.274,478.0,5f7a41ba70a79419
059003.000508,133511.5747,5.548,620.2,35ff59feeaedd668
059003.000509,133566.5868,10.876,289.7,71bb4216b1b108ce
059003.000510,133594.8921,11.822,289.7,9eafa7841d38e130
059003.000637,133624.3798,15.174,620.2,9ef1779b99bf1035
059003.000511,133650.2621,10.476,289.7,df7311addbc66686
059003.000662,133945.3763,14.82,644.6,e6070f8eaf25b938
059003.000512,134001.3516,10.32,289.7,042d643d1e8caadb
059003.000663,134004.0763,8.025,644.6,976ba0e76e5c3c44
059003.000514,134069.5463,8.728,289.7,a83b28db3d24ce79
059003.000636,134074.2944,8.704,478.0,199cc32f428316bf
059003.000517,134220.3419,10.474,289.7,4e59523cda4e53c9
059003.000579,134402.2225,19.854,141.5,20e30b37adba77b2
059003.000580,134403.1253,10.566,141.5,fce9b070e8716371
059003.000581,134405.5253,9.971,141.5,d366eed47d41153c
059003.000578,134407.0189,18.005,141.5,97f2b0d14a9adf73
059003.000582,134426.0355,13.059,141.5,cffd7e71325cad57
059003.000666,134427.6756,12.286,141.5,a875b1222ff0aa93
059003.000583,134428.8511,17.931,141.5,0096301c7c346723
059003.000584,134433.6087,19.401,141.5,32aeacf176cfceba
059003.000588,134480.8024,12.41,141.5,83b36c9ff4162e8d
059003.000590,134492.8769,6.265,141.5,beea17973d0bf9bc
059003.000518,134502.5159,9.497,289.7,7a1fb04940c7a898
059003.000664,134696.6303,12.388,644.6,d96aab272155313e
059003.000519,134868.5684,13.731,620.2,c60b9554b3edad7d
059003.000520,134932.2387,12.363,620.2,4cca9b9df7d2605c
059003.000428,135445.1108,12.548,478.0,fc93e917fac3c8dd
059003.000429,135868.5556,18.836,478.0,1840cf67efeadd0e
059003.000523,136034.204,17.444,289.7,fd9ce073e1cf8759
059003.000525,136326.4524,8.265,620.2,7fcdc1d42f419fb7
059003.000526,136435.1982,10.822,677.7,26664295936773d2
059003.000527,136485.3182,14.425,289.7,43cb5659f9668d2b
059003.000593,136555.5235,13.409,141.5,b95f752e7fae9881
059003.000594,136558.0919,14.167,141.5,fc40773ea5c79b8a
059003.000595,136559.6827,12.592,141.5,0a0daa0940e6f95e
059003.000596,136570.8638,16.478,141.5,ee6a1b6d2f51499d
059003.000597,136572.244,16.005,141.5,d53a46cdb70aa29a
059003.000598,136589.359,10.971,141.5,39a84b5c1574de88
059003.000601,136596.687,16.972,141.5,62fc5c6790b7a867
059003.000528,136606.8164,10.898,289.7,29ab080228ea8a0d
059003.000606,136650.8244,8.98,141.5,b37222e20320df9f
059003.000661,136902.6957,13.479,644.6,9f42257012455e06
059003.000530,137960.6564,14.898,289.7,f6033b54e32dfd40
059003.000531,138034.9959,7.902,289.7,25d7069bf6b11823
059003.000608,138787.966,20.491,141.5,da59d36888bf452a
059003.000607,138788.5903,24.219,141.5,45b00b6ddb875734
059003.000609,138794.6036,17.413,141.5,3ac9329c3a96eafb
059003.000610,138796.5283,17.979,141.5,00893b0fa1d792fd
059003.000612,138799.9165,11.127,141.5,407a0585cac50cfc
059003.000614,138822.4068,5.652,141.5,51582af0710f1e87
059003.000615,138827.7441,12.116,141.5,729781e8d37bc99a
059003.000618,138874.9001,10.238,141.5,588128f4fedeaaf1
059003.000619,138883.7804,9.501,141.5,0f1b561e6008357c
059003.000621,138895.9299,13.043,141.5,f44a11d629f380c6
059003.000537,138900.4351,12.054,289.7,b572466f3431ada9
059003.000682,141110.3764,8.57,289.7,dc26a6b7f0219aa3
