level_id,E,n_drop,n_pred,n_obs,n_seen,n_miss,n_match,n_claimed,ln_R,ln_R_match,ln_R_miss,sum_lnG,ln_J,scan_width,n_alt,ln_R_alt,d_ln_R,dE_alt,near_level,near_dE,question,scanned,n_free,free_gain,top_share,gain,gain_R,look,n_obs_alt,n_seen_alt,n_miss_alt,n_own,n_kept,kept_light,n_vacant,z_alt,ln_J_alt,d_ln_J,ln_R_J,ln_R_alt_J,action
059003.000566,121143.5935,0,103,17,4,13,9,4,3.138,11.809,-9.303,0.538,0.466,2717.2,9,9.628,-6.489,-338.3164,059003.000650,1252.6951,?,this run,7.0,17.176,0.235,6.935,6.489,4.737,17.0,7.0,10.0,4.0,0.0,0.0,1.0,-0.43,0.021,0.445,2.693,9.628,relocate
059003.000538,139081.5481,0,12,4,2,2,4,0,14.075,15.577,-1.409,3.455,0.0,289.7,1,10.294,3.78,1.0246,059003.000530,1121.9163,?,this run,2.0,8.082,0.424,-3.78,-3.78,-3.78,4.0,2.0,2.0,4.0,3.0,0.918,0.0,1.84,0.0,0.0,14.075,10.294,refit
059003.000454,87726.8409,0,126,17,9,8,18,9,7.264,13.719,-6.365,0.68,0.559,1832.6,1,2.303,4.961,-0.798,059003.000306,-2393.944,?,this run,5.0,12.694,0.353,-5.633,-4.961,-5.633,17.0,9.0,8.0,9.0,7.0,0.093,0.0,-0.26,1.232,-0.672,7.264,1.63,top line
059003.000553,106468.3972,0,161,14,3,11,9,4,0.761,10.272,-9.484,-1.169,4.304,356.3,6,3.346,-2.585,-29.2966,059003.000549,214.911,?,this run,3.0,12.625,0.425,4.847,2.585,3.055,14.0,3.0,11.0,2.0,0.0,0.0,0.0,-0.29,2.042,2.262,-1.501,3.346,weak
059003.000516,134163.2567,0,107,11,7,4,17,13,2.523,6.111,-3.576,1.557,0.0,620.2,11,7.037,-4.514,107.4256,059003.000519,-597.8861,?,this run,3.0,9.602,0.356,4.514,4.514,2.116,11.0,7.0,4.0,5.0,0.0,0.0,0.0,-0.96,0.0,0.0,2.523,7.037,weak
059003.000551,106384.5311,0,137,11,3,8,18,11,-0.392,7.505,-7.999,-4.268,2.45,356.3,34,1.403,-1.796,-18.7505,059003.000344,-379.841,?,this run,2.0,7.452,0.52,3.438,1.796,-0.088,11.0,4.0,7.0,3.0,0.0,0.0,0.0,0.08,0.807,1.642,-2.035,1.403,weak
059003.000347,107854.4624,0,156,24,7,17,22,12,8.779,20.697,-11.985,-1.651,1.684,356.3,1,6.444,2.335,-15.1418,059003.000669,84.0306,?,this run,4.0,16.731,0.254,-1.026,-2.335,-1.026,24.0,8.0,16.0,11.0,0.0,0.0,0.0,-0.59,0.375,1.309,7.47,6.444,weak
059003.000529,136643.4429,0,109,12,2,10,11,6,1.58,7.034,-5.388,0.183,0.0,289.7,13,3.459,-1.879,-96.8502,059003.000520,1614.354,?,this run,3.0,8.182,0.369,0.824,1.879,-1.74,12.0,5.0,7.0,2.0,0.0,0.0,0.0,-0.95,1.054,-1.054,1.58,2.405,weak
059003.000587,134480.1676,0,92,3,2,1,11,5,4.113,6.25,-2.088,-1.516,0.0,141.5,52,5.888,-1.775,47.0271,059003.000589,38.6644,?,this run,2.0,7.799,0.542,1.775,1.775,-2.176,3.0,2.0,1.0,2.0,0.0,0.0,0.0,0.43,0.0,0.0,4.113,5.888,weak
059003.000586,134454.8318,0,145,6,2,4,19,12,6.103,10.275,-4.167,-0.136,0.495,141.5,1,4.613,1.491,-12.3171,059003.000582,16.4792,?,this run,2.0,9.994,0.582,-2.196,-1.491,-2.196,6.0,2.0,4.0,2.0,0.0,0.0,0.0,-1.35,1.201,-0.705,6.103,3.907,weak
059003.000573,129744.0915,0,154,19,7,12,17,7,5.59,16.036,-10.857,-3.598,2.917,644.6,1,1.646,3.944,351.9837,059003.000651,641.6292,?,this run,4.0,12.475,0.369,-2.394,-3.944,-2.394,17.0,7.0,10.0,6.0,0.0,0.0,0.0,2.37,1.367,1.55,4.039,1.646,weak
059003.000376,114970.8793,1,9,4,2,2,2,0,12.254,13.309,-0.987,6.136,0.0,620.2,1,9.711,2.543,0.723,059003.000423,-18270.7749,?,this run,2.0,10.8,0.566,-2.543,-2.543,-2.543,4.0,2.0,2.0,3.0,1.0,0.994,0.0,-1.03,0.0,0.0,12.254,9.711,weak
059003.000545,105338.4573,0,143,9,4,5,18,9,3.114,8.531,-5.496,-0.825,0.018,442.0,29,4.868,-1.754,76.2001,059003.000551,-969.8737,?,this run,2.0,9.457,0.415,0.69,1.754,-2.678,9.0,2.0,7.0,5.0,0.0,0.0,1.0,0.41,1.082,-1.064,3.114,3.804,weak
059003.000295,83426.6054,0,98,18,9,9,22,16,14.773,25.1,-10.178,4.062,2.364,1360.7,1,12.275,2.498,355.3941,059003.000654,-806.6757,?,this run,6.0,23.324,0.201,-3.017,-2.498,-3.017,18.0,7.0,11.0,9.0,0.0,0.0,0.0,1.36,2.883,-0.519,14.773,11.756,weak
059003.000617,138871.0702,0,133,10,5,5,18,8,3.538,9.141,-5.522,-2.142,0.194,141.5,9,3.727,-0.188,24.4244,059003.000613,73.2274,?,this run,2.0,8.626,0.519,-1.313,0.188,-3.511,10.0,3.0,7.0,4.0,0.0,0.0,0.0,1.22,1.696,-1.502,3.538,2.225,weak
059003.000678,118669.9926,0,140,15,6,9,17,9,-2.276,4.935,-7.119,-2.511,0.0,356.3,88,-0.769,-1.507,-66.0721,059003.000672,-894.6666,?,this run,2.0,7.776,0.503,0.837,1.507,-3.641,14.0,2.0,12.0,5.0,0.0,0.0,0.0,0.05,0.67,-0.67,-2.276,-1.439,weak
059003.000649,129498.0465,0,113,11,4,7,11,4,5.687,12.927,-7.29,0.122,0.425,644.6,1,3.905,1.782,164.5286,059003.000574,-271.8839,?,this run,3.0,9.673,0.388,-3.693,-1.782,-3.693,12.0,5.0,7.0,4.0,0.0,0.0,0.0,0.32,2.336,-1.911,5.687,1.994,weak
059003.000572,129185.7004,0,155,13,6,7,21,15,5.024,12.22,-7.139,1.715,0.0,2717.2,5,5.119,-0.094,-149.3633,059003.000419,-69.5867,?,this run,3.0,8.416,0.255,-2.117,0.094,-3.727,14.0,3.0,11.0,4.0,0.0,0.0,0.0,-0.77,2.211,-2.211,5.024,2.907,weak
059003.000585,134454.3254,0,135,5,2,3,16,8,4.605,8.516,-3.836,-0.115,0.0,141.5,9,3.02,1.585,41.6693,059003.000588,15.1923,?,this run,2.0,7.823,0.497,-1.585,-1.585,-3.782,5.0,2.0,3.0,2.0,0.0,0.0,0.0,0.91,0.0,0.0,4.605,3.02,weak
059003.000611,138799.4056,0,84,8,4,4,13,7,7.765,11.267,-3.587,-0.853,0.0,141.5,1,3.95,3.815,40.8491,059003.000607,51.6644,?,this run,3.0,10.398,0.383,-3.815,-3.815,-3.815,8.0,4.0,4.0,4.0,0.0,0.0,0.0,2.35,0.0,0.0,7.765,3.95,weak
059003.000616,138833.5657,0,18,6,3,3,3,2,2.578,5.218,-2.597,1.083,0.0,141.5,35,2.67,-0.092,29.4689,059003.000610,66.5064,?,this run,2.0,6.261,0.563,-0.336,0.092,-3.892,6.0,2.0,4.0,2.0,0.0,0.0,0.0,1.96,0.428,-0.428,2.578,2.242,weak
059003.000677,136033.6431,0,152,9,4,5,18,9,5.067,10.534,-5.35,0.843,0.0,644.6,1,1.13,3.937,124.7121,059003.000429,289.7996,?,this run,4.0,6.952,0.405,-3.937,-3.937,-3.937,9.0,5.0,4.0,5.0,0.0,0.0,1.0,-0.5,0.0,0.0,5.067,1.13,weak
059003.000455,89969.8874,0,79,12,5,7,14,7,3.181,10.259,-6.989,-1.472,1.429,1832.6,3,0.02,3.162,91.7755,059003.000297,6358.1881,?,this run,4.0,8.796,0.39,-2.987,-3.162,-4.085,12.0,5.0,7.0,5.0,0.0,0.0,0.0,0.05,1.254,0.175,3.006,0.02,weak
059003.000676,86012.022,0,127,20,8,12,14,7,1.38,10.651,-9.113,-2.105,3.068,1832.6,2,-2.136,3.516,-91.6591,059003.000451,-470.175,?,this run,4.0,10.546,0.393,-3.395,-3.516,-4.089,21.0,5.0,16.0,8.0,0.0,0.0,0.0,-0.31,2.947,0.12,1.259,-2.136,weak
059003.000652,129877.1047,0,144,10,6,4,22,11,7.877,13.049,-5.137,-2.369,0.249,644.6,1,3.668,4.209,364.9104,059003.000636,-3832.2792,?,this run,4.0,9.594,0.341,-4.304,-4.209,-4.304,11.0,6.0,5.0,4.0,0.0,0.0,1.0,1.86,0.344,-0.095,7.877,3.573,weak
059003.000564,115439.6253,0,138,11,5,6,17,15,5.636,10.887,-5.176,2.009,0.0,2717.2,3,5.371,0.266,783.1918,059003.000667,-1146.5345,?,this run,3.0,10.142,0.295,-3.693,-0.266,-4.791,13.0,4.0,9.0,4.0,0.0,0.0,0.0,1.0,3.427,-3.427,5.636,1.944,weak
059003.000600,136638.4859,0,154,7,3,4,16,8,5.476,9.898,-4.819,-2.499,0.41,141.5,3,2.871,2.605,51.4288,059003.000428,1244.8039,?,this run,2.0,8.951,0.487,-4.155,-2.605,-5.253,7.0,3.0,4.0,3.0,0.0,0.0,0.0,2.37,1.959,-1.549,5.476,1.322,weak
059003.000534,138410.7612,0,90,9,4,5,11,5,4.812,7.342,-2.717,-1.16,0.0,289.7,4,1.621,3.191,86.0715,059003.000536,-343.1005,?,this run,2.0,4.46,0.449,-4.268,-3.191,-5.654,9.0,3.0,6.0,4.0,0.0,0.0,0.0,2.24,1.077,-1.077,4.812,0.544,weak
059003.000568,124594.528,0,70,7,3,4,9,7,1.598,4.409,-2.777,-1.452,0.0,2717.2,203,3.008,-1.41,-103.731,059003.000567,1558.0032,?,this run,2.0,8.29,0.511,-0.465,1.41,-5.778,7.0,2.0,5.0,3.0,0.0,0.0,0.0,-2.06,1.875,-1.875,1.598,1.133,weak
059003.000667,117369.3516,0,140,19,7,12,22,10,8.023,16.297,-8.108,-3.263,0.0,2717.2,1,3.114,4.91,830.6055,059003.000678,-470.0356,?,this run,4.0,13.787,0.265,-5.908,-4.91,-5.908,19.0,6.0,13.0,6.0,0.0,0.0,0.0,1.1,0.999,-0.999,8.023,2.115,weak
059003.000457,99938.9442,0,100,12,6,6,18,11,0.812,6.171,-5.437,5.536,2.07,1832.6,9,-1.117,1.928,-953.5213,059003.000310,5689.0499,?,this run,2.0,7.233,0.557,-4.006,-1.928,-6.203,12.0,4.0,8.0,7.0,0.0,0.0,0.0,-2.85,4.147,-2.077,0.812,-3.194,weak
059003.000673,111073.1394,0,107,15,7,8,13,9,4.929,12.797,-7.785,0.774,0.0,356.3,2,2.242,2.687,177.4212,059003.000348,2691.1262,?,this run,2.0,8.1,0.362,-5.767,-2.687,-6.46,16.0,3.0,13.0,5.0,0.0,0.0,0.0,2.4,3.08,-3.08,4.929,-0.838,weak
059003.000592,136555.0548,0,84,8,2,6,13,9,4.054,10.804,-6.695,1.265,0.0,141.5,1,-0.426,4.48,-10.3401,059003.000594,-13.3772,?,this run,2.0,6.501,0.534,-7.709,-4.48,-7.709,8.0,2.0,6.0,2.0,0.0,0.0,0.0,0.76,3.23,-3.23,4.054,-3.656,weak
059003.000575,130218.7,0,79,9,4,5,6,3,0.802,7.184,-6.313,-0.092,2.834,644.6,23,7.043,-6.241,-139.8648,059003.000576,-1709.2335,?,this run,2.0,9.767,0.658,9.075,6.241,5.94,9.0,5.0,4.0,3.0,0.0,0.0,0.0,-0.16,0.0,2.834,-2.032,7.043,no support
059003.000591,134496.289,0,16,2,1,1,1,1,-0.615,0.79,-1.405,-0.418,0.0,141.5,98,5.245,-5.86,78.6657,059003.000598,-2014.4044,?,this run,1.0,6.807,1.0,5.86,5.86,1.275,2.0,1.0,1.0,1.0,0.0,0.0,0.0,2.78,0.0,0.0,-0.615,5.245,no support
059003.000589,134488.5302,0,92,4,2,2,10,7,1.762,4.598,-2.868,-1.14,0.906,141.5,68,4.788,-3.026,120.5244,059003.000587,128.8871,?,this run,1.0,5.499,0.79,3.932,3.026,-0.287,4.0,3.0,1.0,2.0,0.0,0.0,0.0,2.57,0.0,0.906,0.856,4.788,no support
059003.000602,136620.0993,0,140,8,5,3,22,14,-0.692,2.411,-3.077,-0.976,0.637,141.5,93,2.452,-3.144,-36.5647,059003.000603,-58.2481,?,this run,2.0,5.579,0.783,3.781,3.144,-0.751,8.0,3.0,5.0,4.0,0.0,0.0,1.0,-2.41,0.0,0.637,-1.329,2.452,no support
059003.000535,138445.5228,0,107,3,2,1,13,8,2.386,4.683,-2.228,-1.134,0.0,289.7,33,3.92,-1.534,51.3099,059003.000529,1853.3898,?,this run,1.0,4.822,0.768,1.534,1.534,-1.963,3.0,2.0,1.0,3.0,0.0,0.0,0.0,2.08,0.0,0.0,2.386,3.92,no support
059003.000613,138822.2673,0,150,9,6,3,16,11,-1.12,3.092,-4.178,-0.24,2.773,141.5,73,0.242,-1.362,28.9274,059003.000617,-19.8756,?,this run,2.0,6.628,0.794,2.259,1.362,-2.032,9.0,4.0,5.0,4.0,0.0,0.0,0.0,1.17,1.876,0.896,-2.016,0.242,no support
059003.000620,138888.9415,0,1,1,1,0,1,0,7.143,7.191,0.0,2.738,0.0,141.5,1,4.584,2.559,-52.4268,,,?,this run,1.0,4.454,1.0,-2.559,-2.559,-2.559,1.0,1.0,0.0,1.0,0.0,0.0,0.0,-2.56,0.0,0.0,7.143,4.584,no support
059003.000515,134163.3735,0,111,9,5,4,13,10,0.599,3.626,-3.023,0.386,0.0,620.2,34,1.25,-0.65,338.5888,059003.000520,-430.2764,?,this run,1.0,4.054,0.818,0.65,0.65,-2.876,9.0,5.0,4.0,3.0,0.0,0.0,1.0,1.9,0.0,0.0,0.599,1.25,no support
059003.000605,136649.4818,0,5,1,1,0,1,0,6.887,6.998,-0.068,2.119,0.0,141.5,2,4.597,2.29,-54.9271,059003.000615,-2233.1894,?,this run,1.0,4.487,1.0,-2.29,-2.29,-2.983,1.0,1.0,0.0,1.0,0.0,0.0,0.0,-2.3,0.0,0.0,6.887,4.597,no support
059003.000478,117359.4601,0,31,7,4,3,6,2,8.24,10.745,-2.415,3.137,0.0,620.2,1,4.765,3.475,-431.5578,059003.000473,1215.7839,?,this run,1.0,4.254,0.495,-3.475,-3.475,-3.475,7.0,3.0,4.0,3.0,0.0,0.0,0.0,-2.69,0.0,0.0,8.24,4.765,no support
059003.000536,138839.9332,0,94,8,2,6,10,8,2.622,6.283,-3.69,0.896,0.734,289.7,13,1.871,0.751,-164.5805,059003.000534,264.5915,?,this run,1.0,2.712,0.585,-1.254,-0.751,-3.819,7.0,1.0,6.0,3.0,0.0,0.0,0.0,-1.48,1.238,-0.504,2.622,1.367,no support
059003.000622,141440.8209,0,40,4,2,2,7,3,4.582,8.224,-3.743,-0.253,0.0,141.5,4,2.586,1.996,-58.5062,059003.000609,2587.711,?,this run,1.0,6.105,0.876,-2.722,-1.996,-4.108,4.0,2.0,2.0,2.0,0.0,0.0,0.0,-2.43,0.727,-0.727,4.582,1.86,no support
059003.000603,136641.7828,0,142,5,2,3,16,8,0.68,5.079,-4.387,-2.581,0.0,141.5,71,2.056,-1.376,81.7319,059003.000602,103.4153,?,this run,2.0,6.555,0.621,0.091,1.376,-4.171,5.0,3.0,2.0,2.0,0.0,0.0,0.0,2.1,1.285,-1.285,0.68,0.771,no support
059003.000547,105534.6497,0,159,9,3,6,15,4,3.688,11.985,-8.238,-0.879,1.543,356.3,1,-0.178,3.865,186.6908,059003.000549,-502.849,?,this run,2.0,8.951,0.646,-4.252,-3.865,-4.252,9.0,2.0,7.0,3.0,0.0,0.0,0.0,1.26,1.93,-0.387,3.688,-0.565,no support
059003.000562,111193.209,0,72,5,2,3,5,0,6.436,10.406,-4.227,0.407,1.298,356.3,1,2.514,3.922,-175.2485,059003.000559,3039.4292,?,this run,1.0,6.763,0.977,-4.265,-3.922,-4.265,5.0,2.0,3.0,2.0,0.0,0.0,0.0,-2.67,1.642,-0.344,6.436,2.171,no support
059003.000422,133194.4131,0,9,2,2,0,5,3,5.087,5.071,-0.045,5.452,0.0,620.2,12,2.913,2.173,-349.6708,059003.000425,-528.4064,?,this run,0.0,0.0,0.621,-2.173,-2.173,-4.658,2.0,2.0,0.0,2.0,0.0,0.0,0.0,-2.32,0.0,0.0,5.087,2.913,no support
059003.000521,135896.7733,0,89,6,3,3,7,5,3.876,6.959,-3.025,1.18,0.0,289.7,3,-0.005,3.881,-9.1206,059003.000514,1818.1064,?,this run,2.0,3.483,0.617,-3.881,-3.881,-4.98,6.0,2.0,4.0,3.0,0.0,0.0,0.0,-0.23,0.0,0.0,3.876,-0.005,no support
059003.000532,138077.9682,0,3,1,1,0,2,0,7.952,7.736,-0.015,1.617,0.0,289.7,1,2.96,4.993,-83.6755,059003.000423,4751.9155,?,this run,0.0,0.0,1.0,-4.993,-4.993,-4.993,1.0,0.0,1.0,2.0,0.0,0.0,0.0,-1.54,0.0,0.0,7.952,2.96,no support
059003.000524,136111.004,0,12,5,3,2,3,1,7.549,8.569,-1.046,1.698,0.0,289.7,1,2.871,4.678,2.3886,059003.000530,-1847.2637,?,this run,0.0,0.0,0.895,-5.408,-4.678,-5.408,5.0,4.0,1.0,3.0,2.0,0.021,0.0,0.1,0.73,-0.73,7.549,2.141,no support
059003.000533,138342.7116,0,60,5,2,3,6,3,3.813,6.926,-3.074,0.097,0.0,289.7,16,1.176,2.637,104.3411,059003.000531,412.0568,?,this run,1.0,2.314,0.617,-2.637,-2.637,-5.41,5.0,3.0,2.0,3.0,0.0,0.0,0.0,2.77,0.0,0.0,3.813,1.176,no support
059003.000522,135926.9072,0,61,6,2,4,9,4,3.42,6.447,-2.962,1.813,0.066,289.7,28,1.315,2.104,90.2855,059003.000527,-468.1255,?,this run,1.0,3.216,0.73,-2.105,-2.104,-5.437,7.0,2.0,5.0,3.0,0.0,0.0,0.0,1.8,0.067,-0.001,3.42,1.314,no support
059003.000604,136728.7825,0,96,3,3,0,13,5,7.362,8.577,-1.167,-1.619,0.0,141.5,3,2.49,4.872,-91.9279,059003.000589,2148.3244,?,this run,1.0,5.417,0.989,-4.872,-4.872,-5.971,3.0,2.0,1.0,3.0,1.0,0.226,0.0,-1.31,0.0,0.0,7.362,2.49,no support
059003.000599,136589.5252,0,42,7,3,4,7,4,4.949,7.9,-3.336,-5.182,1.031,141.5,3,0.54,4.408,-39.7106,059003.000595,-9.868,?,this run,1.0,6.495,0.994,-5.043,-4.408,-6.142,8.0,2.0,6.0,3.0,0.0,0.0,0.0,-0.59,1.666,-0.635,4.949,-0.094,no support
059003.000542,101777.9549,0,92,12,3,9,7,3,1.384,10.03,-8.757,-1.694,1.364,356.3,1,-3.522,4.906,-103.4944,059003.000544,-3516.5461,?,this run,2.0,5.173,0.795,-6.52,-4.906,-6.52,12.0,4.0,8.0,3.0,0.0,0.0,0.0,-0.73,2.978,-1.614,1.384,-5.136,no support
059003.000001,0.0,0,97,28,21,7,23,3,148.433,154.761,-6.194,46.995,0.0,606.0,0,,,,,,,this run,,,,,,,,,,,,,,,,,,,
059003.000031,1398.342,0,87,27,20,7,26,4,156.875,164.245,-6.921,55.802,0.0,606.0,0,,,,,,,this run,,,,,,,,,,,,,,,,,,,
059003.000032,2893.1361,0,61,25,19,6,25,8,142.666,146.816,-3.703,44.83,0.0,606.0,0,,,,,,,this run,,,,,,,,,,,,,,,,,,,
059003.000033,4453.75,0,32,13,12,1,13,1,106.49,108.273,-1.498,41.139,0.0,606.0,0,,,,,,,this run,,,,,,,,,,,,,,,,,,,
059003.000034,9370.6713,0,53,30,17,13,21,4,100.654,110.119,-9.096,27.048,0.0,606.0,0,,,,,,,this run,,,,,,,,,,,,,,,,,,,
059003.000035,10032.9334,0,109,42,23,19,32,10,104.522,118.853,-15.278,13.54,0.015,606.0,0,,,,,,,this run,,,,,,,,,,,,,,,,,,,
059003.000036,10138.1898,0,78,38,25,13,35,12,148.312,158.242,-9.857,31.278,0.0,606.0,0,,,,,,,this run,,,,,,,,,,,,,,,,,,,
059003.000037,10859.0699,0,96,39,26,13,34,8,155.381,166.876,-11.273,27.799,0.0,606.0,0,,,,,,,this run,,,,,,,,,,,,,,,,,,,
059003.000038,10950.2532,0,50,26,19,7,22,4,104.532,111.385,-6.592,20.801,0.0,606.0,0,,,,,,,this run,,,,,,,,,,,,,,,,,,,
059003.000039,11761.7047,0,103,36,23,13,34,15,110.609,121.003,-10.422,20.744,0.0,606.0,0,,,,,,,this run,,,,,,,,,,,,,,,,,,,
059003.000040,12494.6376,0,93,27,16,11,26,10,94.768,103.206,-8.449,26.827,0.322,606.0,0,,,,,,,this run,,,,,,,,,,,,,,,,,,,
059003.000043,13887.6014,0,104,35,21,14,34,14,101.215,116.448,-14.915,18.181,0.0,606.0,0,,,,,,,this run,,,,,,,,,,,,,,,,,,,
059003.000044,14187.3426,0,72,23,13,10,20,8,62.337,69.223,-7.267,10.265,0.186,606.0,0,,,,,,,this run,,,,,,,,,,,,,,,,,,,
059003.000048,15443.4972,0,103,29,13,16,31,18,68.409,80.315,-11.591,17.413,0.0,606.0,0,,,,,,,this run,,,,,,,,,,,,,,,,,,,
059003.000051,15705.141,0,112,29,16,13,32,13,96.268,107.256,-10.69,32.53,0.024,606.0,0,,,,,,,this run,,,,,,,,,,,,,,,,,,,
059003.000052,16089.133,0,67,20,12,8,22,10,92.897,98.695,-5.724,33.792,0.0,606.0,0,,,,,,,this run,,,,,,,,,,,,,,,,,,,
059003.000055,16763.9877,0,112,28,15,13,26,12,72.221,83.124,-10.886,24.818,0.0,606.0,0,,,,,,,this run,,,,,,,,,,,,,,,,,,,
059003.000056,17095.6443,0,47,17,12,5,15,3,70.442,74.883,-4.147,16.129,0.0,606.0,0,,,,,,,this run,,,,,,,,,,,,,,,,,,,
059003.000058,17409.6152,0,105,18,8,10,18,8,32.337,41.669,-9.427,11.321,1.145,606.0,0,,,,,,,this run,,,,,,,,,,,,,,,,,,,
059003.000061,17642.0424,0,45,14,8,6,15,6,52.023,55.645,-3.386,21.265,0.0,606.0,0,,,,,,,this run,,,,,,,,,,,,,,,,,,,
059003.000065,18693.6648,0,22,10,9,1,10,2,51.517,53.716,-1.954,6.451,0.0,606.0,0,,,,,,,this run,,,,,,,,,,,,,,,,,,,
059003.000068,19046.135,0,70,21,12,9,21,5,75.593,84.029,-8.185,15.379,0.0,606.0,0,,,,,,,this run,,,,,,,,,,,,,,,,,,,
059003.000077,20856.8702,0,43,19,9,10,11,2,47.003,53.155,-5.94,11.044,0.0,606.0,0,,,,,,,this run,,,,,,,,,,,,,,,,,,,
059003.000090,23091.705,0,44,17,10,7,13,4,46.744,51.242,-4.287,5.238,0.0,606.0,0,,,,,,,this run,,,,,,,,,,,,,,,,,,,
059003.000092,23246.0005,0,70,22,12,10,15,3,67.957,76.583,-8.473,10.38,0.0,606.0,0,,,,,,,this run,,,,,,,,,,,,,,,,,,,
059003.000094,23465.4707,0,21,9,4,5,4,0,20.27,23.048,-3.148,5.134,0.0,606.0,0,,,,,,,this run,,,,,,,,,,,,,,,,,,,
059003.000103,24357.9779,0,102,24,12,12,18,6,74.541,80.879,-6.927,17.138,0.0,606.0,0,,,,,,,this run,,,,,,,,,,,,,,,,,,,
059003.000107,24886.5289,0,94,27,8,19,12,4,40.273,49.756,-9.268,11.005,0.342,606.0,0,,,,,,,this run,,,,,,,,,,,,,,,,,,,
059003.000109,25244.6511,0,44,8,5,3,6,1,30.364,33.988,-3.47,12.924,0.0,606.0,0,,,,,,,this run,,,,,,,,,,,,,,,,,,,
059003.000110,25391.7708,0,75,11,6,5,9,2,49.006,53.415,-4.373,15.378,0.0,606.0,0,,,,,,,this run,,,,,,,,,,,,,,,,,,,
059003.000116,26447.9158,0,24,5,4,1,6,1,31.722,33.861,-1.963,13.848,0.0,606.0,0,,,,,,,this run,,,,,,,,,,,,,,,,,,,
059003.000117,26921.4912,0,37,19,10,9,11,2,52.471,56.89,-4.265,5.394,0.0,606.0,0,,,,,,,this run,,,,,,,,,,,,,,,,,,,
059003.000118,27089.7149,0,106,21,5,16,9,4,18.982,31.415,-12.404,5.947,0.143,606.0,0,,,,,,,this run,,,,,,,,,,,,,,,,,,,
059003.000122,27597.1408,0,64,19,9,10,11,2,46.167,53.271,-7.507,6.204,0.0,606.0,0,,,,,,,this run,,,,,,,,,,,,,,,,,,,
059003.000124,28101.7827,0,99,17,9,8,21,9,51.292,58.514,-7.126,11.452,0.0,606.0,0,,,,,,,this run,,,,,,,,,,,,,,,,,,,
059003.000430,30602.8493,0,58,20,8,12,11,2,24.535,35.037,-10.631,-0.695,2.824,606.0,0,,,,,,,this run,,,,,,,,,,,,,,,,,,,
059003.000136,31787.9524,0,92,18,7,11,14,7,18.272,29.293,-10.855,3.26,0.0,606.0,0,,,,,,,this run,,,,,,,,,,,,,,,,,,,
059003.000169,39225.6056,0,118,29,14,15,30,17,25.915,37.756,-12.145,2.804,1.067,606.0,0,,,,,,,this run,,,,,,,,,,,,,,,,,,,
059003.000174,39940.7332,0,99,23,11,12,26,14,39.71,49.472,-9.651,1.022,0.0,606.0,0,,,,,,,this run,,,,,,,,,,,,,,,,,,,
059003.000193,53092.7826,0,130,18,6,12,18,7,30.164,37.14,-7.275,2.755,1.592,606.0,0,,,,,,,this run,,,,,,,,,,,,,,,,,,,
059003.000194,58158.0644,0,123,45,35,10,44,7,164.424,171.594,-7.136,31.525,0.0,652.0,0,,,,,,,this run,,,,,,,,,,,,,,,,,,,
059003.000195,58174.1487,0,142,44,34,10,42,14,121.109,130.29,-9.437,21.566,0.0,652.0,0,,,,,,,this run,,,,,,,,,,,,,,,,,,,
059003.000196,60166.1748,0,144,65,43,22,48,8,185.528,201.574,-15.432,33.459,0.0,652.0,0,,,,,,,this run,,,,,,,,,,,,,,,,,,,
059003.000197,60419.7199,0,132,53,44,9,55,8,198.894,204.758,-7.899,30.23,0.0,652.0,0,,,,,,,this run,,,,,,,,,,,,,,,,,,,
059003.000198,60520.3027,0,132,39,25,14,30,11,89.756,99.471,-9.612,11.08,0.0,1360.7,0,,,,,,,this run,,,,,,,,,,,,,,,,,,,
059003.000199,61357.0286,0,147,67,41,26,53,16,154.699,175.59,-20.395,41.698,0.0,652.0,0,,,,,,,this run,,,,,,,,,,,,,,,,,,,
059003.000200,61605.6603,0,134,49,33,16,43,9,138.408,146.829,-10.898,22.494,0.304,652.0,0,,,,,,,this run,,,,,,,,,,,,,,,,,,,
059003.000201,61717.9819,0,93,32,25,7,35,10,104.104,110.852,-6.494,19.099,0.219,652.0,0,,,,,,,this run,,,,,,,,,,,,,,,,,,,
059003.000202,62062.6563,0,148,43,30,13,48,21,109.798,121.299,-11.469,16.625,0.0,1360.7,0,,,,,,,this run,,,,,,,,,,,,,,,,,,,
059003.000203,62240.8204,0,132,67,44,23,55,12,181.974,198.73,-18.075,42.282,0.0,652.0,0,,,,,,,this run,,,,,,,,,,,,,,,,,,,
059003.000204,62535.6204,0,148,45,22,23,34,15,49.067,67.4,-17.943,5.879,0.0,1360.7,0,,,,,,,this run,,,,,,,,,,,,,,,,,,,
059003.000205,62558.6544,0,133,61,46,15,59,11,238.223,249.1,-10.272,55.628,0.0,652.0,0,,,,,,,this run,,,,,,,,,,,,,,,,,,,
059003.000206,62678.6722,0,92,38,34,4,42,4,183.718,187.213,-3.73,40.34,0.0,652.0,0,,,,,,,this run,,,,,,,,,,,,,,,,,,,
059003.000207,63221.2833,0,69,33,22,11,28,4,116.818,122.821,-6.278,25.174,0.0,652.0,0,,,,,,,this run,,,,,,,,,,,,,,,,,,,
059003.000208,63232.1841,0,138,55,27,28,36,10,77.517,94.549,-18.539,1.92,0.0,1360.7,0,,,,,,,this run,,,,,,,,,,,,,,,,,,,
059003.000209,63576.2724,0,102,46,30,16,41,8,121.297,132.383,-11.439,19.403,0.0,652.0,0,,,,,,,this run,,,,,,,,,,,,,,,,,,,
059003.000210,63593.3317,0,149,58,41,17,54,11,190.229,204.817,-16.166,33.131,0.0,652.0,0,,,,,,,this run,,,,,,,,,,,,,,,,,,,
059003.000211,63768.665,0,137,67,52,15,59,15,197.164,208.529,-10.686,35.45,0.0,652.0,0,,,,,,,this run,,,,,,,,,,,,,,,,,,,
059003.000212,63816.8929,0,134,62,45,17,54,10,189.664,201.265,-10.99,27.942,0.123,652.0,0,,,,,,,this run,,,,,,,,,,,,,,,,,,,
059003.000213,64150.909,0,133,51,34,17,46,14,124.527,136.715,-11.64,30.151,0.0,1360.7,0,,,,,,,this run,,,,,,,,,,,,,,,,,,,
059003.000214,64215.4267,0,90,35,26,9,36,10,125.978,134.765,-9.626,35.493,0.0,652.0,0,,,,,,,this run,,,,,,,,,,,,,,,,,,,
059003.000215,64235.6392,0,148,55,37,18,49,11,120.695,135.897,-15.392,8.167,0.0,1360.7,0,,,,,,,this run,,,,,,,,,,,,,,,,,,,
059003.000216,64401.0431,0,105,43,28,15,35,4,136.084,148.401,-11.783,25.944,0.0,652.0,0,,,,,,,this run,,,,,,,,,,,,,,,,,,,
059003.000217,64817.5367,0,103,32,21,11,32,12,78.627,87.279,-9.038,13.527,0.0,1360.7,0,,,,,,,this run,,,,,,,,,,,,,,,,,,,
059003.000218,64857.1516,0,148,68,50,18,61,10,205.227,218.66,-12.824,48.394,0.0,652.0,0,,,,,,,this run,,,,,,,,,,,,,,,,,,,
059003.000219,64865.1475,0,131,49,37,12,46,8,133.205,143.145,-12.108,5.672,0.0,1360.7,0,,,,,,,this run,,,,,,,,,,,,,,,,,,,
059003.000220,64979.5206,0,137,43,30,13,42,15,100.686,111.437,-10.337,17.694,0.0,652.0,0,,,,,,,this run,,,,,,,,,,,,,,,,,,,
059003.000431,65073.2697,0,66,16,8,8,13,1,39.792,45.081,-5.035,4.642,0.0,1360.7,0,,,,,,,this run,,,,,,,,,,,,,,,,,,,
059003.000221,65295.8986,0,133,52,36,16,46,11,170.28,182.124,-11.398,36.104,0.0,652.0,0,,,,,,,this run,,,,,,,,,,,,,,,,,,,
059003.000432,65765.1515,0,66,15,11,4,16,4,45.357,48.636,-3.016,6.35,0.0,1360.7,0,,,,,,,this run,,,,,,,,,,,,,,,,,,,
059003.000222,65909.4519,0,102,24,12,12,21,3,44.661,53.097,-8.522,1.187,0.0,1360.7,0,,,,,,,this run,,,,,,,,,,,,,,,,,,,
059003.000223,65922.4031,0,135,48,40,8,54,8,176.245,183.151,-6.927,31.624,0.0,652.0,0,,,,,,,this run,,,,,,,,,,,,,,,,,,,
059003.000224,65935.2299,0,137,41,27,14,43,15,100.349,110.116,-9.676,8.179,0.0,1360.7,0,,,,,,,this run,,,,,,,,,,,,,,,,,,,
059003.000225,65967.1244,0,96,41,20,21,26,8,41.959,62.092,-21.738,-3.685,4.914,1360.7,0,,,,,,,this run,,,,,,,,,,,,,,,,,,,
059003.000226,66148.3554,0,95,29,25,4,44,14,98.059,102.971,-4.868,16.141,0.0,1360.7,0,,,,,,,this run,,,,,,,,,,,,,,,,,,,
059003.000227,66301.3473,0,49,17,15,2,21,5,65.016,66.693,-1.698,21.907,0.0,652.0,0,,,,,,,this run,,,,,,,,,,,,,,,,,,,
059003.000228,66543.7376,0,32,8,5,3,7,3,13.83,18.306,-4.421,1.902,0.0,652.0,0,,,,,,,this run,,,,,,,,,,,,,,,,,,,
059003.000229,66681.1404,0,103,32,26,6,41,13,113.052,120.027,-7.035,15.878,0.0,652.0,0,,,,,,,this run,,,,,,,,,,,,,,,,,,,
059003.000230,66735.853,0,93,36,33,3,41,10,121.833,125.457,-5.045,9.848,0.0,1360.7,0,,,,,,,this run,,,,,,,,,,,,,,,,,,,
059003.000231,66852.8693,0,136,43,22,21,39,12,75.418,95.074,-21.262,-6.206,2.961,1360.7,0,,,,,,,this run,,,,,,,,,,,,,,,,,,,
059003.000232,66867.1098,0,65,17,13,4,21,6,59.289,64.694,-5.119,13.377,0.0,652.0,0,,,,,,,this run,,,,,,,,,,,,,,,,,,,
059003.000233,66943.0395,0,102,22,13,9,24,4,38.672,47.893,-10.168,1.758,2.623,1360.7,0,,,,,,,this run,,,,,,,,,,,,,,,,,,,
059003.000234,67398.8098,0,146,39,22,17,35,12,71.756,85.039,-13.015,8.286,0.0,1360.7,0,,,,,,,this run,,,,,,,,,,,,,,,,,,,
059003.000235,67240.3391,0,136,37,19,18,43,8,112.334,123.007,-10.986,29.282,0.0,1360.7,0,,,,,,,this run,,,,,,,,,,,,,,,,,,,
059003.000236,67395.3161,0,103,35,28,7,39,9,128.674,135.269,-6.285,22.654,0.0,1360.7,0,,,,,,,this run,,,,,,,,,,,,,,,,,,,
059003.000237,67049.1791,0,148,56,45,11,56,11,198.509,208.602,-9.962,32.461,0.0,652.0,0,,,,,,,this run,,,,,,,,,,,,,,,,,,,
059003.000238,67679.2271,0,136,43,30,13,44,14,129.239,139.556,-9.834,27.171,0.0,652.0,0,,,,,,,this run,,,,,,,,,,,,,,,,,,,
059003.000239,67870.7433,0,145,49,34,15,49,17,112.2,122.932,-12.503,12.311,0.0,652.0,0,,,,,,,this run,,,,,,,,,,,,,,,,,,,
059003.000240,67965.464,0,65,27,18,9,23,5,67.099,72.875,-5.64,8.362,0.0,652.0,0,,,,,,,this run,,,,,,,,,,,,,,,,,,,
059003.000241,68238.1038,0,133,33,17,16,24,10,39.045,48.209,-11.83,-1.573,0.0,1360.7,0,,,,,,,this run,,,,,,,,,,,,,,,,,,,
059003.000242,68305.2231,0,54,13,9,4,16,6,27.696,34.244,-6.295,1.636,0.987,1360.7,0,,,,,,,this run,,,,,,,,,,,,,,,,,,,
059003.000433,68331.6948,0,102,35,33,2,42,31,63.626,66.164,-2.765,14.98,0.0,652.0,0,,,,,,,this run,,,,,,,,,,,,,,,,,,,
059003.000243,68331.7467,0,135,38,29,9,55,38,47.721,54.816,-6.828,-0.736,0.0,1360.7,0,,,,,,,this run,,,,,,,,,,,,,,,,,,,
059003.000244,68374.5511,0,149,52,36,16,49,12,168.429,178.601,-9.621,30.093,0.0,652.0,0,,,,,,,this run,,,,,,,,,,,,,,,,,,,
059003.000245,68492.4417,0,136,47,27,20,40,10,91.612,112.284,-20.149,12.833,3.541,652.0,0,,,,,,,this run,,,,,,,,,,,,,,,,,,,
059003.000246,68525.6133,0,133,45,26,19,38,7,123.172,136.951,-13.474,19.062,0.0,652.0,0,,,,,,,this run,,,,,,,,,,,,,,,,,,,
059003.000247,68544.1901,0,148,46,28,18,46,15,91.783,107.453,-15.16,12.381,0.863,1360.7,0,,,,,,,this run,,,,,,,,,,,,,,,,,,,
059003.000434,68556.3031,0,64,9,5,4,13,6,11.922,15.258,-3.396,2.178,0.0,1360.7,0,,,,,,,this run,,,,,,,,,,,,,,,,,,,
059003.000435,68676.5553,0,103,28,11,17,23,9,33.114,47.063,-13.896,7.952,0.525,1360.7,0,,,,,,,this run,,,,,,,,,,,,,,,,,,,
059003.000248,68801.6702,0,133,47,32,15,44,9,142.639,152.592,-9.689,26.783,0.0,652.0,0,,,,,,,this run,,,,,,,,,,,,,,,,,,,
059003.000249,68978.5526,0,103,42,23,19,30,6,85.912,95.224,-9.692,9.479,0.0,652.0,0,,,,,,,this run,,,,,,,,,,,,,,,,,,,
059003.000250,68987.0796,0,138,37,29,8,47,20,78.729,83.898,-4.873,4.055,0.0,1360.7,0,,,,,,,this run,,,,,,,,,,,,,,,,,,,
059003.000251,69138.2698,0,147,51,32,19,49,8,157.471,169.562,-11.611,30.69,0.0,652.0,0,,,,,,,this run,,,,,,,,,,,,,,,,,,,
059003.000252,69408.5299,0,134,31,16,15,30,11,61.605,76.253,-14.243,16.749,0.924,1360.7,0,,,,,,,this run,,,,,,,,,,,,,,,,,,,
059003.000253,69431.0029,0,135,38,22,16,30,7,73.384,84.098,-10.576,4.354,0.0,1360.7,0,,,,,,,this run,,,,,,,,,,,,,,,,,,,
059003.000254,69681.7218,0,99,14,7,7,9,0,29.893,35.001,-5.21,6.064,0.0,1360.7,0,,,,,,,this run,,,,,,,,,,,,,,,,,,,
059003.000255,69686.2328,0,148,39,26,13,43,13,83.707,95.894,-11.832,2.043,0.0,1360.7,0,,,,,,,this run,,,,,,,,,,,,,,,,,,,
059003.000256,69978.0417,0,130,31,20,11,32,7,66.88,71.17,-6.585,2.943,0.0,1360.7,0,,,,,,,this run,,,,,,,,,,,,,,,,,,,
059003.000257,70381.4889,0,93,25,18,7,25,5,61.83,65.975,-4.862,0.255,0.0,1360.7,0,,,,,,,this run,,,,,,,,,,,,,,,,,,,
059003.000258,71021.1995,0,147,26,11,15,30,13,32.224,45.194,-12.773,1.332,1.169,1360.7,0,,,,,,,this run,,,,,,,,,,,,,,,,,,,
059003.000259,71385.7091,0,135,21,11,10,26,13,34.86,41.987,-9.074,-0.616,0.269,1360.7,0,,,,,,,this run,,,,,,,,,,,,,,,,,,,
059003.000260,71501.0964,0,66,17,12,5,22,6,41.463,46.143,-4.386,1.41,0.0,1360.7,0,,,,,,,this run,,,,,,,,,,,,,,,,,,,
059003.000261,71536.3672,0,101,29,19,10,31,10,85.582,94.026,-8.29,15.628,0.0,652.0,0,,,,,,,this run,,,,,,,,,,,,,,,,,,,
059003.000262,71592.3722,0,148,39,24,15,35,11,92.347,107.006,-14.176,20.153,0.0,652.0,0,,,,,,,this run,,,,,,,,,,,,,,,,,,,
059003.000263,71736.4395,0,132,31,23,8,28,7,98.511,103.884,-5.331,19.32,0.0,652.0,0,,,,,,,this run,,,,,,,,,,,,,,,,,,,
059003.000264,71978.5039,0,135,33,23,10,36,9,104.649,112.038,-7.004,11.574,0.0,652.0,0,,,,,,,this run,,,,,,,,,,,,,,,,,,,
059003.000265,71994.8176,0,102,30,16,14,21,4,53.541,64.476,-10.615,2.382,0.0,1360.7,0,,,,,,,this run,,,,,,,,,,,,,,,,,,,
059003.000266,73030.0474,0,148,26,17,9,27,12,39.862,47.738,-8.28,-3.985,0.0,1360.7,0,,,,,,,this run,,,,,,,,,,,,,,,,,,,
059003.000267,73378.4028,0,136,26,13,13,21,7,28.888,38.427,-9.86,-3.294,0.0,1360.7,0,,,,,,,this run,,,,,,,,,,,,,,,,,,,
059003.000268,73606.1275,0,145,26,12,14,27,13,17.69,28.886,-11.406,-8.579,2.793,1360.7,0,,,,,,,this run,,,,,,,,,,,,,,,,,,,
059003.000269,73609.2203,0,134,23,14,9,21,8,51.205,57.463,-6.143,12.348,0.0,1360.7,0,,,,,,,this run,,,,,,,,,,,,,,,,,,,
059003.000270,74105.277,0,101,25,15,10,22,8,33.565,41.163,-10.07,-5.112,0.0,1360.7,0,,,,,,,this run,,,,,,,,,,,,,,,,,,,
059003.000436,74619.6919,0,133,23,13,10,25,11,42.138,50.662,-8.314,3.839,0.0,1360.7,0,,,,,,,this run,,,,,,,,,,,,,,,,,,,
059003.000271,74463.8052,0,67,11,6,5,14,5,13.238,18.544,-5.308,0.809,0.0,1360.7,0,,,,,,,this run,,,,,,,,,,,,,,,,,,,
059003.000437,74696.2214,0,146,26,15,11,26,12,29.238,33.64,-6.93,0.773,0.0,1360.7,0,,,,,,,this run,,,,,,,,,,,,,,,,,,,
059003.000272,75294.1289,0,132,27,18,9,29,8,61.11,66.246,-7.219,4.128,0.0,1360.7,0,,,,,,,this run,,,,,,,,,,,,,,,,,,,
059003.000273,75409.5661,0,66,29,15,14,23,3,64.507,75.881,-11.008,8.007,0.0,652.0,0,,,,,,,this run,,,,,,,,,,,,,,,,,,,
059003.000274,75560.7138,0,101,23,13,10,24,10,30.153,42.755,-12.352,-3.905,0.141,1360.7,0,,,,,,,this run,,,,,,,,,,,,,,,,,,,
059003.000275,75614.8163,0,103,27,19,8,27,8,68.759,76.577,-7.478,11.734,0.0,652.0,0,,,,,,,this run,,,,,,,,,,,,,,,,,,,
059003.000276,75639.9663,0,135,20,11,9,28,12,44.755,55.233,-10.29,8.152,0.554,1360.7,0,,,,,,,this run,,,,,,,,,,,,,,,,,,,
059003.000277,75762.1963,0,150,26,12,14,20,9,28.07,40.313,-12.124,3.972,0.0,1360.7,0,,,,,,,this run,,,,,,,,,,,,,,,,,,,
059003.000438,75982.8891,0,132,26,13,13,27,13,24.043,33.274,-10.085,-1.336,0.731,1360.7,0,,,,,,,this run,,,,,,,,,,,,,,,,,,,
059003.000439,76130.4387,0,134,21,8,13,20,11,9.076,20.439,-12.21,-6.792,8.69,1360.7,0,,,,,,,this run,,,,,,,,,,,,,,,,,,,
059003.000440,76411.0189,0,100,28,10,18,18,9,10.46,26.35,-15.868,-3.963,1.974,1360.7,0,,,,,,,this run,,,,,,,,,,,,,,,,,,,
059003.000441,76534.6983,0,92,9,6,3,15,8,30.2,33.252,-2.879,9.407,0.0,1360.7,0,,,,,,,this run,,,,,,,,,,,,,,,,,,,
059003.000278,76892.5278,0,68,19,6,13,8,4,11.125,18.719,-7.967,-0.168,0.0,1360.7,0,,,,,,,this run,,,,,,,,,,,,,,,,,,,
059003.000442,76894.5977,0,136,17,8,9,23,11,27.516,34.113,-6.495,2.764,1.187,1360.7,0,,,,,,,this run,,,,,,,,,,,,,,,,,,,
059003.000279,77821.9652,0,103,23,13,10,19,6,44.053,52.314,-8.263,5.941,0.0,1360.7,0,,,,,,,this run,,,,,,,,,,,,,,,,,,,
059003.000280,78312.8665,0,30,15,9,6,11,2,37.047,40.408,-3.127,3.915,0.0,652.0,0,,,,,,,this run,,,,,,,,,,,,,,,,,,,
059003.000281,78463.7144,0,129,26,16,10,28,11,52.719,61.736,-8.837,4.44,0.0,652.0,0,,,,,,,this run,,,,,,,,,,,,,,,,,,,
059003.000282,78694.5832,0,134,26,16,10,28,14,55.856,63.601,-7.824,10.005,0.0,1360.7,0,,,,,,,this run,,,,,,,,,,,,,,,,,,,
059003.000283,78889.1356,0,67,18,12,6,22,6,46.885,50.948,-3.741,2.476,0.0,652.0,0,,,,,,,this run,,,,,,,,,,,,,,,,,,,
059003.000284,79136.2319,0,95,23,16,7,20,6,53.267,58.012,-4.871,4.52,0.0,1360.7,0,,,,,,,this run,,,,,,,,,,,,,,,,,,,
059003.000285,79366.6839,0,95,20,14,6,24,12,39.48,44.296,-4.997,2.251,0.0,652.0,0,,,,,,,this run,,,,,,,,,,,,,,,,,,,
059003.000443,79377.146,0,55,8,5,3,8,3,23.223,24.758,-1.983,0.669,0.0,1360.7,0,,,,,,,this run,,,,,,,,,,,,,,,,,,,
059003.000444,79378.4284,0,32,12,8,4,12,2,39.958,43.552,-3.386,5.655,0.0,652.0,0,,,,,,,this run,,,,,,,,,,,,,,,,,,,
059003.000286,79395.5564,0,134,25,16,9,25,8,46.997,53.647,-6.353,5.351,0.0,1360.7,0,,,,,,,this run,,,,,,,,,,,,,,,,,,,
059003.000287,79742.438,0,33,9,8,1,8,1,37.14,39.188,-1.941,4.012,0.0,652.0,0,,,,,,,this run,,,,,,,,,,,,,,,,,,,
059003.000288,80164.0314,0,67,26,13,13,15,2,47.688,54.596,-6.984,3.066,0.0,652.0,0,,,,,,,this run,,,,,,,,,,,,,,,,,,,
059003.000289,80360.808,0,131,27,17,10,28,13,60.472,67.535,-7.138,13.348,1.769,652.0,0,,,,,,,this run,,,,,,,,,,,,,,,,,,,
059003.000290,80897.8187,0,66,22,12,10,18,4,48.882,54.076,-4.873,4.691,0.0,652.0,0,,,,,,,this run,,,,,,,,,,,,,,,,,,,
059003.000291,80988.7881,0,96,20,11,9,25,14,43.712,50.088,-6.672,9.828,0.0,652.0,0,,,,,,,this run,,,,,,,,,,,,,,,,,,,
059003.000292,81404.5347,0,98,21,16,5,22,7,62.626,67.365,-4.33,12.027,0.07,652.0,0,,,,,,,this run,,,,,,,,,,,,,,,,,,,
059003.000445,82082.7361,0,138,21,12,9,28,13,27.71,32.584,-5.502,0.507,0.617,1360.7,0,,,,,,,this run,,,,,,,,,,,,,,,,,,,
059003.000293,82492.5343,0,68,16,9,7,16,4,17.177,23.066,-5.684,0.958,0.0,1360.7,0,,,,,,,this run,,,,,,,,,,,,,,,,,,,
059003.000294,83025.9514,0,61,16,10,6,14,2,40.734,43.812,-2.892,5.728,0.0,652.0,0,,,,,,,this run,,,,,,,,,,,,,,,,,,,
059003.000296,83607.3607,0,128,16,12,4,23,10,48.95,53.538,-4.86,8.12,0.0,652.0,0,,,,,,,this run,,,,,,,,,,,,,,,,,,,
059003.000297,83703.4749,0,90,12,11,1,18,6,42.305,43.77,-1.851,5.856,0.0,652.0,0,,,,,,,this run,,,,,,,,,,,,,,,,,,,
059003.000446,84150.7853,0,131,21,10,11,18,13,4.378,13.49,-9.066,4.911,2.94,1832.6,0,,,,,,,this run,,,,,,,,,,,,,,,,,,,
059003.000447,84409.9217,0,67,17,10,7,12,3,26.554,31.822,-5.293,-0.694,0.0,652.0,0,,,,,,,this run,,,,,,,,,,,,,,,,,,,
059003.000298,84270.5865,0,68,12,7,5,16,8,15.715,19.749,-4.019,1.99,0.0,1832.6,0,,,,,,,this run,,,,,,,,,,,,,,,,,,,
059003.000299,84410.6954,0,146,22,14,8,25,10,52.409,60.268,-7.629,8.088,0.0,652.0,0,,,,,,,this run,,,,,,,,,,,,,,,,,,,
059003.000300,84429.9725,0,131,13,6,7,19,11,30.018,35.566,-5.381,6.84,0.0,652.0,0,,,,,,,this run,,,,,,,,,,,,,,,,,,,
059003.000448,84690.2037,0,142,30,15,15,25,15,6.281,20.251,-14.112,-0.793,3.108,1832.6,0,,,,,,,this run,,,,,,,,,,,,,,,,,,,
059003.000449,84804.133,0,64,14,9,5,16,4,36.946,41.654,-4.514,1.33,0.0,652.0,0,,,,,,,this run,,,,,,,,,,,,,,,,,,,
059003.000301,84992.0458,0,53,6,6,0,12,6,20.322,19.947,-0.644,5.827,0.0,652.0,0,,,,,,,this run,,,,,,,,,,,,,,,,,,,
059003.000302,85306.1787,0,99,16,10,6,14,4,34.047,37.869,-4.253,2.349,0.0,652.0,0,,,,,,,this run,,,,,,,,,,,,,,,,,,,
059003.000450,85982.3698,0,97,14,9,5,16,7,13.166,17.313,-4.091,2.768,0.641,1832.6,0,,,,,,,this run,,,,,,,,,,,,,,,,,,,
059003.000451,86390.5379,0,131,21,9,12,19,10,12.693,21.527,-8.723,3.086,0.191,1832.6,0,,,,,,,this run,,,,,,,,,,,,,,,,,,,
059003.000452,86455.6118,0,142,20,10,10,20,10,13.101,19.689,-6.66,3.27,0.0,1832.6,0,,,,,,,this run,,,,,,,,,,,,,,,,,,,
059003.000453,86938.5261,0,68,9,4,5,8,4,17.536,21.671,-4.046,1.518,0.0,1360.7,0,,,,,,,this run,,,,,,,,,,,,,,,,,,,
059003.000303,87511.3836,0,125,23,15,8,25,11,36.16,44.202,-7.865,9.198,0.0,1832.6,0,,,,,,,this run,,,,,,,,,,,,,,,,,,,
059003.000304,88210.153,0,140,21,10,11,23,17,8.512,18.476,-9.897,6.467,0.104,1832.6,0,,,,,,,this run,,,,,,,,,,,,,,,,,,,
059003.000305,88947.8166,0,142,26,13,13,20,8,18.729,28.57,-9.587,7.358,0.457,1832.6,0,,,,,,,this run,,,,,,,,,,,,,,,,,,,
059003.000306,90119.987,0,112,20,13,7,23,11,26.413,33.446,-6.806,5.13,0.0,1832.6,0,,,,,,,this run,,,,,,,,,,,,,,,,,,,
059003.000307,90629.1414,0,140,24,17,7,30,9,40.958,47.727,-6.492,0.074,0.0,1832.6,0,,,,,,,this run,,,,,,,,,,,,,,,,,,,
059003.000308,92441.5929,0,127,30,18,12,29,6,42.954,50.901,-9.833,6.678,0.0,1832.6,0,,,,,,,this run,,,,,,,,,,,,,,,,,,,
059003.000309,92554.6811,0,97,28,19,9,29,11,39.394,45.463,-6.853,-0.497,0.0,1360.7,0,,,,,,,this run,,,,,,,,,,,,,,,,,,,
059003.000310,93296.3731,0,122,14,9,5,20,4,20.191,24.332,-5.531,-0.638,0.0,1832.6,0,,,,,,,this run,,,,,,,,,,,,,,,,,,,
059003.000311,93967.3442,0,122,35,18,17,24,9,30.287,44.421,-13.785,0.717,0.241,1360.7,0,,,,,,,this run,,,,,,,,,,,,,,,,,,,
059003.000312,95147.8433,0,129,32,20,12,29,8,40.798,50.505,-9.592,4.749,0.0,1832.6,0,,,,,,,this run,,,,,,,,,,,,,,,,,,,
059003.000313,96830.2438,0,113,27,18,9,31,11,24.38,32.921,-8.341,5.519,0.019,1832.6,0,,,,,,,this run,,,,,,,,,,,,,,,,,,,
059003.000456,99604.4236,0,108,12,7,5,14,8,12.057,16.895,-4.851,2.222,0.0,1832.6,0,,,,,,,this run,,,,,,,,,,,,,,,,,,,
059003.000349,110295.405,0,91,25,13,12,17,9,29.251,43.293,-13.996,6.463,2.564,620.2,0,,,,,,,this run,,,,,,,,,,,,,,,,,,,
059003.000350,110333.5864,0,95,31,16,15,19,7,41.411,56.774,-15.33,11.337,0.834,620.2,0,,,,,,,this run,,,,,,,,,,,,,,,,,,,
059003.000351,110531.1427,1,60,13,9,4,10,6,17.572,22.188,-4.592,9.273,0.0,620.2,0,,,,,,,this run,,,,,,,,,,,,,,,,,,,
059003.000352,110881.1471,0,98,37,26,11,29,13,69.835,78.9,-8.718,18.935,0.0,620.2,0,,,,,,,this run,,,,,,,,,,,,,,,,,,,
059003.000353,110922.4898,0,103,33,18,15,24,11,50.161,64.275,-13.796,13.224,0.15,620.2,0,,,,,,,this run,,,,,,,,,,,,,,,,,,,
059003.000354,111110.1266,0,71,29,17,12,19,7,47.337,58.66,-11.269,12.028,0.447,620.2,0,,,,,,,this run,,,,,,,,,,,,,,,,,,,
059003.000355,111268.5709,0,61,22,14,8,18,7,33.413,38.98,-6.837,0.209,0.0,620.2,0,,,,,,,this run,,,,,,,,,,,,,,,,,,,
059003.000356,111335.0255,1,43,15,9,6,15,6,48.211,52.336,-3.818,15.974,0.0,620.2,0,,,,,,,this run,,,,,,,,,,,,,,,,,,,
059003.000357,111342.4888,0,102,43,27,16,32,15,65.218,82.745,-17.313,10.994,0.401,620.2,0,,,,,,,this run,,,,,,,,,,,,,,,,,,,
059003.000358,111494.6051,0,83,31,19,12,25,7,63.868,73.013,-10.991,4.789,0.0,620.2,0,,,,,,,this run,,,,,,,,,,,,,,,,,,,
059003.000458,111518.3671,0,104,19,10,9,19,8,37.745,46.41,-8.65,7.915,0.0,253.8,0,,,,,,,this run,,,,,,,,,,,,,,,,,,,
059003.000459,111728.8678,0,100,20,9,11,19,9,13.82,24.03,-10.194,-2.293,5.21,253.8,0,,,,,,,this run,,,,,,,,,,,,,,,,,,,
059003.000460,111772.6534,0,62,25,12,13,14,6,15.303,24.844,-10.552,-5.107,3.721,620.2,0,,,,,,,this run,,,,,,,,,,,,,,,,,,,
059003.000461,111779.1088,0,29,10,6,4,8,4,9.647,14.658,-5.098,2.524,0.0,620.2,0,,,,,,,this run,,,,,,,,,,,,,,,,,,,
059003.000462,111902.9948,0,85,34,13,21,20,8,24.894,41.092,-16.102,8.342,1.869,620.2,0,,,,,,,this run,,,,,,,,,,,,,,,,,,,
059003.000359,111992.9799,0,107,35,23,12,31,11,80.977,89.767,-8.89,13.004,0.468,620.2,0,,,,,,,this run,,,,,,,,,,,,,,,,,,,
059003.000360,112643.1416,0,102,33,21,12,28,13,57.879,67.864,-10.089,16.232,1.928,620.2,0,,,,,,,this run,,,,,,,,,,,,,,,,,,,
059003.000361,112769.7263,0,77,35,20,15,22,7,62.235,76.237,-13.602,14.031,0.0,620.2,0,,,,,,,this run,,,,,,,,,,,,,,,,,,,
059003.000463,112837.4442,0,108,26,11,15,21,10,21.458,33.106,-11.513,1.48,1.878,253.8,0,,,,,,,this run,,,,,,,,,,,,,,,,,,,
059003.000362,112896.2328,0,48,21,11,10,13,1,47.826,56.498,-8.346,14.248,0.0,620.2,0,,,,,,,this run,,,,,,,,,,,,,,,,,,,
059003.000363,113023.5758,1,23,9,5,4,5,1,26.082,29.563,-3.554,12.332,0.0,620.2,0,,,,,,,this run,,,,,,,,,,,,,,,,,,,
059003.000464,113064.6926,0,103,28,14,14,23,12,33.069,42.217,-8.868,2.49,0.0,253.8,0,,,,,,,this run,,,,,,,,,,,,,,,,,,,
059003.000364,113158.607,0,112,51,27,24,34,13,56.127,76.96,-20.404,10.582,0.687,620.2,0,,,,,,,this run,,,,,,,,,,,,,,,,,,,
059003.000465,113211.6438,0,104,26,13,13,20,10,30.376,41.172,-10.892,2.719,0.166,253.8,0,,,,,,,this run,,,,,,,,,,,,,,,,,,,
059003.000466,113225.6742,0,83,21,14,7,22,14,25.706,31.579,-5.683,-0.825,0.0,253.8,0,,,,,,,this run,,,,,,,,,,,,,,,,,,,
059003.000365,113291.6907,0,105,46,29,17,32,15,70.744,83.355,-12.626,10.394,0.0,620.2,0,,,,,,,this run,,,,,,,,,,,,,,,,,,,
059003.000366,113556.8532,0,87,39,19,20,24,10,39.831,57.199,-17.231,7.054,1.08,620.2,0,,,,,,,this run,,,,,,,,,,,,,,,,,,,
059003.000367,113600.2066,0,78,35,24,11,25,7,72.969,82.536,-9.181,4.11,0.0,620.2,0,,,,,,,this run,,,,,,,,,,,,,,,,,,,
059003.000368,113630.9091,0,106,38,18,20,25,10,39.21,55.928,-16.362,8.841,2.12,620.2,0,,,,,,,this run,,,,,,,,,,,,,,,,,,,
059003.000369,113664.562,0,105,39,17,22,25,8,50.481,68.43,-18.419,12.797,2.486,620.2,0,,,,,,,this run,,,,,,,,,,,,,,,,,,,
059003.000370,113780.3248,0,110,48,27,21,32,11,72.509,89.607,-17.463,6.2,0.081,253.8,0,,,,,,,this run,,,,,,,,,,,,,,,,,,,
059003.000371,113823.1412,0,61,23,11,12,17,8,21.177,31.937,-10.55,6.25,0.406,620.2,0,,,,,,,this run,,,,,,,,,,,,,,,,,,,
059003.000372,113833.8195,0,47,20,7,13,12,5,32.707,43.585,-10.704,16.196,1.967,620.2,0,,,,,,,this run,,,,,,,,,,,,,,,,,,,
059003.000467,113854.8446,0,105,43,16,27,20,9,24.992,45.613,-21.012,-1.266,3.92,620.2,0,,,,,,,this run,,,,,,,,,,,,,,,,,,,
059003.000468,113894.7023,0,112,48,27,21,31,11,54.199,70.677,-16.813,5.128,0.014,620.2,0,,,,,,,this run,,,,,,,,,,,,,,,,,,,
059003.000373,113914.0862,0,87,35,19,16,24,7,58.469,72.229,-13.514,8.812,0.0,620.2,0,,,,,,,this run,,,,,,,,,,,,,,,,,,,
059003.000374,114725.6509,0,24,11,9,2,9,3,38.071,40.609,-2.31,13.571,0.0,620.2,0,,,,,,,this run,,,,,,,,,,,,,,,,,,,
059003.000375,114797.1054,0,82,35,20,15,25,7,64.782,75.704,-10.926,6.505,0.0,620.2,0,,,,,,,this run,,,,,,,,,,,,,,,,,,,
059003.000469,115094.0495,0,110,26,16,10,23,13,28.646,37.554,-8.728,0.043,0.0,253.8,0,,,,,,,this run,,,,,,,,,,,,,,,,,,,
059003.000470,115176.1626,0,116,34,16,18,21,11,28.474,40.77,-12.016,-1.296,0.217,253.8,0,,,,,,,this run,,,,,,,,,,,,,,,,,,,
059003.000471,115218.6745,0,81,32,15,17,18,6,33.329,45.784,-12.234,3.754,0.0,253.8,0,,,,,,,this run,,,,,,,,,,,,,,,,,,,
059003.000377,115324.4875,0,115,42,23,19,26,11,46.583,63.556,-16.854,10.106,0.0,620.2,0,,,,,,,this run,,,,,,,,,,,,,,,,,,,
059003.000378,115403.204,0,108,38,25,13,31,13,69.379,80.874,-11.436,15.895,0.0,620.2,0,,,,,,,this run,,,,,,,,,,,,,,,,,,,
059003.000379,115408.4094,0,81,37,22,15,25,8,67.403,76.441,-10.162,10.901,0.0,620.2,0,,,,,,,this run,,,,,,,,,,,,,,,,,,,
059003.000380,115420.8942,0,109,42,23,19,28,9,41.223,53.158,-13.164,-4.418,0.178,620.2,0,,,,,,,this run,,,,,,,,,,,,,,,,,,,
059003.000472,115489.8119,0,108,29,15,14,25,14,29.712,40.693,-10.835,1.123,0.0,253.8,0,,,,,,,this run,,,,,,,,,,,,,,,,,,,
059003.000381,115499.6162,0,117,46,28,18,36,12,73.244,90.023,-16.653,12.974,0.0,620.2,0,,,,,,,this run,,,,,,,,,,,,,,,,,,,
059003.000382,115670.0532,0,115,29,10,19,17,10,21.497,33.439,-11.763,10.486,0.976,620.2,0,,,,,,,this run,,,,,,,,,,,,,,,,,,,
059003.000383,115672.268,0,52,25,17,8,17,4,67.823,74.78,-6.581,16.523,0.0,620.2,0,,,,,,,this run,,,,,,,,,,,,,,,,,,,
059003.000473,115712.1184,0,31,9,5,4,10,8,7.459,9.738,-2.196,2.348,0.0,620.2,0,,,,,,,this run,,,,,,,,,,,,,,,,,,,
059003.000384,115800.08,0,92,40,25,15,28,11,46.768,56.985,-10.136,6.983,0.0,620.2,0,,,,,,,this run,,,,,,,,,,,,,,,,,,,
059003.000474,115881.8457,0,120,27,11,16,21,13,4.586,17.322,-12.633,3.472,0.0,620.2,0,,,,,,,this run,,,,,,,,,,,,,,,,,,,
059003.000385,115933.1492,0,110,42,22,20,26,9,47.392,64.068,-16.548,7.797,0.0,620.2,0,,,,,,,this run,,,,,,,,,,,,,,,,,,,
059003.000475,115990.7755,0,64,17,11,6,14,7,7.768,12.942,-5.026,0.586,4.006,620.2,0,,,,,,,this run,,,,,,,,,,,,,,,,,,,
059003.000386,116021.7875,0,118,40,18,22,24,10,39.255,56.596,-17.142,4.6,0.246,620.2,0,,,,,,,this run,,,,,,,,,,,,,,,,,,,
059003.000476,116078.5777,0,111,38,18,20,22,12,28.85,46.776,-17.792,6.313,0.408,253.8,0,,,,,,,this run,,,,,,,,,,,,,,,,,,,
059003.000387,116238.8835,0,50,21,12,9,14,6,35.515,43.815,-8.085,11.022,0.0,620.2,0,,,,,,,this run,,,,,,,,,,,,,,,,,,,
059003.000388,116309.1309,0,112,40,25,15,29,7,59.004,74.016,-14.629,10.349,0.0,620.2,0,,,,,,,this run,,,,,,,,,,,,,,,,,,,
059003.000389,116453.316,0,122,40,20,20,26,13,31.241,45.983,-15.693,7.568,0.0,620.2,0,,,,,,,this run,,,,,,,,,,,,,,,,,,,
059003.000390,116489.7676,0,27,11,9,2,10,3,41.718,43.547,-1.58,13.998,0.0,620.2,0,,,,,,,this run,,,,,,,,,,,,,,,,,,,
059003.000391,116727.2148,0,99,31,14,17,19,14,6.669,18.674,-11.878,3.201,2.426,620.2,0,,,,,,,this run,,,,,,,,,,,,,,,,,,,
059003.000477,116878.2835,0,68,21,9,12,16,11,8.174,17.536,-9.356,2.68,0.0,620.2,0,,,,,,,this run,,,,,,,,,,,,,,,,,,,
059003.000392,117044.5584,0,121,38,18,20,29,14,35.209,51.056,-15.577,11.395,0.811,620.2,0,,,,,,,this run,,,,,,,,,,,,,,,,,,,
059003.000393,117248.0307,0,81,23,8,15,13,4,26.166,43.206,-16.801,11.847,3.721,620.2,0,,,,,,,this run,,,,,,,,,,,,,,,,,,,
059003.000394,117323.1341,0,118,30,10,20,19,11,8.935,27.924,-19.235,4.389,3.253,620.2,0,,,,,,,this run,,,,,,,,,,,,,,,,,,,
059003.000479,117375.9352,0,49,15,11,4,14,6,43.97,47.327,-3.193,8.52,0.0,253.8,0,,,,,,,this run,,,,,,,,,,,,,,,,,,,
059003.000480,117385.0709,0,118,29,15,14,21,7,43.269,53.312,-10.356,-0.739,0.0,253.8,0,,,,,,,this run,,,,,,,,,,,,,,,,,,,
059003.000481,117397.7318,0,84,24,15,9,20,10,30.36,35.775,-5.219,-0.372,0.412,253.8,0,,,,,,,this run,,,,,,,,,,,,,,,,,,,
059003.000482,117507.9189,0,129,41,19,22,26,14,26.794,42.341,-17.924,1.381,1.275,620.2,0,,,,,,,this run,,,,,,,,,,,,,,,,,,,
059003.000395,117540.5045,0,69,17,9,8,19,7,20.84,29.615,-8.629,0.362,0.0,620.2,0,,,,,,,this run,,,,,,,,,,,,,,,,,,,
059003.000396,117574.5408,0,115,31,17,14,25,13,17.208,29.78,-12.434,0.296,3.161,620.2,0,,,,,,,this run,,,,,,,,,,,,,,,,,,,
059003.000483,117686.5138,0,99,33,14,19,22,14,14.487,28.437,-13.906,-0.077,1.344,620.2,0,,,,,,,this run,,,,,,,,,,,,,,,,,,,
059003.000397,117647.2479,0,126,38,19,19,26,13,25.191,41.477,-16.019,8.928,1.995,620.2,0,,,,,,,this run,,,,,,,,,,,,,,,,,,,
059003.000398,117593.2873,0,99,29,14,15,19,12,10.857,23.964,-13.124,3.437,2.117,620.2,0,,,,,,,this run,,,,,,,,,,,,,,,,,,,
059003.000399,117775.2035,0,83,23,14,9,17,6,43.553,51.849,-8.356,8.098,0.0,620.2,0,,,,,,,this run,,,,,,,,,,,,,,,,,,,
059003.000400,118063.1607,0,52,20,8,12,11,4,27.931,37.519,-9.579,10.448,0.846,620.2,0,,,,,,,this run,,,,,,,,,,,,,,,,,,,
059003.000484,118069.1708,0,126,37,18,19,22,18,-4.802,10.869,-15.783,4.113,2.427,620.2,0,,,,,,,this run,,,,,,,,,,,,,,,,,,,
059003.000401,118080.9357,0,131,33,17,16,24,12,27.61,42.109,-14.208,5.825,0.276,620.2,0,,,,,,,this run,,,,,,,,,,,,,,,,,,,
059003.000402,118224.1631,0,67,17,8,9,16,9,11.238,18.838,-7.593,0.356,0.0,620.2,0,,,,,,,this run,,,,,,,,,,,,,,,,,,,
059003.000485,118201.5228,0,66,23,16,7,21,13,14.65,19.103,-4.642,-0.285,0.0,620.2,0,,,,,,,this run,,,,,,,,,,,,,,,,,,,
059003.000403,118271.582,0,117,32,18,14,19,7,38.033,50.039,-11.773,10.783,0.151,620.2,0,,,,,,,this run,,,,,,,,,,,,,,,,,,,
059003.000404,118318.5161,0,126,35,17,18,23,12,29.813,46.165,-16.927,6.218,0.0,620.2,0,,,,,,,this run,,,,,,,,,,,,,,,,,,,
059003.000405,118468.8557,0,126,37,19,18,24,10,35.386,50.699,-15.656,4.248,0.856,620.2,0,,,,,,,this run,,,,,,,,,,,,,,,,,,,
059003.000486,118588.7958,0,98,26,14,12,19,15,7.38,19.175,-11.752,2.905,0.502,620.2,0,,,,,,,this run,,,,,,,,,,,,,,,,,,,
059003.000406,118610.9024,0,84,23,15,8,19,6,55.22,62.317,-6.926,11.802,0.0,620.2,0,,,,,,,this run,,,,,,,,,,,,,,,,,,,
059003.000487,118860.6753,0,125,34,16,18,25,13,23.116,36.87,-13.593,6.142,0.0,620.2,0,,,,,,,this run,,,,,,,,,,,,,,,,,,,
059003.000407,118879.0225,0,113,27,18,9,23,13,42.204,49.897,-7.476,9.424,0.697,620.2,0,,,,,,,this run,,,,,,,,,,,,,,,,,,,
059003.000488,118884.9276,0,127,31,16,15,19,10,21.666,30.769,-9.211,1.15,0.0,620.2,0,,,,,,,this run,,,,,,,,,,,,,,,,,,,
059003.000489,118987.1958,0,99,25,14,11,23,14,24.258,34.031,-9.56,4.583,0.0,620.2,0,,,,,,,this run,,,,,,,,,,,,,,,,,,,
059003.000490,119019.233,0,33,10,8,2,11,5,20.32,22.035,-1.677,2.15,0.0,620.2,0,,,,,,,this run,,,,,,,,,,,,,,,,,,,
059003.000491,119077.5187,0,66,15,7,8,11,6,9.08,15.767,-6.899,3.086,0.667,620.2,0,,,,,,,this run,,,,,,,,,,,,,,,,,,,
059003.000408,120498.8008,0,84,14,9,5,12,9,18.207,22.739,-4.449,8.86,0.0,620.2,0,,,,,,,this run,,,,,,,,,,,,,,,,,,,
059003.000492,120715.6061,0,94,25,10,15,15,8,15.389,25.407,-9.832,5.248,0.0,620.2,0,,,,,,,this run,,,,,,,,,,,,,,,,,,,
059003.000409,121095.2964,0,111,25,12,13,17,12,20.926,29.474,-8.36,7.174,0.0,620.2,0,,,,,,,this run,,,,,,,,,,,,,,,,,,,
059003.000410,121119.3574,0,53,10,7,3,11,4,32.543,36.121,-3.449,12.47,0.0,620.2,0,,,,,,,this run,,,,,,,,,,,,,,,,,,,
059003.000411,121382.5925,0,124,32,20,12,26,14,36.994,44.371,-8.332,0.013,0.0,620.2,0,,,,,,,this run,,,,,,,,,,,,,,,,,,,
059003.000493,121413.0052,0,119,28,16,12,25,18,3.972,14.433,-10.333,1.605,0.376,620.2,0,,,,,,,this run,,,,,,,,,,,,,,,,,,,
059003.000412,121431.2156,0,80,18,12,6,14,6,40.608,45.731,-5.019,9.486,0.0,620.2,0,,,,,,,this run,,,,,,,,,,,,,,,,,,,
059003.000413,121532.6892,0,112,26,17,9,23,11,39.455,46.436,-7.013,0.911,0.828,620.2,0,,,,,,,this run,,,,,,,,,,,,,,,,,,,
059003.000494,121673.147,0,117,27,9,18,15,10,0.318,16.467,-16.002,2.635,5.579,620.2,0,,,,,,,this run,,,,,,,,,,,,,,,,,,,
059003.000495,121583.0201,0,65,15,7,8,12,6,11.376,16.793,-5.278,4.04,0.0,620.2,0,,,,,,,this run,,,,,,,,,,,,,,,,,,,
059003.000496,122141.7931,0,117,26,12,14,16,8,11.985,23.511,-11.831,3.672,2.205,620.2,0,,,,,,,this run,,,,,,,,,,,,,,,,,,,
059003.000414,128214.3265,0,58,7,3,4,11,7,10.13,12.859,-2.722,3.303,0.21,620.2,0,,,,,,,this run,,,,,,,,,,,,,,,,,,,
059003.000415,128352.9474,0,107,10,6,4,20,15,9.567,13.985,-4.344,3.397,0.0,620.2,0,,,,,,,this run,,,,,,,,,,,,,,,,,,,
059003.000416,128381.769,0,90,9,6,3,11,7,14.559,17.504,-2.832,4.878,0.0,620.2,0,,,,,,,this run,,,,,,,,,,,,,,,,,,,
059003.000417,128453.1981,0,105,14,8,6,13,8,17.175,21.212,-4.04,5.048,0.0,620.2,0,,,,,,,this run,,,,,,,,,,,,,,,,,,,
059003.000497,128479.4536,0,86,11,6,5,18,14,8.47,11.927,-3.384,2.788,0.0,620.2,0,,,,,,,this run,,,,,,,,,,,,,,,,,,,
059003.000418,128568.5957,0,108,13,8,5,17,7,20.55,25.103,-4.358,6.587,0.0,620.2,0,,,,,,,this run,,,,,,,,,,,,,,,,,,,
059003.000498,128800.2273,0,84,9,5,4,15,9,14.659,17.717,-3.023,1.903,0.0,620.2,0,,,,,,,this run,,,,,,,,,,,,,,,,,,,
059003.000499,128913.0596,0,108,11,6,5,18,10,21.897,26.68,-4.631,5.437,0.0,620.2,0,,,,,,,this run,,,,,,,,,,,,,,,,,,,
059003.000500,132415.5372,0,107,8,4,4,13,9,9.366,13.966,-4.59,1.255,0.0,620.2,0,,,,,,,this run,,,,,,,,,,,,,,,,,,,
059003.000501,132651.761,0,60,9,7,2,9,7,9.673,11.632,-1.942,2.863,0.0,620.2,0,,,,,,,this run,,,,,,,,,,,,,,,,,,,
059003.000502,132783.3569,0,31,6,5,1,9,4,9.102,10.093,-0.959,1.549,0.0,620.2,0,,,,,,,this run,,,,,,,,,,,,,,,,,,,
059003.000503,132876.3761,0,104,11,9,2,21,11,23.619,26.925,-3.088,3.037,0.0,620.2,0,,,,,,,this run,,,,,,,,,,,,,,,,,,,
059003.000504,133037.616,0,92,8,4,4,12,8,7.926,11.906,-3.948,3.683,0.0,620.2,0,,,,,,,this run,,,,,,,,,,,,,,,,,,,
059003.000505,133150.9551,0,61,8,5,3,10,7,11.061,14.104,-2.969,3.613,0.0,620.2,0,,,,,,,this run,,,,,,,,,,,,,,,,,,,
059003.000423,133242.3772,0,3,1,1,0,1,0,9.147,9.177,-0.03,4.992,0.0,620.2,0,,,,,,,this run,,,,,,,,,,,,,,,,,,,
059003.000506,133307.3465,0,111,10,3,7,11,7,7.341,12.022,-4.685,1.885,0.0,620.2,0,,,,,,,this run,,,,,,,,,,,,,,,,,,,
059003.000424,133078.2149,0,30,3,3,0,10,5,15.339,15.912,-0.771,8.0,0.0,620.2,0,,,,,,,this run,,,,,,,,,,,,,,,,,,,
059003.000507,133370.4626,0,93,8,8,0,12,5,21.861,23.5,-1.466,3.711,0.0,620.2,0,,,,,,,this run,,,,,,,,,,,,,,,,,,,
059003.000425,133373.1487,0,11,3,3,0,6,1,18.906,19.243,-0.183,5.935,0.0,620.2,0,,,,,,,this run,,,,,,,,,,,,,,,,,,,
059003.000508,133511.5747,0,109,11,9,2,14,12,5.548,8.466,-2.88,0.567,0.0,620.2,0,,,,,,,this run,,,,,,,,,,,,,,,,,,,
059003.000509,133566.5868,0,87,7,3,4,10,3,10.876,13.596,-2.693,2.874,0.0,289.7,0,,,,,,,this run,,,,,,,,,,,,,,,,,,,
059003.000510,133594.8921,0,105,6,5,1,17,10,11.822,13.884,-2.019,1.085,0.0,289.7,0,,,,,,,this run,,,,,,,,,,,,,,,,,,,
059003.000511,133650.2621,0,55,2,2,0,9,6,10.476,11.051,-0.653,0.748,0.0,289.7,0,,,,,,,this run,,,,,,,,,,,,,,,,,,,
059003.000512,134001.3516,0,112,8,5,3,15,9,10.32,13.992,-3.546,0.615,0.0,289.7,0,,,,,,,this run,,,,,,,,,,,,,,,,,,,
059003.000514,134069.5463,0,91,11,7,4,12,5,8.728,11.504,-2.715,0.139,0.05,289.7,0,,,,,,,this run,,,,,,,,,,,,,,,,,,,
059003.000517,134220.3419,0,61,7,4,3,9,2,10.474,13.288,-2.708,0.8,0.0,289.7,0,,,,,,,this run,,,,,,,,,,,,,,,,,,,
059003.000518,134502.5159,0,30,6,4,2,5,1,9.497,11.663,-2.036,2.473,0.619,289.7,0,,,,,,,this run,,,,,,,,,,,,,,,,,,,
059003.000519,134868.5684,0,105,10,6,4,14,8,13.731,17.253,-3.39,1.977,0.0,620.2,0,,,,,,,this run,,,,,,,,,,,,,,,,,,,
059003.000520,134932.2387,0,112,5,5,0,16,11,12.363,14.497,-2.012,2.644,0.0,620.2,0,,,,,,,this run,,,,,,,,,,,,,,,,,,,
059003.000523,136034.204,0,33,6,4,2,8,3,17.444,18.697,-1.1,3.256,0.0,289.7,0,,,,,,,this run,,,,,,,,,,,,,,,,,,,
059003.000525,136326.4524,0,105,6,3,3,12,6,8.265,11.205,-2.875,0.43,0.178,620.2,0,,,,,,,this run,,,,,,,,,,,,,,,,,,,
059003.000526,136435.1982,0,86,7,4,3,15,10,10.822,13.573,-2.7,0.961,0.0,677.7,0,,,,,,,this run,,,,,,,,,,,,,,,,,,,
059003.000527,136485.3182,0,63,7,6,1,8,3,14.425,16.16,-1.705,1.134,0.0,289.7,0,,,,,,,this run,,,,,,,,,,,,,,,,,,,
059003.000528,136606.8164,0,32,7,5,2,8,2,10.898,13.157,-2.169,0.926,0.0,289.7,0,,,,,,,this run,,,,,,,,,,,,,,,,,,,
059003.000530,137960.6564,0,12,3,3,0,5,1,14.898,15.092,-0.168,2.01,0.0,289.7,0,,,,,,,this run,,,,,,,,,,,,,,,,,,,
059003.000531,138034.9959,0,57,4,3,1,6,2,7.902,9.592,-1.595,0.762,0.0,289.7,0,,,,,,,this run,,,,,,,,,,,,,,,,,,,
059003.000537,138900.4351,0,30,5,3,2,6,3,12.054,13.229,-1.07,2.591,0.0,289.7,0,,,,,,,this run,,,,,,,,,,,,,,,,,,,
059003.000041,12846.6572,0,170,68,52,16,62,15,200.596,216.906,-15.878,52.356,0.235,886.7,0,,,,,,,this run,,,,,,,,,,,,,,,,,,,
059003.000042,13352.0829,0,137,48,31,17,40,18,90.015,107.03,-16.554,32.305,0.0,886.7,0,,,,,,,this run,,,,,,,,,,,,,,,,,,,
059003.000045,14558.801,0,175,81,48,33,60,13,183.709,212.751,-29.086,61.03,0.0,886.7,0,,,,,,,this run,,,,,,,,,,,,,,,,,,,
059003.000046,14859.9705,0,144,75,61,14,74,17,249.605,263.076,-13.228,59.754,0.0,886.7,0,,,,,,,this run,,,,,,,,,,,,,,,,,,,
059003.000047,15045.8143,0,143,57,32,25,52,23,84.873,102.043,-17.036,20.899,0.0,886.7,0,,,,,,,this run,,,,,,,,,,,,,,,,,,,
059003.000049,15454.166,0,96,35,26,9,38,13,100.676,109.55,-9.391,34.559,0.0,886.7,0,,,,,,,this run,,,,,,,,,,,,,,,,,,,
059003.000050,15525.4936,0,144,77,50,27,60,19,148.78,167.77,-19.86,39.119,0.061,886.7,0,,,,,,,this run,,,,,,,,,,,,,,,,,,,
059003.000053,16135.9519,0,177,83,44,39,55,18,126.956,154.951,-28.007,37.103,0.376,886.7,0,,,,,,,this run,,,,,,,,,,,,,,,,,,,
059003.000054,16516.139,0,175,73,43,30,56,19,111.805,137.037,-27.444,21.811,1.849,886.7,0,,,,,,,this run,,,,,,,,,,,,,,,,,,,
059003.000057,17113.1644,0,100,49,37,12,42,9,153.331,163.288,-10.429,59.805,0.0,886.7,0,,,,,,,this run,,,,,,,,,,,,,,,,,,,
059003.000059,17534.7441,0,60,25,21,4,32,12,96.342,100.924,-4.379,31.09,0.0,886.7,0,,,,,,,this run,,,,,,,,,,,,,,,,,,,
059003.000060,17626.9845,0,173,90,57,33,68,28,156.149,177.882,-21.213,31.75,0.189,886.7,0,,,,,,,this run,,,,,,,,,,,,,,,,,,,
059003.000062,18063.3469,0,174,86,54,32,70,22,164.25,192.189,-28.63,49.29,0.341,886.7,0,,,,,,,this run,,,,,,,,,,,,,,,,,,,
059003.000063,18211.7778,0,150,91,58,33,66,14,157.526,181.712,-24.952,16.39,2.592,981.2,0,,,,,,,this run,,,,,,,,,,,,,,,,,,,
059003.000064,18241.5182,0,148,96,68,28,79,23,216.712,231.99,-19.354,32.179,0.0,886.7,0,,,,,,,this run,,,,,,,,,,,,,,,,,,,
059003.000066,18921.2372,0,60,29,24,5,30,10,98.539,104.499,-5.752,39.45,0.0,886.7,0,,,,,,,this run,,,,,,,,,,,,,,,,,,,
059003.000067,18990.0664,0,169,49,30,19,46,23,90.999,108.732,-17.334,31.374,0.918,886.7,0,,,,,,,this run,,,,,,,,,,,,,,,,,,,
059003.000069,19308.9111,0,145,82,54,28,63,21,156.842,180.276,-24.145,29.767,3.309,886.7,0,,,,,,,this run,,,,,,,,,,,,,,,,,,,
059003.000070,19360.0718,0,102,64,46,18,52,15,185.268,199.794,-13.839,58.083,0.0,886.7,0,,,,,,,this run,,,,,,,,,,,,,,,,,,,
059003.000071,19649.6462,0,29,12,8,4,11,1,47.212,52.821,-5.404,24.495,0.439,886.7,0,,,,,,,this run,,,,,,,,,,,,,,,,,,,
059003.000072,19700.8816,0,148,82,58,24,71,25,150.389,171.635,-21.643,50.396,0.0,886.7,0,,,,,,,this run,,,,,,,,,,,,,,,,,,,
059003.000073,19872.4569,0,181,105,78,27,93,24,241.619,262.601,-22.066,27.831,0.0,893.6,0,,,,,,,this run,,,,,,,,,,,,,,,,,,,
059003.000539,20096.7222,0,48,20,14,6,18,8,33.654,37.004,-3.166,8.728,0.0,886.7,0,,,,,,,this run,,,,,,,,,,,,,,,,,,,
059003.000074,20160.365,0,94,37,26,11,32,12,85.474,92.802,-10.304,14.48,0.0,886.7,0,,,,,,,this run,,,,,,,,,,,,,,,,,,,
059003.000075,20315.616,0,173,67,37,30,50,26,91.966,112.464,-20.065,37.899,1.64,886.7,0,,,,,,,this run,,,,,,,,,,,,,,,,,,,
059003.000076,20848.4039,0,154,80,51,29,58,23,120.783,143.371,-23.583,22.37,1.006,886.7,0,,,,,,,this run,,,,,,,,,,,,,,,,,,,
059003.000078,21148.4244,0,100,48,29,19,39,11,95.133,106.994,-12.483,14.335,0.0,886.7,0,,,,,,,this run,,,,,,,,,,,,,,,,,,,
059003.000079,21238.7339,0,102,55,45,10,53,18,156.075,160.93,-4.534,36.253,0.0,886.7,0,,,,,,,this run,,,,,,,,,,,,,,,,,,,
059003.000080,21294.8983,0,181,94,69,25,86,29,195.504,219.435,-23.911,30.85,0.0,886.7,0,,,,,,,this run,,,,,,,,,,,,,,,,,,,
059003.000081,21418.8289,0,152,72,35,37,49,18,124.399,150.714,-26.087,27.268,0.0,886.7,0,,,,,,,this run,,,,,,,,,,,,,,,,,,,
059003.000082,21535.1635,0,182,95,63,32,82,27,216.104,241.711,-26.271,40.596,0.0,886.7,0,,,,,,,this run,,,,,,,,,,,,,,,,,,,
059003.000540,21598.6038,0,49,24,12,12,20,12,28.652,35.096,-6.293,7.51,0.0,886.7,0,,,,,,,this run,,,,,,,,,,,,,,,,,,,
059003.000083,21611.1976,0,154,77,50,27,60,22,133.529,154.108,-21.215,11.759,0.0,886.7,0,,,,,,,this run,,,,,,,,,,,,,,,,,,,
059003.000084,21755.833,0,146,67,34,33,46,22,98.286,124.423,-26.014,35.516,0.921,886.7,0,,,,,,,this run,,,,,,,,,,,,,,,,,,,
059003.000085,22080.9527,0,182,90,58,32,68,26,180.143,204.928,-25.182,37.051,0.065,886.7,0,,,,,,,this run,,,,,,,,,,,,,,,,,,,
059003.000086,22277.6738,0,98,44,29,15,42,18,80.465,94.878,-14.297,15.715,0.093,886.7,0,,,,,,,this run,,,,,,,,,,,,,,,,,,,
059003.000087,22527.7244,0,181,93,60,33,74,28,171.379,196.385,-25.866,28.488,0.341,886.7,0,,,,,,,this run,,,,,,,,,,,,,,,,,,,
059003.000088,22747.7099,0,181,83,57,26,73,24,178.423,196.311,-19.0,27.588,0.0,886.7,0,,,,,,,this run,,,,,,,,,,,,,,,,,,,
059003.000089,23050.6158,0,99,55,34,21,36,13,80.203,95.515,-16.509,8.384,0.0,886.7,0,,,,,,,this run,,,,,,,,,,,,,,,,,,,
059003.000091,23175.0655,0,103,58,41,17,49,23,131.139,145.187,-13.515,46.617,0.0,886.7,0,,,,,,,this run,,,,,,,,,,,,,,,,,,,
059003.000093,23442.2517,0,151,78,56,22,69,22,205.502,218.864,-15.457,38.386,0.0,886.7,0,,,,,,,this run,,,,,,,,,,,,,,,,,,,
059003.000095,23532.8599,0,155,85,44,41,57,17,118.335,149.619,-31.131,14.624,0.0,886.7,0,,,,,,,this run,,,,,,,,,,,,,,,,,,,
059003.000096,23647.7632,0,103,51,45,6,60,25,178.415,185.899,-7.674,35.37,1.159,886.7,0,,,,,,,this run,,,,,,,,,,,,,,,,,,,
059003.000097,23651.8916,0,184,97,66,31,79,23,229.961,253.056,-23.377,42.543,1.28,886.7,0,,,,,,,this run,,,,,,,,,,,,,,,,,,,
059003.000098,23751.5525,0,155,77,39,38,55,22,92.623,123.695,-30.519,16.891,1.521,886.7,0,,,,,,,this run,,,,,,,,,,,,,,,,,,,
059003.000099,23844.5969,0,181,88,68,20,84,30,212.4,227.97,-15.172,28.659,0.0,886.7,0,,,,,,,this run,,,,,,,,,,,,,,,,,,,
059003.000100,23955.3338,0,48,17,11,6,17,7,35.088,40.266,-5.36,5.321,0.0,886.7,0,,,,,,,this run,,,,,,,,,,,,,,,,,,,
059003.000101,24250.6334,0,99,52,27,25,38,15,66.835,84.774,-19.322,5.375,2.838,886.7,0,,,,,,,this run,,,,,,,,,,,,,,,,,,,
059003.000102,24309.2072,0,100,49,32,17,40,15,106.777,119.406,-12.584,26.679,0.0,886.7,0,,,,,,,this run,,,,,,,,,,,,,,,,,,,
059003.000104,24461.2503,0,153,79,57,22,71,22,199.017,217.614,-18.255,33.782,0.0,886.7,0,,,,,,,this run,,,,,,,,,,,,,,,,,,,
059003.000105,24470.9094,0,182,86,50,36,64,21,162.212,186.943,-24.166,36.666,0.0,886.7,0,,,,,,,this run,,,,,,,,,,,,,,,,,,,
059003.000106,24788.0221,0,182,81,50,31,74,27,156.905,181.171,-23.628,18.364,0.0,886.7,0,,,,,,,this run,,,,,,,,,,,,,,,,,,,
059003.000108,25033.9177,0,184,93,64,29,73,25,196.325,219.439,-24.044,27.55,0.0,886.7,0,,,,,,,this run,,,,,,,,,,,,,,,,,,,
059003.000111,25409.7559,0,185,86,66,20,82,23,248.521,266.871,-17.551,34.929,0.0,886.7,0,,,,,,,this run,,,,,,,,,,,,,,,,,,,
059003.000112,25934.9795,0,154,75,52,23,64,18,181.249,195.11,-14.336,15.425,0.0,886.7,0,,,,,,,this run,,,,,,,,,,,,,,,,,,,
059003.000113,25979.3061,0,62,32,24,8,28,8,109.825,119.283,-9.155,30.153,2.295,886.7,0,,,,,,,this run,,,,,,,,,,,,,,,,,,,
059003.000114,26095.2372,0,152,70,47,23,60,24,160.753,177.38,-16.073,24.126,0.0,886.7,0,,,,,,,this run,,,,,,,,,,,,,,,,,,,
059003.000115,26446.9739,0,185,85,56,29,73,22,197.341,221.743,-24.063,19.396,0.0,886.7,0,,,,,,,this run,,,,,,,,,,,,,,,,,,,
059003.000119,27138.5566,0,186,95,58,37,73,20,186.325,215.554,-28.695,24.483,0.0,886.7,0,,,,,,,this run,,,,,,,,,,,,,,,,,,,
059003.000120,27380.3113,0,154,65,43,22,58,14,193.864,210.066,-16.989,42.419,0.0,886.7,0,,,,,,,this run,,,,,,,,,,,,,,,,,,,
059003.000121,27452.4557,0,154,61,36,25,42,11,126.056,142.448,-15.829,16.688,0.0,886.7,0,,,,,,,this run,,,,,,,,,,,,,,,,,,,
059003.000123,27604.2688,0,181,73,54,19,68,24,209.799,224.933,-15.071,36.049,0.0,886.7,0,,,,,,,this run,,,,,,,,,,,,,,,,,,,
059003.000125,28399.4544,0,173,33,20,13,37,19,67.516,77.757,-11.955,25.622,2.251,580.9,0,,,,,,,this run,,,,,,,,,,,,,,,,,,,
059003.000126,28720.701,0,186,88,69,19,77,20,244.737,260.845,-15.313,32.129,0.0,886.7,0,,,,,,,this run,,,,,,,,,,,,,,,,,,,
059003.000127,28885.0847,0,186,65,36,29,59,15,126.626,145.286,-22.419,29.712,0.082,580.9,0,,,,,,,this run,,,,,,,,,,,,,,,,,,,
059003.000128,28936.4543,0,99,32,17,15,25,9,42.633,54.098,-11.671,1.23,0.0,886.7,0,,,,,,,this run,,,,,,,,,,,,,,,,,,,
059003.000129,29263.0682,0,107,51,40,11,46,11,180.482,188.174,-7.394,35.324,0.0,886.7,0,,,,,,,this run,,,,,,,,,,,,,,,,,,,
059003.000130,29267.8562,0,157,71,49,22,60,19,174.979,191.472,-15.867,25.684,0.0,886.7,0,,,,,,,this run,,,,,,,,,,,,,,,,,,,
059003.000131,29835.0966,0,187,92,52,40,58,14,192.615,224.311,-31.158,35.935,0.0,886.7,0,,,,,,,this run,,,,,,,,,,,,,,,,,,,
059003.000132,30505.7094,0,152,81,55,26,61,11,253.959,274.088,-20.084,46.748,0.0,886.7,0,,,,,,,this run,,,,,,,,,,,,,,,,,,,
059003.000133,30733.5256,0,151,49,28,21,39,15,91.757,109.255,-18.188,26.505,2.1,580.9,0,,,,,,,this run,,,,,,,,,,,,,,,,,,,
059003.000134,30994.5813,0,181,49,36,13,53,22,121.728,130.744,-11.449,32.508,0.324,580.9,0,,,,,,,this run,,,,,,,,,,,,,,,,,,,
059003.000135,31254.719,0,184,60,42,18,61,20,165.454,180.882,-15.208,20.637,0.0,886.7,0,,,,,,,this run,,,,,,,,,,,,,,,,,,,
059003.000137,31803.6901,0,50,12,8,4,13,6,39.757,42.922,-3.082,9.406,0.0,886.7,0,,,,,,,this run,,,,,,,,,,,,,,,,,,,
059003.000138,32288.9082,0,102,25,12,13,19,4,58.144,66.496,-8.194,15.603,0.0,886.7,0,,,,,,,this run,,,,,,,,,,,,,,,,,,,
059003.000139,32760.1367,0,99,26,17,9,27,10,82.304,89.79,-8.225,19.849,0.0,580.9,0,,,,,,,this run,,,,,,,,,,,,,,,,,,,
059003.000140,33338.3825,0,98,24,13,11,23,8,55.654,68.375,-12.365,19.623,2.171,580.9,0,,,,,,,this run,,,,,,,,,,,,,,,,,,,
059003.000141,33466.4227,0,147,42,30,12,47,15,109.84,115.371,-11.851,16.853,0.017,580.9,0,,,,,,,this run,,,,,,,,,,,,,,,,,,,
059003.000142,33660.0201,0,158,46,29,17,52,22,89.524,96.535,-11.231,5.96,0.0,580.9,0,,,,,,,this run,,,,,,,,,,,,,,,,,,,
059003.000143,34198.6091,0,53,15,10,5,17,4,42.333,47.25,-4.631,4.185,0.0,886.7,0,,,,,,,this run,,,,,,,,,,,,,,,,,,,
059003.000144,34520.2772,0,158,71,37,34,59,16,161.131,178.619,-19.045,31.825,0.0,886.7,0,,,,,,,this run,,,,,,,,,,,,,,,,,,,
059003.000145,34825.4796,0,187,71,28,43,46,20,89.744,123.746,-34.103,35.676,4.028,580.9,0,,,,,,,this run,,,,,,,,,,,,,,,,,,,
059003.000146,35024.4987,0,187,99,59,40,69,15,218.682,249.429,-30.033,32.943,0.117,886.7,0,,,,,,,this run,,,,,,,,,,,,,,,,,,,
059003.000147,35137.8512,0,105,40,19,21,22,6,62.087,75.485,-13.054,9.374,0.317,886.7,0,,,,,,,this run,,,,,,,,,,,,,,,,,,,
059003.000148,35290.9799,0,187,61,31,30,49,18,97.753,117.413,-22.63,18.856,0.765,580.9,0,,,,,,,this run,,,,,,,,,,,,,,,,,,,
059003.000149,35384.2227,0,152,55,37,18,52,19,104.327,115.577,-14.696,15.595,0.0,580.9,0,,,,,,,this run,,,,,,,,,,,,,,,,,,,
059003.000150,35801.2265,0,187,64,46,18,67,21,118.687,132.728,-16.066,14.307,0.0,580.9,0,,,,,,,this run,,,,,,,,,,,,,,,,,,,
059003.000151,35828.4495,0,185,75,33,42,45,13,117.373,143.735,-27.248,9.519,0.268,886.7,0,,,,,,,this run,,,,,,,,,,,,,,,,,,,
059003.000152,35863.7486,0,106,33,18,15,32,13,79.367,88.74,-9.326,15.87,0.0,886.7,0,,,,,,,this run,,,,,,,,,,,,,,,,,,,
059003.000153,36640.4145,0,183,82,45,37,66,23,175.645,199.056,-25.38,29.519,0.0,886.7,0,,,,,,,this run,,,,,,,,,,,,,,,,,,,
059003.000154,36642.1095,0,109,47,37,10,48,9,181.963,189.021,-6.436,38.879,0.0,886.7,0,,,,,,,this run,,,,,,,,,,,,,,,,,,,
059003.000155,36652.3113,0,160,50,24,26,43,18,91.437,109.419,-17.514,14.951,0.0,886.7,0,,,,,,,this run,,,,,,,,,,,,,,,,,,,
059003.000156,36670.563,0,153,52,28,24,43,17,104.522,123.31,-18.591,23.587,0.0,886.7,0,,,,,,,this run,,,,,,,,,,,,,,,,,,,
059003.000157,36683.2403,0,55,18,12,6,15,4,49.51,54.752,-4.938,7.397,0.0,886.7,0,,,,,,,this run,,,,,,,,,,,,,,,,,,,
059003.000158,37011.9284,0,162,66,36,30,46,15,128.191,147.07,-18.34,20.932,0.0,886.7,0,,,,,,,this run,,,,,,,,,,,,,,,,,,,
059003.000159,37197.6399,0,108,35,21,14,30,7,103.093,111.871,-8.387,13.941,0.0,886.7,0,,,,,,,this run,,,,,,,,,,,,,,,,,,,
059003.000160,37919.6138,0,186,64,31,33,48,13,117.314,138.617,-21.168,23.647,0.0,886.7,0,,,,,,,this run,,,,,,,,,,,,,,,,,,,
059003.000161,38448.3425,0,182,58,28,30,48,25,85.477,107.178,-22.731,26.168,0.019,580.9,0,,,,,,,this run,,,,,,,,,,,,,,,,,,,
059003.000162,38549.8825,0,54,16,12,4,14,0,62.566,66.348,-3.453,4.675,0.0,886.7,0,,,,,,,this run,,,,,,,,,,,,,,,,,,,
059003.000163,38694.4919,0,159,43,21,22,34,8,82.707,99.453,-16.363,8.595,0.0,886.7,0,,,,,,,this run,,,,,,,,,,,,,,,,,,,
059003.000164,38701.5994,0,109,59,32,27,38,7,142.784,160.041,-16.842,37.173,0.0,886.7,0,,,,,,,this run,,,,,,,,,,,,,,,,,,,
059003.000165,38726.56,0,185,65,32,33,50,22,78.134,104.063,-29.528,13.842,7.471,580.9,0,,,,,,,this run,,,,,,,,,,,,,,,,,,,
059003.000166,38785.7836,0,65,34,23,11,30,14,102.877,112.295,-9.0,35.722,0.0,886.7,0,,,,,,,this run,,,,,,,,,,,,,,,,,,,
059003.000167,39024.2906,0,182,60,30,30,51,22,107.533,128.608,-20.544,22.886,0.0,886.7,0,,,,,,,this run,,,,,,,,,,,,,,,,,,,
059003.000168,39120.5085,0,105,24,15,9,28,10,72.751,79.891,-6.83,9.13,0.0,886.7,0,,,,,,,this run,,,,,,,,,,,,,,,,,,,
059003.000170,39485.517,0,54,16,7,9,13,4,33.943,40.008,-5.864,5.13,0.153,886.7,0,,,,,,,this run,,,,,,,,,,,,,,,,,,,
059003.000171,39726.0143,0,64,32,22,10,29,7,98.167,105.633,-8.412,16.557,0.0,886.7,0,,,,,,,this run,,,,,,,,,,,,,,,,,,,
059003.000172,39733.0354,0,155,63,37,26,50,11,186.157,201.17,-14.35,29.599,0.0,886.7,0,,,,,,,this run,,,,,,,,,,,,,,,,,,,
059003.000173,39870.2139,0,187,70,43,27,65,25,132.233,154.777,-21.978,14.096,0.0,886.7,0,,,,,,,this run,,,,,,,,,,,,,,,,,,,
059003.000175,40098.6837,0,158,36,23,13,40,13,90.732,103.235,-12.151,10.569,0.0,886.7,0,,,,,,,this run,,,,,,,,,,,,,,,,,,,
059003.000176,40205.7551,0,107,29,18,11,30,7,83.173,92.049,-8.548,8.461,0.0,886.7,0,,,,,,,this run,,,,,,,,,,,,,,,,,,,
059003.000177,41023.9885,0,180,36,18,18,33,14,80.252,93.099,-12.407,14.95,0.0,886.7,0,,,,,,,this run,,,,,,,,,,,,,,,,,,,
059003.000178,41026.8911,1,32,9,7,2,13,7,34.677,35.904,-1.436,8.489,0.0,886.7,0,,,,,,,this run,,,,,,,,,,,,,,,,,,,
059003.000179,44679.9431,0,187,77,43,34,55,18,126.802,151.439,-24.051,8.452,0.0,886.7,0,,,,,,,this run,,,,,,,,,,,,,,,,,,,
059003.000180,44903.3775,0,154,69,38,31,52,14,114.538,136.715,-21.75,9.423,0.0,886.7,0,,,,,,,this run,,,,,,,,,,,,,,,,,,,
059003.000181,45805.9968,0,184,51,30,21,47,17,119.504,136.855,-16.786,20.82,0.0,886.7,0,,,,,,,this run,,,,,,,,,,,,,,,,,,,
059003.000182,45807.1646,0,146,36,18,18,37,16,48.584,59.629,-11.746,6.335,0.0,580.9,0,,,,,,,this run,,,,,,,,,,,,,,,,,,,
059003.000183,45844.6354,0,104,29,15,14,26,6,43.804,53.569,-9.785,-0.833,0.702,580.9,0,,,,,,,this run,,,,,,,,,,,,,,,,,,,
059003.000184,46783.7951,0,184,36,16,20,29,10,48.907,65.098,-15.838,8.857,0.0,886.7,0,,,,,,,this run,,,,,,,,,,,,,,,,,,,
059003.000185,48401.6525,0,107,27,14,13,21,5,53.677,65.943,-12.003,4.112,0.0,886.7,0,,,,,,,this run,,,,,,,,,,,,,,,,,,,
059003.000186,48745.5108,0,157,46,22,24,35,8,91.884,106.71,-14.364,11.522,0.0,886.7,0,,,,,,,this run,,,,,,,,,,,,,,,,,,,
059003.000187,50227.8932,0,101,26,13,13,17,6,37.897,46.678,-9.237,0.789,0.0,580.9,0,,,,,,,this run,,,,,,,,,,,,,,,,,,,
059003.000188,50647.4422,0,149,24,14,10,28,14,57.867,61.771,-7.455,10.696,0.0,580.9,0,,,,,,,this run,,,,,,,,,,,,,,,,,,,
059003.000189,50658.6983,0,107,19,12,7,19,6,43.228,48.534,-6.252,4.823,3.553,580.9,0,,,,,,,this run,,,,,,,,,,,,,,,,,,,
059003.000190,50869.2991,0,52,17,12,5,17,3,32.899,37.404,-4.326,3.601,0.0,580.9,0,,,,,,,this run,,,,,,,,,,,,,,,,,,,
059003.000191,51312.7733,0,134,22,8,14,18,8,27.39,37.957,-10.39,3.386,0.364,580.9,0,,,,,,,this run,,,,,,,,,,,,,,,,,,,
059003.000192,52026.98,0,102,23,12,11,18,5,48.741,58.378,-9.317,7.254,0.863,580.9,0,,,,,,,this run,,,,,,,,,,,,,,,,,,,
059003.000541,100215.0124,0,153,20,15,5,24,11,34.868,39.497,-4.627,0.897,0.114,442.0,0,,,,,,,this run,,,,,,,,,,,,,,,,,,,
059003.000314,100321.1001,0,171,24,11,13,30,15,52.231,61.185,-8.997,2.817,0.0,442.0,0,,,,,,,this run,,,,,,,,,,,,,,,,,,,
059003.000315,100430.3371,0,170,15,7,8,23,10,23.755,32.007,-9.097,3.778,1.348,356.3,0,,,,,,,this run,,,,,,,,,,,,,,,,,,,
059003.000316,100625.025,0,146,15,7,8,17,9,19.185,29.593,-10.246,-2.439,2.766,356.3,0,,,,,,,this run,,,,,,,,,,,,,,,,,,,
059003.000317,100788.9632,0,172,18,10,8,21,10,34.767,43.081,-8.268,-1.42,0.0,356.3,0,,,,,,,this run,,,,,,,,,,,,,,,,,,,
059003.000318,100947.1472,0,175,25,9,16,20,12,13.535,28.501,-14.922,0.206,2.101,356.3,0,,,,,,,this run,,,,,,,,,,,,,,,,,,,
059003.000319,101071.3865,0,142,17,7,10,15,4,24.638,33.986,-9.178,1.741,1.111,356.3,0,,,,,,,this run,,,,,,,,,,,,,,,,,,,
059003.000320,101165.2982,0,150,22,11,11,28,12,45.404,57.986,-12.541,5.288,0.0,356.3,0,,,,,,,this run,,,,,,,,,,,,,,,,,,,
059003.000321,101446.2991,0,177,29,14,15,18,6,31.535,45.594,-13.755,2.166,0.627,356.3,0,,,,,,,this run,,,,,,,,,,,,,,,,,,,
059003.000322,101665.5418,0,154,23,9,14,17,11,6.513,19.441,-12.768,-1.659,0.038,356.3,0,,,,,,,this run,,,,,,,,,,,,,,,,,,,
059003.000323,101680.419,0,102,13,7,6,13,6,22.912,29.107,-6.303,2.376,2.156,356.3,0,,,,,,,this run,,,,,,,,,,,,,,,,,,,
059003.000324,102435.6016,0,146,24,14,10,18,6,46.397,52.309,-7.0,-2.631,0.0,442.0,0,,,,,,,this run,,,,,,,,,,,,,,,,,,,
059003.000325,102484.6418,0,173,22,13,9,23,15,30.022,39.913,-9.647,2.5,0.0,442.0,0,,,,,,,this run,,,,,,,,,,,,,,,,,,,
059003.000326,102617.3004,0,146,19,9,10,23,13,13.346,22.599,-9.13,2.408,1.314,356.3,0,,,,,,,this run,,,,,,,,,,,,,,,,,,,
059003.000327,102830.4389,0,177,28,11,17,24,12,31.789,43.386,-12.251,2.106,0.0,356.3,0,,,,,,,this run,,,,,,,,,,,,,,,,,,,
059003.000328,102981.8876,0,105,20,11,9,17,6,35.244,45.606,-10.294,-0.265,2.017,356.3,0,,,,,,,this run,,,,,,,,,,,,,,,,,,,
059003.000329,103308.5263,0,180,28,9,19,21,12,14.659,31.091,-16.444,2.168,0.648,356.3,0,,,,,,,this run,,,,,,,,,,,,,,,,,,,
059003.000330,103335.05,0,175,31,13,18,29,18,13.646,29.832,-15.96,1.164,1.299,356.3,0,,,,,,,this run,,,,,,,,,,,,,,,,,,,
059003.000331,103344.3151,0,145,25,13,12,21,7,40.444,49.079,-8.453,-0.719,0.0,356.3,0,,,,,,,this run,,,,,,,,,,,,,,,,,,,
059003.000332,103484.1128,0,61,12,5,7,12,7,12.354,16.714,-4.627,3.341,0.468,356.3,0,,,,,,,this run,,,,,,,,,,,,,,,,,,,
059003.000333,103805.3902,0,101,18,8,10,15,5,23.615,34.551,-10.93,4.969,2.631,356.3,0,,,,,,,this run,,,,,,,,,,,,,,,,,,,
059003.000334,103895.8415,0,171,24,9,15,20,13,12.689,25.924,-13.303,0.129,1.361,356.3,0,,,,,,,this run,,,,,,,,,,,,,,,,,,,
059003.000543,103973.3591,0,150,18,6,12,14,9,3.181,14.525,-11.306,1.396,2.734,356.3,0,,,,,,,this run,,,,,,,,,,,,,,,,,,,
059003.000335,104598.914,0,91,18,9,9,14,4,28.48,37.036,-8.423,2.437,0.0,442.0,0,,,,,,,this run,,,,,,,,,,,,,,,,,,,
059003.000336,104788.6179,0,134,20,11,9,25,11,29.862,38.413,-8.268,2.562,0.052,442.0,0,,,,,,,this run,,,,,,,,,,,,,,,,,,,
059003.000337,104904.5274,0,140,29,6,23,22,7,17.843,34.131,-16.225,1.88,2.81,356.3,0,,,,,,,this run,,,,,,,,,,,,,,,,,,,
059003.000338,105019.0565,0,97,28,13,15,17,6,43.599,53.908,-10.101,4.216,0.0,356.3,0,,,,,,,this run,,,,,,,,,,,,,,,,,,,
059003.000339,105049.7001,0,55,15,10,5,16,4,52.427,58.52,-5.767,2.057,0.0,356.3,0,,,,,,,this run,,,,,,,,,,,,,,,,,,,
059003.000544,105191.0066,0,90,7,6,1,12,4,21.215,23.553,-2.218,-1.1,0.0,442.0,0,,,,,,,this run,,,,,,,,,,,,,,,,,,,
059003.000340,105450.1662,0,138,28,9,19,17,9,11.87,26.164,-14.167,-1.795,1.824,356.3,0,,,,,,,this run,,,,,,,,,,,,,,,,,,,
059003.000546,105485.2475,0,25,7,3,4,7,4,12.664,14.714,-2.087,-0.598,0.073,356.3,0,,,,,,,this run,,,,,,,,,,,,,,,,,,,
059003.000341,105566.6183,0,164,29,11,18,27,15,15.695,30.437,-14.545,1.365,0.379,356.3,0,,,,,,,this run,,,,,,,,,,,,,,,,,,,
059003.000342,105632.1061,0,95,24,13,11,25,12,53.946,64.105,-9.803,5.201,0.0,356.3,0,,,,,,,this run,,,,,,,,,,,,,,,,,,,
059003.000548,106153.7354,0,159,20,8,12,25,15,20.312,31.603,-11.097,2.329,0.0,356.3,0,,,,,,,this run,,,,,,,,,,,,,,,,,,,
059003.000549,106224.1896,0,166,18,8,10,19,9,22.93,33.129,-10.367,-0.767,2.097,356.3,0,,,,,,,this run,,,,,,,,,,,,,,,,,,,
059003.000550,106306.4927,0,158,15,5,10,16,12,2.309,12.762,-10.378,2.558,1.429,356.3,0,,,,,,,this run,,,,,,,,,,,,,,,,,,,
059003.000552,106394.1145,0,53,14,7,7,14,5,28.382,37.643,-9.145,2.471,0.887,356.3,0,,,,,,,this run,,,,,,,,,,,,,,,,,,,
059003.000343,106665.0811,0,161,6,5,1,17,11,14.994,19.216,-4.084,-0.247,0.0,442.0,0,,,,,,,this run,,,,,,,,,,,,,,,,,,,
059003.000344,106745.6216,0,137,6,5,1,22,16,11.595,14.56,-2.912,-0.586,0.0,442.0,0,,,,,,,this run,,,,,,,,,,,,,,,,,,,
059003.000345,107081.9144,0,151,14,8,6,21,12,34.288,40.231,-5.675,5.006,0.0,442.0,0,,,,,,,this run,,,,,,,,,,,,,,,,,,,
059003.000554,107177.8594,0,151,16,4,12,18,6,9.533,20.165,-10.681,-0.83,3.193,356.3,0,,,,,,,this run,,,,,,,,,,,,,,,,,,,
059003.000555,107223.1908,0,160,11,6,5,24,15,21.183,27.087,-5.746,-1.657,0.0,442.0,0,,,,,,,this run,,,,,,,,,,,,,,,,,,,
059003.000556,107262.7557,0,143,13,5,8,18,11,5.423,13.481,-8.018,3.231,1.823,356.3,0,,,,,,,this run,,,,,,,,,,,,,,,,,,,
059003.000346,107299.0512,0,160,14,6,8,25,15,9.784,19.476,-9.602,-1.847,0.525,356.3,0,,,,,,,this run,,,,,,,,,,,,,,,,,,,
059003.000557,107403.9571,0,120,10,5,5,19,12,16.263,22.804,-6.422,0.885,0.563,356.3,0,,,,,,,this run,,,,,,,,,,,,,,,,,,,
059003.000558,107697.0573,0,123,20,7,13,14,7,16.618,25.842,-9.066,0.116,1.356,356.3,0,,,,,,,this run,,,,,,,,,,,,,,,,,,,
059003.000559,107978.5314,0,82,7,5,2,10,2,20.508,25.619,-4.944,1.845,1.438,356.3,0,,,,,,,this run,,,,,,,,,,,,,,,,,,,
059003.000348,108559.4344,0,117,16,10,6,25,16,23.738,31.213,-7.652,0.439,0.126,356.3,0,,,,,,,this run,,,,,,,,,,,,,,,,,,,
059003.000560,108574.017,0,149,17,6,11,22,12,17.343,26.942,-9.598,-0.186,0.0,356.3,0,,,,,,,this run,,,,,,,,,,,,,,,,,,,
059003.000563,113854.4011,0,130,15,8,7,20,11,14.843,21.064,-6.057,0.282,0.0,2717.2,0,,,,,,,this run,,,,,,,,,,,,,,,,,,,
059003.000565,118967.512,0,133,15,9,6,24,17,21.489,27.416,-5.756,2.294,0.0,2717.2,0,,,,,,,this run,,,,,,,,,,,,,,,,,,,
059003.000567,122932.7939,0,77,10,5,5,9,4,10.461,14.079,-3.455,0.018,0.0,2717.2,0,,,,,,,this run,,,,,,,,,,,,,,,,,,,
059003.000569,125145.2774,0,39,4,3,1,4,1,9.9,12.134,-2.12,2.303,0.0,2717.2,0,,,,,,,this run,,,,,,,,,,,,,,,,,,,
059003.000570,126743.3076,0,117,7,6,1,16,7,17.879,20.607,-2.525,2.559,0.0,2717.2,0,,,,,,,this run,,,,,,,,,,,,,,,,,,,
059003.000571,129009.181,0,149,14,8,6,24,17,9.64,18.403,-8.735,-0.864,0.0,478.0,0,,,,,,,this run,,,,,,,,,,,,,,,,,,,
059003.000419,129105.9238,0,153,17,7,10,17,6,19.781,30.213,-10.309,-0.393,2.7,478.0,0,,,,,,,this run,,,,,,,,,,,,,,,,,,,
059003.000574,129934.4591,0,124,12,6,6,14,5,10.481,17.856,-7.986,-4.602,0.0,644.6,0,,,,,,,this run,,,,,,,,,,,,,,,,,,,
059003.000420,131200.1501,0,124,23,11,12,17,7,21.207,30.487,-9.107,1.183,0.0,478.0,0,,,,,,,this run,,,,,,,,,,,,,,,,,,,
059003.000421,131226.0501,0,156,23,15,8,29,10,47.367,54.843,-7.535,3.999,0.0,478.0,0,,,,,,,this run,,,,,,,,,,,,,,,,,,,
059003.000576,131788.0686,0,83,12,7,5,13,8,10.609,15.736,-5.0,2.348,0.0,644.6,0,,,,,,,this run,,,,,,,,,,,,,,,,,,,
059003.000577,132070.1403,0,85,12,6,6,12,7,8.56,13.849,-5.175,3.371,0.0,644.6,0,,,,,,,this run,,,,,,,,,,,,,,,,,,,
059003.000426,133392.8984,0,77,18,12,6,18,6,32.79,37.82,-5.505,0.513,0.0,478.0,0,,,,,,,this run,,,,,,,,,,,,,,,,,,,
059003.000427,133503.7229,0,120,18,12,6,18,6,35.274,41.26,-6.193,-0.211,0.0,478.0,0,,,,,,,this run,,,,,,,,,,,,,,,,,,,
059003.000578,134407.0189,0,117,7,6,1,18,9,18.005,20.362,-2.351,-1.715,0.0,141.5,0,,,,,,,this run,,,,,,,,,,,,,,,,,,,
059003.000579,134402.2225,0,79,6,4,2,13,6,19.854,21.739,-1.721,3.546,0.0,141.5,0,,,,,,,this run,,,,,,,,,,,,,,,,,,,
059003.000580,134403.1253,0,125,6,5,1,16,9,10.566,12.944,-2.428,-0.847,0.0,141.5,0,,,,,,,this run,,,,,,,,,,,,,,,,,,,
059003.000581,134405.5253,0,139,6,4,2,15,11,9.971,13.116,-3.06,3.09,0.0,141.5,0,,,,,,,this run,,,,,,,,,,,,,,,,,,,
059003.000582,134426.0355,0,146,4,4,0,23,16,13.059,14.749,-1.796,-0.147,0.0,141.5,0,,,,,,,this run,,,,,,,,,,,,,,,,,,,
059003.000583,134428.8511,0,73,4,3,1,11,6,17.931,19.304,-1.27,4.225,0.0,141.5,0,,,,,,,this run,,,,,,,,,,,,,,,,,,,
059003.000584,134433.6087,0,44,7,4,3,6,1,19.401,21.156,-1.589,2.559,0.0,141.5,0,,,,,,,this run,,,,,,,,,,,,,,,,,,,
059003.000588,134480.8024,0,136,4,3,1,21,11,12.41,15.33,-2.766,-2.904,0.0,141.5,0,,,,,,,this run,,,,,,,,,,,,,,,,,,,
059003.000590,134492.8769,0,43,2,1,1,3,1,6.265,7.239,-0.922,2.013,0.0,141.5,0,,,,,,,this run,,,,,,,,,,,,,,,,,,,
059003.000428,135445.1108,0,158,15,8,7,22,11,12.548,17.583,-5.539,0.042,0.0,478.0,0,,,,,,,this run,,,,,,,,,,,,,,,,,,,
059003.000429,135868.5556,0,150,14,10,4,20,12,18.836,24.127,-5.299,-2.042,0.0,478.0,0,,,,,,,this run,,,,,,,,,,,,,,,,,,,
059003.000593,136555.5235,0,114,9,5,4,18,8,13.409,17.273,-3.779,-0.64,0.0,141.5,0,,,,,,,this run,,,,,,,,,,,,,,,,,,,
059003.000594,136558.0919,0,78,9,5,4,13,4,14.167,17.259,-3.435,-3.837,0.0,141.5,0,,,,,,,this run,,,,,,,,,,,,,,,,,,,
059003.000595,136559.6827,0,45,8,3,5,6,3,12.592,16.736,-4.058,2.589,1.357,141.5,0,,,,,,,this run,,,,,,,,,,,,,,,,,,,
059003.000596,136570.8638,0,119,8,5,3,20,9,16.478,21.006,-4.337,-0.974,0.0,141.5,0,,,,,,,this run,,,,,,,,,,,,,,,,,,,
059003.000597,136572.244,0,151,9,6,3,26,12,16.005,19.128,-2.943,-3.329,0.0,141.5,0,,,,,,,this run,,,,,,,,,,,,,,,,,,,
059003.000598,136589.359,0,18,4,2,2,3,0,10.971,12.947,-1.89,3.145,0.0,141.5,0,,,,,,,this run,,,,,,,,,,,,,,,,,,,
059003.000601,136596.687,0,144,8,5,3,17,7,16.972,21.057,-3.91,-0.967,0.0,141.5,0,,,,,,,this run,,,,,,,,,,,,,,,,,,,
059003.000606,136650.8244,0,15,3,2,1,3,1,8.98,10.193,-1.118,2.098,0.0,141.5,0,,,,,,,this run,,,,,,,,,,,,,,,,,,,
059003.000607,138788.5903,0,82,10,7,3,15,5,24.219,26.525,-2.448,-0.354,0.0,141.5,0,,,,,,,this run,,,,,,,,,,,,,,,,,,,
059003.000608,138787.966,0,40,8,5,3,6,1,20.491,22.727,-2.419,0.001,0.0,141.5,0,,,,,,,this run,,,,,,,,,,,,,,,,,,,
059003.000609,138794.6036,0,44,7,3,4,7,3,17.413,21.407,-3.829,2.946,0.0,141.5,0,,,,,,,this run,,,,,,,,,,,,,,,,,,,
059003.000610,138796.5283,0,18,7,5,2,6,2,17.979,19.128,-1.017,2.641,0.0,141.5,0,,,,,,,this run,,,,,,,,,,,,,,,,,,,
059003.000612,138799.9165,0,117,9,5,4,16,9,11.127,14.953,-3.666,-0.85,0.241,141.5,0,,,,,,,this run,,,,,,,,,,,,,,,,,,,
059003.000614,138822.4068,0,110,7,5,2,16,9,5.652,9.062,-3.408,-1.06,1.181,141.5,0,,,,,,,this run,,,,,,,,,,,,,,,,,,,
059003.000615,138827.7441,0,5,3,2,1,2,0,12.116,13.067,-0.853,3.709,0.0,141.5,0,,,,,,,this run,,,,,,,,,,,,,,,,,,,
059003.000618,138874.9001,0,149,8,4,4,18,12,10.238,14.769,-4.391,-0.527,0.0,141.5,0,,,,,,,this run,,,,,,,,,,,,,,,,,,,
059003.000619,138883.7804,0,131,6,3,3,21,11,9.501,13.003,-3.36,-1.535,0.0,141.5,0,,,,,,,this run,,,,,,,,,,,,,,,,,,,
059003.000621,138895.9299,0,5,3,2,1,3,0,13.043,13.722,-0.583,3.225,0.0,141.5,0,,,,,,,this run,,,,,,,,,,,,,,,,,,,
059003.000623,132957.9683,0,109,11,8,3,18,13,11.407,15.264,-3.749,0.679,1.016,620.2,0,,,,,,,this run,,,,,,,,,,,,,,,,,,,
059003.000624,116617.0832,0,96,39,19,20,22,13,9.215,24.699,-15.34,1.917,3.543,620.2,0,,,,,,,this run,,,,,,,,,,,,,,,,,,,
059003.000625,108117.2415,0,160,15,5,10,17,10,5.474,15.471,-10.334,-2.639,0.585,356.3,0,,,,,,,this run,,,,,,,,,,,,,,,,,,,
059003.000626,92091.7064,0,129,26,13,13,21,8,16.436,30.123,-13.489,5.237,0.432,1832.6,0,,,,,,,this run,,,,,,,,,,,,,,,,,,,
059003.000627,91197.8457,0,97,26,16,10,22,9,20.187,29.154,-8.914,2.688,0.0,1832.6,0,,,,,,,this run,,,,,,,,,,,,,,,,,,,
059003.000628,117712.658,0,124,30,11,19,21,12,24.526,38.104,-13.438,2.58,0.166,253.8,0,,,,,,,this run,,,,,,,,,,,,,,,,,,,
059003.000629,90481.3227,0,126,27,15,12,24,11,11.873,21.642,-9.729,-2.445,0.185,1832.6,0,,,,,,,this run,,,,,,,,,,,,,,,,,,,
059003.000630,116074.9869,0,81,20,14,6,22,9,41.847,48.037,-6.163,-1.165,0.181,253.8,0,,,,,,,this run,,,,,,,,,,,,,,,,,,,
059003.000631,70477.8518,0,67,16,9,7,13,4,32.885,37.37,-4.467,4.08,0.0,1360.7,0,,,,,,,this run,,,,,,,,,,,,,,,,,,,
059003.000632,131910.5184,0,127,17,6,11,12,5,9.209,19.002,-10.625,-1.3,2.088,644.6,0,,,,,,,this run,,,,,,,,,,,,,,,,,,,
059003.000633,82084.0615,0,147,18,10,8,21,12,14.045,21.896,-9.453,-4.002,0.298,1360.7,0,,,,,,,this run,,,,,,,,,,,,,,,,,,,
059003.000634,119809.2841,0,110,15,12,3,19,13,21.231,25.023,-3.71,0.103,0.0,253.8,0,,,,,,,this run,,,,,,,,,,,,,,,,,,,
059003.000635,119998.5024,0,125,22,13,9,22,14,23.329,30.671,-7.252,-0.749,0.0,253.8,0,,,,,,,this run,,,,,,,,,,,,,,,,,,,
059003.000636,134074.2944,0,142,13,8,5,21,15,8.704,13.829,-5.189,0.405,0.0,478.0,0,,,,,,,this run,,,,,,,,,,,,,,,,,,,
059003.000637,133624.3798,0,104,11,5,6,16,10,15.174,20.035,-4.718,1.354,0.0,620.2,0,,,,,,,this run,,,,,,,,,,,,,,,,,,,
059003.000638,132903.1986,0,108,11,7,4,15,7,15.423,19.817,-4.394,1.035,0.0,620.2,0,,,,,,,this run,,,,,,,,,,,,,,,,,,,
059003.000639,131776.3563,0,159,16,6,10,17,10,10.065,19.268,-9.101,2.097,2.189,644.6,0,,,,,,,this run,,,,,,,,,,,,,,,,,,,
059003.000640,116327.4484,0,94,17,8,9,21,9,7.535,15.957,-8.405,-1.469,1.756,253.8,0,,,,,,,this run,,,,,,,,,,,,,,,,,,,
059003.000641,83426.2248,0,30,10,7,3,10,5,22.082,24.331,-2.109,2.684,0.0,652.0,0,,,,,,,this run,,,,,,,,,,,,,,,,,,,
059003.000642,49653.8796,0,53,16,9,7,14,3,41.276,46.555,-5.082,1.042,0.0,580.9,0,,,,,,,this run,,,,,,,,,,,,,,,,,,,
059003.000643,84592.0686,0,30,10,8,2,10,0,31.862,33.32,-1.36,3.571,0.0,652.0,0,,,,,,,this run,,,,,,,,,,,,,,,,,,,
059003.000644,97740.2202,0,84,14,11,3,17,6,27.153,30.657,-3.315,5.962,0.0,1832.6,0,,,,,,,this run,,,,,,,,,,,,,,,,,,,
059003.000645,72705.8603,0,33,10,7,3,8,2,17.085,19.784,-3.523,-3.215,0.0,1360.7,0,,,,,,,this run,,,,,,,,,,,,,,,,,,,
059003.000646,94876.549,0,93,27,11,16,17,4,18.324,31.28,-12.769,3.396,1.945,1832.6,0,,,,,,,this run,,,,,,,,,,,,,,,,,,,
059003.000647,71767.2391,0,67,20,7,13,11,2,10.999,21.697,-12.156,-9.284,2.248,1360.7,0,,,,,,,this run,,,,,,,,,,,,,,,,,,,
059003.000648,131665.0305,0,129,18,5,13,13,5,6.108,17.057,-11.081,1.538,0.702,644.6,0,,,,,,,this run,,,,,,,,,,,,,,,,,,,
059003.000650,119552.582,0,99,14,7,7,20,10,15.43,21.697,-6.508,-1.469,0.0,2717.2,0,,,,,,,this run,,,,,,,,,,,,,,,,,,,
059003.000651,129454.446,0,154,13,6,7,14,6,14.123,20.431,-6.209,0.818,0.0,644.6,0,,,,,,,this run,,,,,,,,,,,,,,,,,,,
059003.000653,68890.1947,0,67,13,8,5,14,5,17.333,21.569,-4.157,-2.255,2.258,1360.7,0,,,,,,,this run,,,,,,,,,,,,,,,,,,,
059003.000654,84588.6751,0,99,20,10,10,13,5,22.194,29.936,-7.595,2.316,0.0,1360.7,0,,,,,,,this run,,,,,,,,,,,,,,,,,,,
059003.000655,117889.2143,0,103,21,10,11,16,5,20.109,27.136,-6.862,3.021,0.0,2717.2,0,,,,,,,this run,,,,,,,,,,,,,,,,,,,
059003.000656,85186.726,0,133,16,8,8,23,12,15.626,20.611,-4.853,5.165,0.0,1360.7,0,,,,,,,this run,,,,,,,,,,,,,,,,,,,
059003.000657,90050.1237,0,101,23,8,15,18,9,3.243,15.687,-12.499,4.376,1.831,1832.6,0,,,,,,,this run,,,,,,,,,,,,,,,,,,,
059003.000658,90321.0114,0,64,17,11,6,18,6,20.311,24.828,-4.359,2.429,0.0,1832.6,0,,,,,,,this run,,,,,,,,,,,,,,,,,,,
059003.000659,95003.7922,0,63,13,11,2,17,5,30.394,33.78,-3.159,3.375,0.0,1832.6,0,,,,,,,this run,,,,,,,,,,,,,,,,,,,
059003.000660,87829.74,0,98,22,10,12,11,4,14.351,21.712,-7.779,0.151,0.306,1832.6,0,,,,,,,this run,,,,,,,,,,,,,,,,,,,
059003.000661,136902.6957,0,120,12,8,4,20,10,13.479,17.726,-4.313,-5.177,0.0,644.6,0,,,,,,,this run,,,,,,,,,,,,,,,,,,,
059003.000662,133945.3763,0,43,9,6,3,7,1,14.82,18.316,-3.403,0.913,0.0,644.6,0,,,,,,,this run,,,,,,,,,,,,,,,,,,,
059003.000663,134004.0763,0,82,16,8,8,17,9,8.025,14.198,-6.101,-1.341,4.326,644.6,0,,,,,,,this run,,,,,,,,,,,,,,,,,,,
059003.000664,134696.6303,0,153,13,5,8,13,5,12.388,19.518,-6.975,1.797,0.0,644.6,0,,,,,,,this run,,,,,,,,,,,,,,,,,,,
059003.000665,84914.9299,0,96,14,8,6,15,9,8.977,16.278,-7.253,1.938,0.0,1832.6,0,,,,,,,this run,,,,,,,,,,,,,,,,,,,
059003.000666,134427.6756,0,146,5,4,1,18,12,12.286,16.379,-3.967,-0.61,0.0,141.5,0,,,,,,,this run,,,,,,,,,,,,,,,,,,,
059003.000668,111600.5417,0,139,11,7,4,19,12,9.888,14.899,-4.895,2.086,0.0,356.3,0,,,,,,,this run,,,,,,,,,,,,,,,,,,,
059003.000669,107755.29,0,149,21,9,12,22,14,11.943,20.717,-8.596,-3.713,0.1,356.3,0,,,,,,,this run,,,,,,,,,,,,,,,,,,,
059003.000670,121655.5319,0,140,17,6,11,19,14,8.831,16.867,-7.898,-0.005,0.524,2717.2,0,,,,,,,this run,,,,,,,,,,,,,,,,,,,
059003.000671,110846.1202,0,135,14,7,7,29,17,13.96,19.793,-5.829,-2.52,0.0,356.3,0,,,,,,,this run,,,,,,,,,,,,,,,,,,,
059003.000672,119498.5872,0,135,17,9,8,22,16,8.381,14.548,-6.604,-0.11,1.215,2717.2,0,,,,,,,this run,,,,,,,,,,,,,,,,,,,
059003.000674,75481.214,0,33,11,6,5,7,1,16.246,19.451,-3.413,-2.396,1.422,1360.7,0,,,,,,,this run,,,,,,,,,,,,,,,,,,,
059003.000675,118292.503,0,132,12,6,6,17,10,10.846,16.769,-5.744,1.13,0.0,2717.2,0,,,,,,,this run,,,,,,,,,,,,,,,,,,,
059003.000679,123577.3676,0,112,10,7,3,14,7,18.57,22.176,-3.462,0.946,0.0,2717.2,0,,,,,,,this run,,,,,,,,,,,,,,,,,,,
059003.000680,122956.0116,0,108,12,7,5,18,12,9.218,14.111,-4.746,-1.299,0.0,442.0,0,,,,,,,this run,,,,,,,,,,,,,,,,,,,
059003.000681,120014.8442,0,134,21,7,14,22,13,10.447,18.363,-7.718,-0.798,0.0,2717.2,0,,,,,,,this run,,,,,,,,,,,,,,,,,,,
059003.000682,141110.3764,0,107,7,5,2,14,8,8.57,11.152,-2.478,2.521,0.0,289.7,0,,,,,,,this run,,,,,,,,,,,,,,,,,,,
059003.000683,127453.4854,0,151,16,7,9,14,4,21.623,28.245,-6.412,0.333,0.0,2717.2,0,,,,,,,this run,,,,,,,,,,,,,,,,,,,
